milestones_total,milestones_completed,milestones_completion_pct,milestones_on_time_pct,time_elapsed_pct,schedule_variance,delivery_velocity,budget_used_pct,budget_efficiency,resource_availability,resource_availability_code,collaborators,sdg_confidence_avg,project_status
13,7,0.5745,0.2706,0.5741,0.0003,12.192,46.82,1.2012,High,2,3,0.703,On Track
15,13,0.8547,0.8361,0.7715,0.0832,16.8499,57.83,1.4529,High,2,11,0.301,On Track
4,1,0.3205,0.658,0.5381,-0.2176,1.8585,37.61,0.83,High,2,2,0.483,At Risk
20,8,0.4165,0.466,0.1516,0.2649,52.7646,54.79,0.7467,Low,0,2,0.936,At Risk
14,0,0.0322,0.0073,0.1109,-0.0787,0.0,36.85,0.0852,Medium,1,10,0.772,At Risk
4,1,0.2379,0.5238,0.2932,-0.0553,3.4108,37.64,0.6156,Low,0,9,0.944,At Risk
9,1,0.0844,0.4885,0.1268,-0.0424,7.8858,69.38,0.1199,High,2,1,0.659,At Risk
5,5,0.9066,1.0,0.8443,0.0623,5.9224,49.29,1.8026,High,2,7,0.436,On Track
16,10,0.6082,0.5989,0.6196,-0.0113,16.1398,33.24,1.7763,Medium,1,2,0.778,On Track
10,10,0.99,0.9665,0.8439,0.1461,11.8498,91.39,1.0716,High,2,2,0.522,On Track
20,11,0.5324,0.6919,0.5967,-0.0644,18.4332,42.75,1.2169,Medium,1,7,0.771,At Risk
4,2,0.4966,0.454,0.3519,0.1446,5.6831,27.73,1.7286,High,2,10,0.784,On Track
6,2,0.3222,0.1521,0.5227,-0.2005,3.8266,26.32,1.1792,Low,0,4,0.858,At Risk
23,14,0.624,0.8931,0.6219,0.0022,22.5126,43.78,1.3935,Medium,1,11,0.947,On Track
21,18,0.8575,0.8714,0.7957,0.0618,22.6207,64.67,1.3058,Medium,1,1,0.619,On Track
21,9,0.4205,0.2774,0.4342,-0.0136,20.7298,22.67,1.7767,Medium,1,10,0.902,On Track
15,11,0.7454,0.3985,0.5625,0.1829,19.5565,51.79,1.412,Medium,1,1,0.534,On Track
10,4,0.3926,0.083,0.7005,-0.3079,5.7106,7.97,4.374,Low,0,1,0.659,At Risk
20,12,0.6173,0.5072,0.8188,-0.2015,14.6551,45.8,1.3189,Medium,1,3,0.722,At Risk
12,5,0.3842,0.4702,0.3129,0.0713,15.9805,27.29,1.3581,High,2,7,0.714,On Track
7,5,0.7498,0.747,0.7839,-0.0341,6.3786,32.35,2.2479,Low,0,9,0.877,On Track
6,4,0.6417,0.466,0.5822,0.0595,6.8705,72.25,0.876,High,2,10,0.786,On Track
12,4,0.3478,0.5188,0.3449,0.0029,11.5968,73.94,0.4642,High,2,9,0.911,At Risk
24,8,0.3147,0.4641,0.3849,-0.0702,20.7859,41.7,0.7369,Medium,1,3,0.958,At Risk
6,2,0.3454,0.2401,0.336,0.0094,5.9523,27.75,1.2014,Medium,1,10,0.867,On Track
21,8,0.3802,0.6985,0.4683,-0.0882,17.0815,5.3,6.0388,Medium,1,11,0.641,At Risk
9,2,0.1992,0.0797,0.2038,-0.0046,9.8142,48.53,0.4022,Medium,1,6,0.855,At Risk
6,4,0.7345,0.7567,0.5946,0.1399,6.7276,45.81,1.5689,Medium,1,9,0.897,On Track
25,8,0.3209,0.0259,0.4131,-0.0922,19.3678,58.72,0.5373,Low,0,2,0.758,At Risk
21,7,0.3196,0.144,0.5658,-0.2462,12.3708,63.7,0.494,High,2,1,0.818,At Risk
22,0,0.0,0.06,0.1719,-0.1719,0.0,7.23,0.0,Medium,1,4,0.698,At Risk
18,15,0.8371,0.5398,0.4413,0.3958,33.9896,39.06,2.0898,High,2,11,0.447,On Track
20,9,0.4356,0.3298,0.5535,-0.1179,16.2601,32.52,1.2998,Medium,1,7,0.651,At Risk
13,6,0.4468,0.7789,0.5313,-0.0845,11.2925,58.67,0.7488,High,2,8,0.548,At Risk
21,7,0.333,0.3669,0.252,0.081,27.7752,3.0,8.3246,Medium,1,8,0.757,On Track
14,4,0.2603,0.3034,0.3931,-0.1328,10.1768,6.97,3.2669,Low,0,5,0.805,At Risk
10,7,0.7178,0.8278,0.5997,0.1182,11.673,30.37,2.2884,Medium,1,3,0.9,On Track
25,8,0.3281,0.5576,0.4526,-0.1245,17.677,40.92,0.7825,Low,0,4,0.739,At Risk
5,0,0.0,0.0014,0.02,-0.02,0.0,5.52,0.0,Low,0,10,0.732,At Risk
12,6,0.4709,0.4186,0.3854,0.0855,15.567,49.04,0.9412,High,2,9,0.377,On Track
18,5,0.2838,0.4933,0.218,0.0657,22.9341,39.86,0.6945,Medium,1,6,0.832,At Risk
17,17,0.9807,1.0,0.98,0.0007,17.3469,27.22,3.4748,High,2,5,0.619,On Track
22,6,0.2734,0.2528,0.3094,-0.036,19.3919,50.59,0.53,Low,0,2,0.463,At Risk
6,6,0.99,0.8544,0.8685,0.1215,6.9085,49.15,1.9741,Low,0,9,0.874,Excellent
16,11,0.7152,0.6529,0.6005,0.1147,18.3172,72.48,0.9733,Medium,1,3,0.838,On Track
13,6,0.4248,0.7062,0.1961,0.2287,30.6009,47.92,0.8684,Medium,1,3,0.892,On Track
18,8,0.4624,0.6358,0.7293,-0.2669,10.969,3.0,11.5607,High,2,7,0.849,At Risk
4,0,0.0,0.1174,0.0923,-0.0923,0.0,41.58,0.0,Low,0,11,0.68,At Risk
5,2,0.3508,0.4217,0.3125,0.0384,6.4005,36.51,0.9353,High,2,9,0.901,On Track
21,10,0.4819,0.6985,0.34,0.1419,29.4116,3.0,12.047,High,2,6,0.702,On Track
13,4,0.3273,0.4233,0.4519,-0.1246,8.8519,20.09,1.552,Medium,1,12,0.56,At Risk
14,14,0.99,0.9187,0.7855,0.2045,17.823,71.82,1.3595,High,2,10,0.831,On Track
18,12,0.68,0.7723,0.7612,-0.0812,15.7655,55.84,1.1963,Medium,1,10,0.8,At Risk
17,15,0.8989,0.8116,0.6508,0.2481,23.0478,48.24,1.8257,High,2,2,0.891,On Track
5,0,0.0705,0.4954,0.1125,-0.042,0.0,42.42,0.1625,Medium,1,5,0.911,At Risk
18,3,0.1805,0.0366,0.2144,-0.0339,13.9957,17.11,0.9969,Low,0,12,0.843,On Track
24,14,0.598,0.6169,0.4888,0.1092,28.6401,39.43,1.4792,Medium,1,2,0.69,On Track
4,1,0.2791,0.3005,0.0995,0.1796,10.0546,48.16,0.5676,Low,0,12,0.661,At Risk
25,18,0.7039,0.526,0.8364,-0.1325,21.5211,58.97,1.1738,Low,0,5,0.769,At Risk
23,12,0.5334,0.5181,0.2916,0.2418,41.1572,55.33,0.9468,Medium,1,10,0.855,On Track
24,3,0.1302,0.0,0.3225,-0.1923,9.3028,3.0,3.2555,Low,0,8,0.753,At Risk
12,7,0.6233,0.7768,0.7247,-0.1014,9.6596,72.48,0.8483,Medium,1,12,0.773,At Risk
15,10,0.6639,0.7666,0.7303,-0.0664,13.6926,57.27,1.1393,Medium,1,11,0.936,At Risk
14,7,0.5139,0.4302,0.3634,0.1505,19.2625,35.1,1.4236,High,2,1,0.892,On Track
17,6,0.3626,0.159,0.2289,0.1337,26.2146,27.21,1.2853,Medium,1,6,0.605,On Track
8,7,0.8414,1.0,0.8546,-0.0133,8.1906,24.91,3.2475,Low,0,10,0.308,On Track
6,3,0.5365,0.7906,0.5141,0.0224,5.8353,51.68,1.0185,High,2,8,0.564,On Track
4,4,0.99,0.966,0.7228,0.2672,5.5344,44.82,2.1605,High,2,4,0.8,Excellent
12,12,0.99,0.903,0.8012,0.1888,14.978,41.33,2.339,High,2,3,0.531,Excellent
10,8,0.7756,0.8164,0.747,0.0286,10.7091,48.88,1.555,Medium,1,7,0.702,On Track
15,9,0.581,0.9298,0.4421,0.1389,20.359,54.86,1.04,High,2,8,0.902,On Track
5,2,0.3642,0.4248,0.3184,0.0458,6.2809,33.21,1.0647,Medium,1,3,0.754,On Track
17,16,0.9543,0.8251,0.8887,0.0656,18.0042,44.63,2.0912,Low,0,7,0.747,On Track
20,16,0.8171,0.8367,0.695,0.122,23.0206,45.6,1.7532,Medium,1,5,0.681,On Track
7,2,0.2942,0.1524,0.2943,-0.0001,6.7963,3.0,7.3546,Low,0,7,0.771,On Track
20,19,0.9274,0.9958,0.8443,0.0831,22.5044,68.15,1.3412,Low,0,5,0.658,On Track
25,23,0.9179,0.9425,0.6257,0.2923,36.7614,30.2,2.9424,High,2,7,0.782,Excellent
14,4,0.2569,0.1894,0.312,-0.0551,12.8188,44.74,0.5617,Medium,1,11,0.737,At Risk
15,8,0.52,0.6059,0.6288,-0.1088,12.7219,27.81,1.8052,High,2,4,0.654,At Risk
7,2,0.3047,0.5597,0.2604,0.0443,7.6795,62.09,0.483,Low,0,2,0.433,At Risk
8,3,0.4288,0.5857,0.2404,0.1883,12.4767,10.69,3.6662,High,2,3,0.912,On Track
10,4,0.3808,0.3635,0.2678,0.113,14.9366,58.78,0.637,Low,0,11,0.717,At Risk
10,1,0.1471,0.1944,0.3322,-0.1852,3.0101,43.9,0.3275,Low,0,1,0.6,At Risk
18,14,0.7623,0.7143,0.8602,-0.0979,16.2759,39.38,1.8877,High,2,10,0.731,At Risk
8,4,0.5076,0.5026,0.5955,-0.0879,6.7169,75.09,0.6671,Medium,1,5,0.671,At Risk
12,11,0.9215,1.0,0.6512,0.2703,16.8926,35.01,2.5586,Low,0,1,0.611,Excellent
7,4,0.578,0.4878,0.5215,0.0565,7.6703,87.83,0.6507,High,2,7,0.916,At Risk
20,12,0.5781,0.7601,0.5869,-0.0088,20.4462,54.67,1.0384,Medium,1,6,0.606,On Track
22,15,0.6727,0.8303,0.7313,-0.0586,20.5104,52.5,1.2574,High,2,10,0.643,At Risk
13,6,0.4492,0.4434,0.5488,-0.0996,10.9335,58.48,0.7552,Low,0,3,0.544,At Risk
25,11,0.4401,0.3079,0.2084,0.2318,52.7883,18.32,2.2783,Low,0,9,0.864,On Track
22,14,0.6427,0.3561,0.5554,0.0874,25.2081,65.63,0.9647,High,2,11,0.871,On Track
24,14,0.6012,0.577,0.6569,-0.0556,21.3137,59.34,0.9964,Medium,1,12,0.774,At Risk
4,1,0.213,0.2554,0.3774,-0.1644,2.65,33.85,0.6112,Medium,1,8,0.675,At Risk
24,13,0.5432,0.4515,0.7532,-0.21,17.2595,29.59,1.7761,Medium,1,9,0.791,At Risk
15,8,0.556,0.4353,0.4497,0.1062,17.7884,53.43,1.0215,Low,0,7,0.63,On Track
15,4,0.2476,0.2963,0.243,0.0046,16.4623,36.96,0.6522,High,2,7,0.74,At Risk
6,2,0.3783,0.6004,0.4284,-0.0501,4.6684,39.21,0.9408,Medium,1,8,0.732,At Risk
23,15,0.6663,0.6326,0.707,-0.0407,21.216,32.76,1.9737,Medium,1,7,0.863,On Track
4,3,0.6921,0.609,0.5371,0.155,5.5854,53.78,1.2634,Low,0,4,0.674,On Track
5,1,0.2781,0.0817,0.4703,-0.1922,2.1264,12.98,1.9886,Low,0,4,0.725,At Risk
17,3,0.1692,0.1317,0.2447,-0.0756,12.2583,12.09,1.2925,Low,0,3,0.614,At Risk
6,4,0.6117,0.6257,0.4223,0.1894,9.4717,64.15,0.9389,Medium,1,6,0.55,On Track
22,6,0.2754,0.2256,0.2911,-0.0157,20.6122,28.31,0.9394,High,2,1,0.686,On Track
6,3,0.4505,0.7115,0.5536,-0.103,5.4195,58.51,0.7571,Low,0,1,0.722,At Risk
21,4,0.198,0.4218,0.4182,-0.2203,9.5639,44.33,0.4367,Medium,1,3,0.944,At Risk
20,8,0.3995,0.6225,0.2655,0.134,30.1286,27.72,1.3911,Medium,1,2,0.923,On Track
14,2,0.1131,0.0844,0.2663,-0.1532,7.5104,27.12,0.4021,Medium,1,10,0.874,At Risk
3,1,0.4592,0.2758,0.4464,0.0127,2.24,49.39,0.9112,Medium,1,2,0.684,On Track
9,6,0.6516,0.6493,0.7964,-0.1448,7.5337,66.27,0.9686,Low,0,10,0.759,At Risk
15,7,0.4421,0.5075,0.3439,0.0982,20.3532,61.34,0.7092,High,2,3,0.473,At Risk
23,17,0.7425,0.7129,0.5714,0.1711,29.7507,54.39,1.3404,High,2,5,0.82,On Track
14,14,0.99,1.0,0.7963,0.1937,17.5803,43.19,2.2401,Medium,1,10,0.831,Excellent
14,3,0.2403,0.1666,0.3624,-0.1221,8.2777,59.66,0.3962,High,2,8,0.887,At Risk
6,3,0.5131,0.4241,0.5049,0.0082,5.9419,49.91,1.0079,Low,0,2,0.782,On Track
18,6,0.3239,0.3761,0.4747,-0.1508,12.6408,64.9,0.4915,Low,0,8,0.833,At Risk
18,7,0.4039,0.5867,0.5421,-0.1382,12.9125,42.23,0.9344,High,2,8,0.868,At Risk
12,6,0.5412,0.5942,0.4279,0.1133,14.0223,35.65,1.4768,High,2,2,0.817,On Track
7,6,0.8095,0.7702,0.7792,0.0303,7.7,35.49,2.2187,Low,0,2,0.953,On Track
13,13,0.9813,0.7582,0.7846,0.1967,16.5689,80.07,1.2105,High,2,12,0.781,On Track
11,5,0.4658,0.3852,0.6404,-0.1746,7.8077,58.05,0.7888,High,2,8,0.618,At Risk
25,3,0.1194,0.1158,0.1597,-0.0403,18.7825,54.81,0.214,Low,0,3,0.849,At Risk
19,0,0.0,0.0,0.239,-0.239,0.0,21.93,0.0,Medium,1,1,0.499,At Risk
9,2,0.2748,0.3824,0.2589,0.0159,7.7243,33.98,0.7856,Low,0,9,0.885,At Risk
14,7,0.4881,0.5137,0.5305,-0.0424,13.1939,56.73,0.8455,Medium,1,3,0.707,On Track
25,4,0.141,0.0409,0.2191,-0.0781,18.2533,3.82,2.9241,Low,0,9,0.706,At Risk
3,3,0.99,0.7916,0.9209,0.0691,3.2578,12.95,7.0961,Medium,1,9,0.933,On Track
12,9,0.7725,0.7702,0.8085,-0.036,11.1316,58.34,1.3019,Low,0,11,0.78,On Track
5,4,0.8395,1.0,0.6613,0.1782,6.049,24.02,3.355,High,2,12,0.655,Excellent
11,0,0.0148,0.1415,0.227,-0.2122,0.0,3.0,0.3708,High,2,9,0.476,At Risk
14,6,0.4037,0.3047,0.3786,0.0251,15.8493,3.51,8.948,High,2,3,0.753,On Track
14,11,0.7928,0.4878,0.6288,0.1639,17.4925,83.08,0.9429,Low,0,4,0.794,On Track
20,9,0.4616,0.5627,0.5913,-0.1297,15.22,56.04,0.8093,Low,0,9,0.839,At Risk
19,2,0.0982,0.0132,0.1176,-0.0194,17.0092,67.05,0.1443,Medium,1,6,0.756,At Risk
23,3,0.1256,0.3233,0.096,0.0296,31.2637,30.63,0.397,Low,0,4,0.64,At Risk
22,18,0.8259,0.8589,0.5145,0.3114,34.9835,50.08,1.6169,Medium,1,4,0.54,On Track
10,0,0.0468,0.067,0.1417,-0.0949,0.0,37.44,0.1217,Medium,1,7,0.406,At Risk
10,3,0.2631,0.2255,0.554,-0.2909,5.4148,72.44,0.3582,High,2,4,0.571,Delayed
19,12,0.6188,0.3591,0.5921,0.0267,20.2655,18.23,3.2183,Medium,1,8,0.593,On Track
14,8,0.5362,0.439,0.5924,-0.0562,13.5046,71.04,0.7443,Low,0,12,0.667,At Risk
3,2,0.7187,0.7328,0.7375,-0.0188,2.7118,32.26,2.1607,Medium,1,1,0.833,On Track
11,7,0.6308,0.6159,0.5754,0.0554,12.1662,58.7,1.0565,Medium,1,8,0.796,On Track
11,4,0.3972,0.3544,0.4493,-0.0521,8.9029,64.03,0.6107,High,2,4,0.671,At Risk
25,22,0.8606,0.8606,0.805,0.0557,27.3301,58.61,1.4439,Medium,1,10,0.733,On Track
14,5,0.3707,0.2181,0.5427,-0.172,9.2132,45.54,0.7965,Medium,1,8,0.722,At Risk
14,8,0.549,0.4819,0.5091,0.0398,15.7129,36.29,1.4721,Medium,1,6,0.641,On Track
5,4,0.7613,0.7882,0.6194,0.1419,6.4577,65.39,1.1468,Medium,1,4,0.565,On Track
6,1,0.1974,0.444,0.332,-0.1346,3.0119,50.58,0.3827,High,2,4,0.463,At Risk
18,17,0.9642,0.8395,0.8512,0.113,19.9723,35.22,2.6618,Medium,1,4,0.501,On Track
13,9,0.6862,0.5974,0.7952,-0.1091,11.3172,36.28,1.8406,Low,0,4,0.915,At Risk
18,15,0.8155,0.9523,0.721,0.0944,20.8036,79.44,1.0138,Medium,1,10,0.72,On Track
22,9,0.4206,0.3429,0.509,-0.0884,17.682,19.11,2.0917,Medium,1,1,0.62,At Risk
18,10,0.5748,0.6908,0.35,0.2248,28.571,26.16,2.1166,Low,0,11,0.648,On Track
14,6,0.4008,0.3498,0.2556,0.1453,23.4749,32.89,1.1828,Medium,1,11,0.631,On Track
5,1,0.1439,0.3345,0.11,0.0339,9.0936,42.47,0.3309,Low,0,11,0.699,At Risk
6,2,0.3124,0.5299,0.646,-0.3336,3.0959,63.66,0.4831,Medium,1,7,0.746,At Risk
25,17,0.6662,0.4836,0.6772,-0.011,25.1039,48.93,1.3344,Medium,1,4,0.726,On Track
18,13,0.735,0.7318,0.7236,0.0114,17.9656,39.16,1.8305,High,2,3,0.744,On Track
16,0,0.0,0.1306,0.1793,-0.1793,0.0,35.41,0.0,Low,0,11,0.854,At Risk
13,5,0.3831,0.3359,0.1876,0.1956,26.6545,38.88,0.9607,High,2,2,0.744,On Track
15,10,0.6614,0.7682,0.7409,-0.0794,13.4979,60.89,1.0688,Medium,1,8,0.668,At Risk
15,0,0.0,0.0,0.0621,-0.0621,0.0,26.97,0.0,Low,0,12,0.786,At Risk
5,2,0.4457,0.386,0.4157,0.03,4.8115,57.1,0.767,High,2,12,0.881,At Risk
8,3,0.3243,0.3933,0.3672,-0.0429,8.1688,43.44,0.7297,Low,0,3,0.759,At Risk
7,1,0.0766,0.0198,0.1643,-0.0877,6.0866,49.64,0.1512,Medium,1,1,0.641,At Risk
7,1,0.1533,0.1068,0.2661,-0.1128,3.7579,3.0,3.8322,Medium,1,10,0.526,At Risk
17,17,0.99,0.7629,0.8175,0.1725,20.7953,77.54,1.2605,High,2,11,0.729,On Track
7,5,0.685,0.7037,0.5821,0.1028,8.589,60.61,1.1118,Medium,1,10,0.74,On Track
22,15,0.6973,0.6182,0.9166,-0.2193,16.3651,47.91,1.4255,Medium,1,8,0.885,At Risk
24,15,0.6232,0.5208,0.7446,-0.1214,20.1449,82.99,0.7421,High,2,6,0.39,At Risk
7,5,0.7733,0.6091,0.8361,-0.0628,5.9799,112.2,0.6831,Medium,1,9,0.696,At Risk
20,6,0.3124,0.155,0.618,-0.3056,9.7085,68.69,0.4483,Low,0,3,0.793,At Risk
3,0,0.0,0.0,0.0877,-0.0877,0.0,28.46,0.0,Low,0,1,0.88,At Risk
23,8,0.3433,0.4101,0.4579,-0.1146,17.4711,7.68,3.9556,Low,0,2,0.876,At Risk
19,3,0.1489,0.1845,0.5976,-0.4487,5.02,38.31,0.3788,Medium,1,12,0.541,At Risk
7,4,0.5105,0.3669,0.5464,-0.0359,7.3207,28.68,1.7201,High,2,7,0.83,On Track
9,7,0.7624,0.8291,0.8906,-0.1282,7.8595,72.66,1.035,High,2,4,0.833,At Risk
3,1,0.3879,0.3964,0.3576,0.0303,2.7966,39.75,0.9521,Low,0,5,0.568,On Track
9,7,0.7728,0.6549,0.743,0.0297,9.4211,84.13,0.9077,High,2,5,0.25,On Track
19,10,0.5197,0.5526,0.6965,-0.1769,14.3567,10.38,4.565,Low,0,4,0.664,At Risk
21,16,0.7491,0.7317,0.9062,-0.1571,17.6559,50.91,1.4431,Medium,1,6,0.861,At Risk
11,8,0.7061,0.6507,0.628,0.0782,12.7395,30.83,2.2186,Low,0,9,0.549,On Track
16,8,0.5043,0.5568,0.7658,-0.2615,10.4466,19.21,2.4952,Low,0,3,0.416,At Risk
4,3,0.8434,0.9635,0.8044,0.0391,3.7296,35.37,2.3188,Medium,1,12,0.263,On Track
14,7,0.4843,0.4749,0.4474,0.0369,15.6464,23.05,2.0134,Low,0,8,0.774,On Track
24,0,0.0,0.0,0.1097,-0.1097,0.0,19.84,0.0,Medium,1,10,0.511,At Risk
19,15,0.8101,1.0,0.6509,0.1591,23.0436,45.28,1.7505,Low,0,7,0.859,Excellent
19,12,0.6355,0.5601,0.3074,0.3281,39.0421,61.93,1.0098,High,2,3,0.822,On Track
20,11,0.5441,0.4962,0.3053,0.2388,36.0269,34.01,1.5542,High,2,3,0.906,On Track
19,14,0.7322,0.7078,0.7788,-0.0466,17.9771,41.86,1.7083,High,2,9,0.533,On Track
3,2,0.7136,0.7358,0.684,0.0296,2.924,80.04,0.8805,High,2,8,0.664,On Track
8,5,0.6692,0.5867,0.4728,0.1964,10.5758,35.13,1.8523,High,2,10,0.932,On Track
3,0,0.0645,0.0433,0.0552,0.0093,0.0,75.43,0.0843,High,2,3,0.773,At Risk
8,2,0.2915,0.6064,0.2516,0.0399,7.9504,56.02,0.5112,Low,0,3,0.912,At Risk
18,4,0.2047,0.0746,0.4509,-0.2462,8.8708,65.27,0.3089,High,2,10,0.572,At Risk
6,4,0.6135,0.9735,0.6925,-0.0791,5.7759,83.08,0.7296,High,2,9,0.878,At Risk
4,0,0.0809,0.0683,0.1517,-0.0709,0.0,48.31,0.164,High,2,6,0.355,At Risk
24,6,0.2588,0.1752,0.3005,-0.0417,19.9695,33.42,0.7519,Medium,1,9,0.52,At Risk
19,12,0.642,0.8598,0.5897,0.0523,20.3489,21.76,2.821,Low,0,9,0.744,On Track
18,6,0.3234,0.5211,0.3329,-0.0095,18.0243,4.26,6.1483,Low,0,2,0.719,On Track
20,11,0.5313,0.4419,0.5338,-0.0025,20.6059,53.63,0.9725,Low,0,1,0.606,On Track
10,5,0.5347,0.5464,0.388,0.1468,12.8873,16.7,3.0205,Medium,1,4,0.479,On Track
11,10,0.9137,0.9069,0.6645,0.2492,15.0497,52.38,1.7117,Low,0,1,0.62,On Track
6,2,0.2646,0.0292,0.4254,-0.1609,4.7011,63.27,0.4117,High,2,9,0.634,At Risk
17,11,0.6479,0.862,0.548,0.1,20.074,63.97,0.9973,High,2,9,0.523,On Track
3,2,0.5368,0.5755,0.5056,0.0311,3.9554,38.06,1.3741,High,2,2,0.7,On Track
17,14,0.7958,0.7883,0.8663,-0.0705,16.1615,28.27,2.7186,High,2,6,0.542,At Risk
22,0,0.0,0.0,0.1043,-0.1043,0.0,10.56,0.0,Medium,1,9,0.576,At Risk
22,4,0.1979,0.3221,0.2598,-0.0619,15.3957,3.0,4.9477,Medium,1,9,0.839,At Risk
9,4,0.4932,0.2472,0.5343,-0.0411,7.4865,62.81,0.773,Medium,1,12,0.837,At Risk
11,2,0.1413,0.0754,0.2219,-0.0806,9.0127,40.69,0.3389,Medium,1,8,0.489,At Risk
19,0,0.0,0.0324,0.1314,-0.1314,0.0,63.88,0.0,Low,0,9,0.571,At Risk
18,12,0.6618,0.5911,0.743,-0.0812,16.1508,45.08,1.4362,Medium,1,9,0.872,At Risk
10,4,0.4114,0.6251,0.423,-0.0116,9.4568,78.17,0.5196,Medium,1,12,0.748,At Risk
19,15,0.7918,0.8887,0.6817,0.1101,22.0039,25.19,3.0228,High,2,5,0.7,Excellent
20,1,0.035,0.0346,0.1381,-0.1032,7.2392,27.01,0.1248,Medium,1,4,0.718,At Risk
17,6,0.3337,0.2911,0.4875,-0.1538,12.3085,31.76,1.0185,High,2,3,0.637,At Risk
16,9,0.5738,0.616,0.3569,0.217,25.2197,47.88,1.1741,Medium,1,2,0.848,On Track
15,13,0.8775,0.8709,0.7163,0.1612,18.1482,54.93,1.569,Medium,1,8,0.721,On Track
13,9,0.7105,0.7688,0.7351,-0.0246,12.2429,65.93,1.0616,High,2,2,0.759,On Track
24,17,0.7181,0.5887,0.5649,0.1532,30.0928,55.91,1.2618,High,2,4,0.884,On Track
16,3,0.1937,0.2879,0.2341,-0.0404,12.8126,58.67,0.3246,Medium,1,2,0.422,At Risk
9,6,0.6696,0.7183,0.5981,0.0714,10.0313,55.95,1.1758,Low,0,11,0.556,On Track
12,9,0.7809,0.7549,0.7122,0.0686,12.6362,49.38,1.5499,High,2,2,0.97,On Track
7,4,0.6369,0.8724,0.3543,0.2826,11.2899,28.77,2.1395,High,2,12,0.916,Excellent
23,6,0.241,0.1155,0.3297,-0.0887,18.1978,3.0,6.0253,Low,0,11,0.646,At Risk
14,1,0.039,0.0,0.0751,-0.0361,13.3139,22.37,0.1667,Low,0,3,0.786,At Risk
11,9,0.8023,0.9486,0.3817,0.4206,23.5765,50.62,1.5543,High,2,3,0.596,On Track
17,9,0.5379,0.5699,0.5622,-0.0243,16.0075,34.49,1.5156,Low,0,4,0.801,On Track
6,6,0.9879,0.8492,0.7648,0.2231,7.8451,64.8,1.5014,Low,0,7,0.653,On Track
18,7,0.4106,0.3969,0.3664,0.0442,19.1025,36.78,1.0869,High,2,3,0.837,On Track
24,11,0.4463,0.3581,0.3889,0.0574,28.282,27.65,1.5576,High,2,4,0.665,On Track
8,3,0.3455,0.2083,0.2913,0.0542,10.2988,44.14,0.7654,Medium,1,12,0.753,At Risk
16,9,0.5838,0.5307,0.5909,-0.0072,15.2298,54.34,1.0549,High,2,9,0.738,On Track
15,5,0.3296,0.0441,0.7319,-0.4023,6.8319,86.77,0.3755,Medium,1,6,0.711,Delayed
16,10,0.6021,0.5346,0.5583,0.0438,17.9111,27.09,2.1434,High,2,4,0.722,On Track
14,4,0.2646,0.3306,0.1303,0.1344,30.7057,16.16,1.5416,Low,0,6,0.738,On Track
5,2,0.3146,0.2297,0.257,0.0576,7.7815,44.86,0.6861,Low,0,12,0.731,At Risk
14,13,0.9031,0.6996,0.7657,0.1374,16.9778,31.82,2.752,High,2,1,0.722,On Track
13,6,0.4785,0.6697,0.3058,0.1727,19.6177,28.52,1.6209,Medium,1,9,0.714,On Track
17,9,0.5184,0.2008,0.4106,0.1078,21.9168,53.67,0.9483,Medium,1,8,0.8,On Track
25,2,0.0782,0.0075,0.1628,-0.0846,12.2845,32.09,0.2363,High,2,1,0.841,At Risk
15,9,0.6276,0.7232,0.322,0.3056,27.9487,40.23,1.5221,Medium,1,6,0.556,On Track
19,5,0.2755,0.1429,0.3,-0.0245,16.6682,57.34,0.4723,Low,0,10,0.699,At Risk
12,2,0.1271,0.0,0.1114,0.0157,17.9476,42.57,0.2918,Medium,1,9,0.885,At Risk
5,3,0.5334,0.4431,0.6812,-0.1478,4.4041,38.0,1.3676,High,2,2,0.909,At Risk
10,0,0.0,0.0,0.127,-0.127,0.0,49.97,0.0,Low,0,2,0.766,At Risk
5,4,0.7172,0.6938,0.2048,0.5124,19.5287,6.67,9.3481,High,2,5,0.928,On Track
11,4,0.3306,0.4992,0.6108,-0.2802,6.549,62.85,0.5177,Medium,1,1,0.611,At Risk
8,2,0.2552,0.3023,0.3713,-0.1161,5.386,57.3,0.4377,High,2,5,0.732,At Risk
7,0,0.0355,0.0,0.1781,-0.1426,0.0,3.0,0.8874,High,2,7,0.835,At Risk
24,4,0.1753,0.0,0.1687,0.0066,23.7111,11.78,1.3716,Low,0,5,0.81,On Track
15,6,0.4197,0.4556,0.5157,-0.096,11.6349,27.52,1.4718,High,2,3,0.756,At Risk
20,5,0.2697,0.0209,0.3841,-0.1144,13.0187,45.65,0.5781,High,2,9,0.681,At Risk
21,17,0.8048,0.7391,0.7424,0.0623,22.8975,23.32,3.3088,High,2,8,0.876,On Track
25,4,0.1632,0.1147,0.1121,0.051,35.6673,25.2,0.6229,Low,0,6,0.719,At Risk
5,3,0.6908,0.7489,0.6909,-0.0,4.3423,78.09,0.8734,Medium,1,5,0.931,On Track
4,3,0.6851,0.6435,0.7492,-0.0641,4.004,50.05,1.342,Medium,1,12,0.777,At Risk
8,3,0.4086,0.5118,0.4174,-0.0088,7.1866,57.58,0.6976,Medium,1,7,0.476,At Risk
5,4,0.7012,0.6519,0.872,-0.1708,4.5871,48.25,1.4238,Medium,1,5,0.574,At Risk
3,1,0.3166,0.3392,0.3785,-0.0619,2.6422,39.96,0.7728,High,2,11,0.449,At Risk
5,0,0.0296,0.0003,0.191,-0.1614,0.0,3.0,0.7412,High,2,5,0.702,At Risk
5,3,0.6387,0.6449,0.5899,0.0488,5.0852,74.38,0.8474,Medium,1,10,0.885,On Track
10,9,0.8547,0.7411,0.6151,0.2396,14.6312,8.88,8.649,Low,0,2,0.946,On Track
11,6,0.5908,0.6447,0.5755,0.0153,10.426,52.38,1.1067,Medium,1,2,0.553,On Track
17,0,0.0,0.0,0.1171,-0.1171,0.0,55.85,0.0,High,2,1,0.512,At Risk
13,1,0.0615,0.1804,0.1316,-0.0701,7.6001,23.29,0.2531,High,2,9,0.706,At Risk
16,13,0.8064,0.7334,0.7665,0.04,16.9611,40.72,1.9331,Medium,1,5,0.764,On Track
22,5,0.207,0.2446,0.0395,0.1675,126.6441,32.29,0.6218,Medium,1,3,0.437,At Risk
4,3,0.6895,0.7181,0.6665,0.0229,4.5008,61.83,1.0974,Low,0,9,0.687,On Track
25,23,0.9227,1.0,0.9295,-0.0068,24.7436,68.97,1.3187,High,2,4,0.874,On Track
6,6,0.9379,0.8554,0.8348,0.1031,7.1871,45.71,2.0079,Low,0,3,0.923,Excellent
11,6,0.5565,0.4348,0.3688,0.1877,16.2679,3.0,13.9136,Low,0,1,0.836,On Track
8,3,0.3473,0.2404,0.4493,-0.102,6.6773,72.6,0.4719,Medium,1,4,0.852,At Risk
12,6,0.4883,0.7235,0.3397,0.1486,17.6634,69.14,0.6961,High,2,11,0.938,At Risk
12,2,0.1719,0.261,0.1837,-0.0118,10.8867,38.74,0.4326,Medium,1,9,0.657,At Risk
9,7,0.7826,0.6458,0.8178,-0.0352,8.5597,130.19,0.5965,Medium,1,5,0.542,At Risk
17,9,0.5263,0.5656,0.4105,0.1158,21.9239,53.62,0.9637,Low,0,9,0.608,On Track
24,8,0.34,0.366,0.2842,0.0558,28.1483,32.07,1.0282,Medium,1,3,0.707,On Track
11,7,0.6678,0.7735,0.6723,-0.0046,10.4118,68.09,0.9665,Low,0,6,0.555,On Track
3,1,0.4903,0.4296,0.3079,0.1824,3.2473,47.77,1.0054,Medium,1,5,0.678,On Track
4,2,0.4016,0.5653,0.2076,0.194,9.6318,75.75,0.5232,Medium,1,1,0.824,At Risk
3,2,0.7755,0.574,0.8842,-0.1087,2.2619,69.28,1.1035,Low,0,12,0.58,At Risk
19,19,0.99,1.0,0.8781,0.1119,21.6365,76.8,1.2725,Low,0,9,0.765,On Track
9,7,0.7361,0.852,0.6958,0.0403,10.0609,52.19,1.384,Medium,1,9,0.983,On Track
18,13,0.6956,0.731,0.7752,-0.0796,16.7703,56.11,1.218,High,2,4,0.762,At Risk
17,13,0.7581,0.5941,0.7149,0.0431,18.1832,30.56,2.4021,High,2,2,0.748,On Track
24,4,0.1514,0.2786,0.1774,-0.0261,22.5441,55.86,0.2662,High,2,11,0.711,At Risk
16,15,0.9145,0.7284,0.8425,0.072,17.8046,40.15,2.2222,High,2,11,0.675,On Track
18,14,0.7798,0.7957,0.7338,0.0459,19.0779,39.17,1.9411,Low,0,9,0.83,On Track
15,7,0.4666,0.6046,0.3505,0.1161,19.9688,11.41,3.7607,Medium,1,9,0.853,On Track
12,5,0.4493,0.529,0.6014,-0.1521,8.3137,48.1,0.915,Low,0,12,0.292,At Risk
9,1,0.1494,0.22,0.3,-0.1506,3.3337,29.31,0.4928,Low,0,4,0.607,At Risk
13,2,0.1413,0.1847,0.2411,-0.0999,8.2947,76.92,0.1813,High,2,4,0.765,At Risk
25,9,0.3542,0.6088,0.3603,-0.0061,24.9757,33.88,1.0155,Medium,1,12,0.845,On Track
23,14,0.5913,0.6292,0.5899,0.0014,23.7329,67.7,0.8607,High,2,3,0.968,On Track
15,6,0.3775,0.6422,0.3524,0.025,17.0246,49.65,0.7452,Medium,1,6,0.846,At Risk
4,1,0.3403,0.0906,0.3964,-0.0561,2.5225,37.29,0.8889,High,2,3,0.922,At Risk
3,2,0.7058,0.7475,0.4848,0.221,4.1257,22.94,2.9485,High,2,2,0.473,On Track
23,10,0.4455,0.1405,0.5576,-0.112,17.9349,21.29,1.9988,Medium,1,12,0.82,At Risk
11,8,0.7525,0.625,0.755,-0.0025,10.5961,38.13,1.9231,Medium,1,7,0.675,On Track
8,3,0.3454,0.5756,0.2726,0.0729,11.0058,39.53,0.8523,High,2,1,0.324,On Track
5,2,0.3723,0.5743,0.4059,-0.0336,4.9273,56.62,0.6461,High,2,11,0.878,At Risk
15,0,0.0084,0.5208,0.0681,-0.0596,0.0,17.21,0.0463,High,2,9,0.838,At Risk
24,17,0.7128,0.7166,0.6815,0.0312,24.944,40.77,1.7062,Low,0,5,0.818,On Track
22,10,0.4358,0.3959,0.2996,0.1363,33.3787,46.76,0.9126,Medium,1,4,0.713,On Track
25,22,0.8918,0.7815,0.8951,-0.0034,24.5775,28.09,3.0651,Medium,1,5,0.607,On Track
4,1,0.3647,0.1476,0.5071,-0.1425,1.9718,25.58,1.3721,Medium,1,8,0.824,At Risk
8,2,0.2782,0.2351,0.4338,-0.1556,4.6106,72.5,0.3785,Medium,1,3,0.606,At Risk
11,9,0.8536,0.7185,0.6174,0.2362,14.5783,80.37,1.0491,High,2,8,0.601,On Track
3,1,0.2648,0.4742,0.3353,-0.0705,2.9822,42.2,0.613,Low,0,5,0.682,At Risk
14,7,0.5227,0.6224,0.6881,-0.1655,10.1726,12.35,3.9161,High,2,6,0.699,At Risk
20,8,0.3825,0.5667,0.3079,0.0746,25.9807,19.95,1.8259,High,2,6,0.927,On Track
10,0,0.0491,0.0,0.0537,-0.0046,0.0,20.28,0.2309,Medium,1,1,0.902,At Risk
12,6,0.4893,0.6829,0.3215,0.1679,18.6649,31.28,1.5161,Medium,1,4,0.852,On Track
14,7,0.4998,0.3583,0.5352,-0.0353,13.0802,81.98,0.6023,Low,0,3,0.77,At Risk
3,2,0.5325,0.6796,0.5364,-0.0039,3.7288,38.7,1.3412,Medium,1,6,0.498,On Track
15,8,0.553,0.5305,0.6469,-0.094,12.3658,45.81,1.1814,Low,0,2,0.524,At Risk
18,15,0.8223,0.6066,0.7802,0.0421,19.225,106.06,0.7681,Low,0,5,0.568,At Risk
19,16,0.8547,0.7639,0.6144,0.2403,26.0412,46.58,1.7964,High,2,11,0.608,On Track
9,8,0.876,0.9788,0.7647,0.1113,10.4622,29.32,2.8893,Medium,1,4,0.703,Excellent
19,13,0.7096,0.5641,0.7683,-0.0587,16.9199,51.49,1.352,Medium,1,1,0.641,At Risk
5,3,0.6766,0.7143,0.5956,0.081,5.037,64.96,1.0259,High,2,5,0.627,On Track
5,3,0.6133,0.7805,0.4934,0.1199,6.0807,36.63,1.6297,Low,0,3,0.741,On Track
15,4,0.2927,0.5871,0.2752,0.0176,14.5373,19.38,1.4363,Low,0,10,0.732,On Track
4,2,0.6105,0.5488,0.633,-0.0224,3.1598,97.92,0.6172,Medium,1,7,0.57,At Risk
3,1,0.4901,0.4894,0.5439,-0.0538,1.8386,49.37,0.9728,Low,0,5,0.82,At Risk
12,6,0.4925,0.3485,0.416,0.0765,14.4225,55.6,0.8702,Low,0,11,0.832,On Track
10,5,0.483,0.5206,0.5733,-0.0903,8.7219,28.11,1.6591,High,2,2,0.98,At Risk
21,2,0.0743,0.2469,0.1605,-0.0862,12.4628,15.62,0.4471,Medium,1,9,0.758,At Risk
7,4,0.5781,0.6413,0.5273,0.0509,7.5861,38.51,1.4635,Low,0,11,0.839,On Track
25,25,0.99,1.0,0.8446,0.1454,29.6014,46.0,2.1065,High,2,10,0.432,Excellent
15,13,0.8674,0.6621,0.726,0.1414,17.9064,56.67,1.5041,Medium,1,6,0.928,On Track
18,13,0.7396,0.6397,0.7653,-0.0257,16.9872,62.56,1.1636,Medium,1,3,0.879,On Track
12,7,0.6088,0.551,0.5768,0.032,12.1355,63.92,0.9379,High,2,12,0.678,On Track
22,16,0.7398,0.4605,0.7945,-0.0547,20.1387,25.86,2.7538,Medium,1,11,0.877,At Risk
7,4,0.5895,0.7201,0.5197,0.0698,7.697,52.87,1.0942,Low,0,1,0.559,On Track
25,16,0.6466,0.5773,0.6927,-0.0461,23.0976,75.48,0.8455,Medium,1,9,0.933,On Track
23,8,0.3309,0.3675,0.4046,-0.0736,19.7741,47.76,0.6787,Medium,1,7,0.268,At Risk
25,18,0.7061,0.2299,0.6724,0.0336,26.7692,54.15,1.2803,Low,0,9,0.764,On Track
7,4,0.5233,0.6946,0.5212,0.002,7.6739,60.23,0.8546,Medium,1,9,0.745,On Track
19,11,0.5615,0.4492,0.6266,-0.0651,17.5562,74.46,0.7441,Medium,1,10,0.662,At Risk
3,1,0.3758,0.5088,0.4586,-0.0829,2.1804,14.24,2.4655,Medium,1,11,0.85,At Risk
21,11,0.5045,0.281,0.5069,-0.0025,21.699,35.93,1.3659,High,2,12,0.877,On Track
24,9,0.3752,0.5905,0.3361,0.0392,26.7806,17.19,2.0629,High,2,12,0.548,On Track
23,15,0.6658,0.6798,0.4854,0.1805,30.9054,61.06,1.0729,Medium,1,4,0.819,On Track
5,2,0.459,0.5937,0.7569,-0.2979,2.6422,33.81,1.3187,High,2,1,0.946,At Risk
4,1,0.2301,0.2907,0.2651,-0.035,3.7728,20.45,1.0728,High,2,3,0.912,On Track
23,16,0.6865,0.4893,0.642,0.0444,24.9206,3.0,17.1618,Medium,1,6,0.918,On Track
6,1,0.2291,0.3206,0.2239,0.0052,4.4664,52.32,0.4297,Low,0,7,0.55,At Risk
17,9,0.5258,0.5785,0.6829,-0.1571,13.1794,69.67,0.744,High,2,9,0.721,At Risk
4,3,0.778,0.5689,0.629,0.1491,4.7697,37.18,2.0378,High,2,11,0.722,On Track
3,2,0.7276,0.5966,0.5359,0.1917,3.7318,50.43,1.4148,High,2,11,0.294,On Track
20,5,0.2671,0.4738,0.3447,-0.0776,14.5046,37.42,0.6953,Low,0,11,0.461,At Risk
10,7,0.6765,0.7817,0.77,-0.0935,9.0906,54.48,1.2195,Low,0,8,0.629,At Risk
11,7,0.5951,0.686,0.6439,-0.0488,10.871,47.28,1.2324,Low,0,1,0.325,On Track
17,8,0.4414,0.7062,0.4747,-0.0333,16.8534,54.44,0.7961,Medium,1,2,0.43,At Risk
19,16,0.8626,0.5817,0.6556,0.2069,24.4043,76.18,1.1175,High,2,9,0.914,On Track
5,4,0.7418,0.8858,0.6336,0.1082,6.3134,48.12,1.5102,Medium,1,11,0.978,Excellent
19,4,0.2219,0.2183,0.152,0.07,26.3179,52.75,0.4129,Medium,1,2,0.592,At Risk
18,7,0.4052,0.5479,0.4842,-0.0789,14.4574,16.76,2.2814,High,2,5,0.809,At Risk
5,3,0.5263,0.5094,0.6565,-0.1301,4.5699,44.74,1.1508,High,2,5,0.788,At Risk
10,7,0.676,0.8556,0.5241,0.1519,13.3574,62.6,1.0629,High,2,12,0.376,On Track
9,5,0.5187,0.2572,0.583,-0.0643,8.5756,39.39,1.2843,Low,0,4,0.868,At Risk
23,12,0.5312,0.5485,0.736,-0.2048,16.3047,80.78,0.6495,Medium,1,8,0.765,At Risk
18,7,0.4119,0.348,0.5554,-0.1435,12.6046,40.67,0.9885,Low,0,7,0.711,At Risk
5,0,0.0,0.121,0.2766,-0.2766,0.0,37.18,0.0,Low,0,8,0.613,At Risk
24,9,0.3583,0.4147,0.3726,-0.0143,24.1515,12.77,2.6029,High,2,5,0.965,On Track
4,4,0.8895,0.9725,0.848,0.0415,4.7172,37.29,2.3231,Low,0,10,0.659,On Track
23,19,0.8207,0.8529,0.9104,-0.0897,20.8696,66.36,1.2185,Medium,1,11,0.831,At Risk
9,2,0.2695,0.1531,0.4589,-0.1894,4.3583,9.14,2.6582,High,2,2,0.658,At Risk
22,10,0.455,0.403,0.4912,-0.0362,20.3572,48.67,0.916,Low,0,3,0.537,On Track
13,5,0.4222,0.1065,0.623,-0.2008,8.0257,74.14,0.5618,Medium,1,5,0.574,Delayed
23,23,0.99,0.9497,0.8135,0.1765,28.2736,86.6,1.1301,Medium,1,12,0.979,On Track
25,21,0.8525,0.9976,0.9533,-0.1008,22.0297,72.48,1.1602,Low,0,5,0.933,At Risk
22,12,0.542,0.6762,0.4866,0.0555,24.6616,35.75,1.4749,Medium,1,10,0.708,On Track
7,4,0.5376,0.777,0.4924,0.0452,8.1242,3.0,13.4399,Medium,1,1,0.659,On Track
18,16,0.8787,0.9625,0.673,0.2057,23.7756,43.14,1.9906,Medium,1,1,0.529,Excellent
18,9,0.5095,0.793,0.4829,0.0266,18.6384,56.52,0.8858,High,2,5,0.7,On Track
24,13,0.5289,0.229,0.5766,-0.0477,22.5475,67.08,0.7769,High,2,2,0.798,At Risk
25,0,0.0159,0.2892,0.0927,-0.0768,0.0,38.14,0.0407,Low,0,4,0.434,At Risk
24,19,0.7961,0.8976,0.9463,-0.1502,20.0781,53.02,1.4738,High,2,8,0.763,At Risk
12,0,0.0,0.0477,0.2987,-0.2987,0.0,15.35,0.0,Low,0,12,0.614,At Risk
19,6,0.3248,0.3592,0.4685,-0.1437,12.8081,23.01,1.3524,Medium,1,5,0.917,At Risk
17,9,0.5189,0.4131,0.3624,0.1565,24.8323,32.64,1.5428,Medium,1,8,0.593,On Track
17,3,0.2014,0.2353,0.3059,-0.1045,9.8068,17.13,1.111,High,2,2,0.728,At Risk
20,8,0.3841,0.4658,0.4383,-0.0543,18.2505,41.47,0.9044,Low,0,4,0.525,At Risk
12,5,0.4107,0.4381,0.6459,-0.2352,7.7412,20.45,1.915,High,2,2,0.524,At Risk
18,15,0.844,0.701,0.9567,-0.1128,15.6787,68.29,1.218,High,2,1,0.749,At Risk
12,1,0.0682,0.0,0.1391,-0.0708,7.1913,28.04,0.235,High,2,8,0.861,At Risk
5,0,0.0643,0.2778,0.1307,-0.0664,0.0,56.51,0.1118,Medium,1,9,0.737,At Risk
17,1,0.0862,0.4539,0.267,-0.1809,3.745,15.89,0.5101,Medium,1,5,0.876,At Risk
15,6,0.3681,0.2711,0.363,0.0051,16.5294,45.52,0.7913,Medium,1,4,0.912,At Risk
9,6,0.6903,0.7731,0.6125,0.0778,9.7957,39.38,1.7095,Low,0,2,0.839,On Track
21,8,0.3805,0.0,0.4444,-0.0639,18.0033,55.52,0.6731,Medium,1,2,0.87,At Risk
7,2,0.2286,0.4035,0.1296,0.099,15.4326,69.76,0.323,Medium,1,12,0.565,At Risk
19,8,0.4206,0.3174,0.3184,0.1023,25.1294,50.12,0.8229,Medium,1,5,0.738,On Track
14,4,0.2683,0.4818,0.2935,-0.0252,13.6282,14.41,1.741,High,2,3,0.655,On Track
22,11,0.5203,0.3792,0.4744,0.046,23.189,51.05,0.9998,Medium,1,11,0.792,On Track
19,14,0.7392,0.9796,0.7085,0.0307,19.7602,3.0,18.4794,Medium,1,5,0.839,On Track
6,3,0.5769,0.2817,0.5647,0.0122,5.3124,45.52,1.24,High,2,12,0.528,On Track
14,4,0.2757,0.1981,0.2863,-0.0106,13.9701,67.02,0.4053,Low,0,4,0.835,At Risk
18,6,0.3397,0.0659,0.3133,0.0263,19.1502,33.04,0.9978,Medium,1,8,0.954,On Track
15,3,0.2207,0.6087,0.6254,-0.4046,4.7972,34.16,0.6278,Medium,1,1,0.512,At Risk
8,2,0.2582,0.1057,0.2426,0.0155,8.2428,43.29,0.5829,High,2,1,0.615,At Risk
18,10,0.5431,0.6823,0.6351,-0.092,15.7467,48.3,1.1016,Low,0,11,0.531,At Risk
17,10,0.6025,0.5227,0.5253,0.0771,19.0357,74.44,0.7986,Medium,1,7,0.279,At Risk
12,7,0.5557,0.5479,0.6457,-0.09,10.8408,57.17,0.9553,Medium,1,12,0.878,At Risk
7,2,0.2266,0.2465,0.3475,-0.1209,5.7552,3.0,5.6652,Medium,1,7,0.671,At Risk
14,0,0.0238,0.0878,0.1022,-0.0784,0.0,14.65,0.1522,Medium,1,7,0.463,At Risk
13,9,0.7057,0.6335,0.7051,0.0006,12.7648,72.78,0.9565,High,2,2,0.764,On Track
13,2,0.1367,0.0893,0.1339,0.0028,14.9338,30.93,0.4282,Medium,1,1,0.878,At Risk
13,3,0.1983,0.0028,0.367,-0.1687,8.1734,12.04,1.5206,Medium,1,6,0.874,At Risk
15,15,0.99,1.0,0.8566,0.1334,17.5121,55.03,1.7668,Medium,1,2,0.751,On Track
9,0,0.0,0.1307,0.1288,-0.1288,0.0,39.25,0.0,High,2,12,0.676,At Risk
3,0,0.0604,0.136,0.3461,-0.2856,0.0,58.64,0.1013,Medium,1,12,0.714,At Risk
12,3,0.281,0.3762,0.5351,-0.2542,5.6063,75.68,0.3664,High,2,5,0.403,Delayed
14,4,0.2774,0.3469,0.3179,-0.0405,12.5809,23.54,1.1305,Medium,1,2,0.732,On Track
15,10,0.6881,0.8236,0.8465,-0.1585,11.8129,36.76,1.8221,Medium,1,7,0.637,At Risk
21,10,0.4882,0.3655,0.5012,-0.013,19.9513,89.8,0.5376,High,2,2,0.819,At Risk
14,7,0.5122,0.1495,0.5457,-0.0335,12.8276,68.74,0.7345,High,2,7,0.439,At Risk
11,6,0.5828,0.6687,0.6313,-0.0485,9.5042,31.8,1.7765,Medium,1,1,0.838,On Track
11,9,0.8329,1.0,0.5385,0.2944,16.7127,3.0,20.823,High,2,2,0.706,Excellent
4,0,0.0,0.0,0.2211,-0.2211,0.0,44.4,0.0,Low,0,11,0.663,At Risk
12,1,0.1024,0.1516,0.2057,-0.1033,4.8616,54.46,0.1846,High,2,11,0.678,At Risk
7,0,0.0,0.0,0.0746,-0.0746,0.0,26.49,0.0,Medium,1,4,0.6,At Risk
11,6,0.511,0.2326,0.5463,-0.0353,10.9831,56.24,0.8928,Medium,1,7,0.37,On Track
19,13,0.7031,0.6907,0.7562,-0.0531,17.1923,46.45,1.4817,High,2,6,0.586,At Risk
9,6,0.7144,0.7397,0.5073,0.2071,11.8273,60.6,1.1597,High,2,6,0.66,On Track
16,0,0.0,0.136,0.2969,-0.2969,0.0,39.85,0.0,High,2,1,0.888,At Risk
23,6,0.2469,0.2409,0.4447,-0.1978,13.4936,16.91,1.378,High,2,7,0.496,At Risk
20,2,0.1026,0.1023,0.2325,-0.1299,8.6025,47.47,0.2117,Medium,1,9,0.649,At Risk
9,6,0.7221,0.6014,0.7785,-0.0564,7.7072,31.08,2.2511,Medium,1,12,0.747,At Risk
5,3,0.628,0.5729,0.5209,0.107,5.759,3.18,15.0224,High,2,1,0.905,On Track
16,7,0.4269,0.8024,0.5137,-0.0868,13.627,50.04,0.8365,High,2,8,0.874,At Risk
22,20,0.894,0.9518,0.6002,0.2938,33.3204,52.39,1.6744,Low,0,3,0.777,On Track
23,11,0.459,0.4786,0.4022,0.0567,27.3469,58.0,0.7779,High,2,5,0.684,At Risk
18,7,0.3806,0.4926,0.4994,-0.1187,14.0175,15.21,2.3484,Low,0,1,0.771,At Risk
20,10,0.5208,0.6422,0.5388,-0.018,18.5602,67.4,0.7613,High,2,3,0.645,At Risk
8,3,0.405,0.4624,0.4312,-0.0262,6.9571,68.51,0.5827,Medium,1,8,0.597,At Risk
16,6,0.3798,0.3746,0.2653,0.1145,22.619,41.22,0.8994,High,2,6,0.762,On Track
12,0,0.0,0.0,0.0834,-0.0834,0.0,34.1,0.0,Low,0,5,0.874,At Risk
11,7,0.6739,0.5618,0.605,0.0688,11.5698,37.53,1.7489,Medium,1,12,0.336,On Track
23,23,0.99,1.0,0.8986,0.0914,25.5964,62.7,1.5542,Medium,1,5,0.397,On Track
15,4,0.2434,0.3846,0.2971,-0.0537,13.4649,82.74,0.2906,Low,0,11,0.582,At Risk
10,3,0.321,0.5262,0.2262,0.0949,13.2639,50.95,0.618,Medium,1,5,0.717,At Risk
18,5,0.2893,0.2245,0.1119,0.1774,44.6899,17.79,1.5391,High,2,9,0.752,On Track
24,18,0.7558,0.6569,0.7497,0.0061,24.0086,10.13,6.7936,High,2,7,0.403,On Track
6,3,0.4257,0.0912,0.432,-0.0063,6.9437,82.1,0.5123,High,2,3,0.498,At Risk
23,4,0.1775,0.1375,0.2768,-0.0993,14.4499,49.19,0.3538,Medium,1,3,0.872,At Risk
5,0,0.0753,0.0,0.0826,-0.0072,0.0,44.54,0.1654,Medium,1,4,0.651,At Risk
19,11,0.5628,0.5826,0.6934,-0.1305,15.8646,59.56,0.9294,Medium,1,8,0.595,At Risk
20,6,0.3241,0.0,0.2506,0.0734,23.938,114.89,0.2796,Medium,1,4,0.475,At Risk
17,6,0.3716,0.3755,0.3355,0.0362,17.8848,54.24,0.6727,High,2,6,0.792,At Risk
17,6,0.3708,0.202,0.3543,0.0164,16.9335,47.34,0.7669,High,2,7,0.731,At Risk
7,7,0.99,1.0,0.9163,0.0737,7.6395,64.46,1.5125,High,2,9,0.729,On Track
9,6,0.6415,0.8332,0.8253,-0.1838,7.2697,73.36,0.8627,Low,0,4,0.65,At Risk
5,1,0.2436,0.2842,0.3814,-0.1379,2.6216,81.27,0.2961,Medium,1,3,0.891,At Risk
13,10,0.7309,0.6173,0.7065,0.0244,14.155,87.75,0.8235,Medium,1,9,0.735,On Track
5,4,0.8215,0.8138,0.9471,-0.1256,4.2233,36.41,2.196,Low,0,6,0.743,At Risk
10,2,0.1555,0.0,0.4123,-0.2568,4.8508,86.68,0.1773,Low,0,6,0.824,Delayed
11,6,0.5862,0.5784,0.6754,-0.0892,8.8841,56.77,1.0146,Low,0,10,0.951,At Risk
9,6,0.6191,0.7862,0.4512,0.1679,13.2964,23.76,2.5001,Low,0,1,0.865,On Track
16,8,0.5048,0.4528,0.7482,-0.2434,10.693,43.08,1.1452,High,2,7,0.795,At Risk
16,4,0.2297,0.2493,0.2142,0.0155,18.6712,37.9,0.5905,High,2,12,0.767,At Risk
19,12,0.6529,0.7417,0.864,-0.2111,13.8889,65.43,0.9828,High,2,4,0.747,At Risk
15,4,0.2756,0.2471,0.501,-0.2254,7.9843,27.93,0.9527,Low,0,5,0.933,At Risk
13,10,0.7417,0.8149,0.9658,-0.2241,10.3541,66.11,1.1053,Low,0,1,0.617,At Risk
18,7,0.3842,0.3119,0.1225,0.2617,57.1315,22.19,1.6571,Medium,1,5,0.506,On Track
21,7,0.3505,0.2452,0.3134,0.0371,22.3359,37.53,0.9098,Medium,1,6,0.732,On Track
7,3,0.4249,0.6687,0.5669,-0.142,5.2918,83.24,0.5044,High,2,11,0.775,At Risk
19,7,0.3464,0.1669,0.2581,0.0883,27.1251,50.44,0.6733,Low,0,9,0.745,At Risk
23,6,0.2483,0.1717,0.3436,-0.0953,17.4605,31.89,0.755,Low,0,4,0.723,At Risk
5,3,0.6557,0.8731,0.7756,-0.1199,3.8679,10.2,5.8526,High,2,5,0.816,At Risk
10,2,0.1734,0.2089,0.3001,-0.1267,6.6643,35.16,0.4796,Medium,1,7,0.534,At Risk
15,10,0.6877,0.7238,0.6191,0.0686,16.1526,57.61,1.1734,Medium,1,11,0.748,On Track
17,8,0.4477,0.4948,0.4632,-0.0155,17.2698,28.06,1.5408,Low,0,7,0.866,On Track
12,4,0.3016,0.639,0.271,0.0306,14.7605,49.16,0.6012,Low,0,1,0.937,At Risk
7,3,0.4889,0.4025,0.7534,-0.2645,3.9818,45.34,1.055,Medium,1,1,0.739,At Risk
16,13,0.7962,0.8811,0.6364,0.1599,20.4288,28.45,2.7033,Low,0,12,0.783,Excellent
18,12,0.6391,0.6707,0.394,0.2451,30.4582,80.54,0.7837,Low,0,10,0.787,At Risk
18,10,0.5329,0.5466,0.5492,-0.0163,18.2078,59.19,0.8854,Medium,1,1,0.759,On Track
5,3,0.5692,0.5782,0.6978,-0.1285,4.2995,12.51,4.2132,Medium,1,7,0.638,At Risk
19,10,0.5302,0.8201,0.4082,0.1221,24.4998,46.51,1.1161,Medium,1,8,0.832,On Track
17,6,0.3345,0.3997,0.1758,0.1587,34.1242,23.68,1.3557,High,2,4,0.658,On Track
6,3,0.5141,0.4068,0.6104,-0.0962,4.9149,36.39,1.3751,Medium,1,4,0.74,At Risk
7,4,0.6328,0.8033,0.7607,-0.1279,5.2584,58.91,1.0564,Medium,1,3,0.755,At Risk
19,12,0.6088,0.4839,0.4913,0.1175,24.4255,44.32,1.3433,Medium,1,11,0.733,On Track
6,2,0.3039,0.3529,0.2983,0.0056,6.7047,84.44,0.3557,Medium,1,12,0.933,At Risk
25,9,0.3777,0.2962,0.4459,-0.0681,20.1853,66.91,0.5562,Medium,1,11,0.755,At Risk
17,13,0.7582,1.0,0.6563,0.1018,19.8068,72.72,1.0285,Medium,1,2,0.601,On Track
20,14,0.6929,0.5601,0.657,0.0359,21.3101,70.18,0.9735,High,2,1,0.588,On Track
3,1,0.4057,0.2866,0.2724,0.1333,3.6711,33.82,1.1653,High,2,3,0.954,On Track
10,5,0.542,0.6938,0.6223,-0.0803,8.0348,11.54,4.3216,High,2,10,0.631,At Risk
4,2,0.383,0.3579,0.3193,0.0637,6.2637,51.11,0.7351,Low,0,11,0.953,At Risk
25,15,0.6172,0.6912,0.5198,0.0975,28.8593,21.62,2.7287,High,2,5,0.525,On Track
7,1,0.1024,0.0,0.2515,-0.1491,3.9759,57.94,0.1737,Low,0,11,0.866,At Risk
11,11,0.958,0.8074,0.8838,0.0742,12.4468,49.9,1.8819,Medium,1,9,0.773,On Track
23,11,0.4984,0.322,0.4624,0.036,23.7909,60.27,0.8134,High,2,7,0.726,On Track
25,6,0.226,0.0495,0.1761,0.0499,34.0792,13.85,1.5216,Low,0,2,0.868,On Track
6,5,0.8297,0.8653,0.6745,0.1552,7.4134,30.1,2.6674,Medium,1,2,0.61,Excellent
12,7,0.5818,0.4723,0.4245,0.1572,16.4882,30.89,1.8244,High,2,9,0.609,On Track
21,4,0.1836,0.1544,0.3168,-0.1332,12.6255,56.84,0.3174,Medium,1,4,0.631,At Risk
15,6,0.3742,0.3356,0.3677,0.0065,16.3171,57.15,0.6434,Low,0,5,0.89,At Risk
10,7,0.7413,0.6386,0.5299,0.2114,13.2101,72.47,1.009,Medium,1,10,0.916,On Track
3,2,0.7994,0.6954,0.5687,0.2306,3.5165,30.92,2.5044,Medium,1,1,0.447,On Track
20,1,0.0612,0.091,0.1896,-0.1284,5.2749,37.31,0.1598,Medium,1,5,0.935,At Risk
17,13,0.7808,0.897,0.825,-0.0442,15.7577,55.96,1.3708,Medium,1,5,0.664,On Track
13,7,0.5018,0.2534,0.431,0.0708,16.2404,62.92,0.7851,Medium,1,11,0.434,At Risk
10,3,0.3378,0.0368,0.3208,0.0169,9.3507,28.61,1.1408,Medium,1,8,0.626,On Track
19,9,0.4794,0.4366,0.5855,-0.1061,15.372,43.21,1.0842,High,2,4,0.85,At Risk
20,2,0.0912,0.0,0.0955,-0.0044,20.9333,23.73,0.3686,Low,0,4,0.666,At Risk
3,2,0.7428,0.8517,0.7203,0.0225,2.7766,70.61,1.0373,High,2,7,0.613,On Track
25,13,0.5104,0.5069,0.413,0.0975,31.4804,15.69,3.0573,Medium,1,11,0.522,On Track
12,0,0.0,0.204,0.1523,-0.1523,0.0,57.95,0.0,Medium,1,1,0.57,At Risk
3,0,0.104,0.0,0.2147,-0.1107,0.0,64.77,0.1581,Low,0,4,0.871,At Risk
18,12,0.6818,0.6794,0.5034,0.1784,23.8376,13.77,4.6173,Low,0,11,0.446,On Track
23,3,0.128,0.1529,0.2288,-0.1009,13.1104,27.41,0.4505,Medium,1,7,0.937,At Risk
5,4,0.7733,0.6647,0.7502,0.0231,5.332,55.44,1.37,Low,0,5,0.872,On Track
10,9,0.9004,0.7748,0.6852,0.2153,13.1353,22.06,3.9039,High,2,11,0.56,On Track
16,6,0.3782,0.3148,0.5496,-0.1713,10.9173,22.98,1.577,High,2,6,0.824,At Risk
10,4,0.4351,0.3175,0.5187,-0.0836,7.7115,7.56,5.0832,Medium,1,8,0.982,At Risk
4,3,0.6316,0.795,0.4647,0.1669,6.4552,42.43,1.4543,Medium,1,12,0.317,On Track
13,7,0.5268,0.8131,0.274,0.2528,25.5466,74.91,0.694,Medium,1,12,0.786,At Risk
16,5,0.336,0.2324,0.09,0.246,55.5492,34.62,0.9435,Medium,1,6,0.523,On Track
24,3,0.1344,0.0,0.1034,0.031,29.0152,48.1,0.2737,Medium,1,7,0.662,At Risk
9,4,0.4045,0.4385,0.7146,-0.3101,5.5976,66.8,0.5966,Medium,1,1,0.584,At Risk
12,7,0.5789,0.3959,0.7472,-0.1683,9.3677,58.91,0.9663,Medium,1,12,0.839,At Risk
19,12,0.6141,0.5256,0.7644,-0.1503,15.698,64.01,0.9447,High,2,2,0.947,At Risk
9,6,0.709,0.6123,0.5906,0.1185,10.1597,79.58,0.8799,Medium,1,8,0.387,On Track
9,0,0.0,0.0,0.3315,-0.3315,0.0,27.47,0.0,Medium,1,5,0.9,At Risk
9,4,0.4534,0.3321,0.3405,0.1128,11.7458,69.63,0.6419,Medium,1,4,0.816,At Risk
17,0,0.0062,0.1484,0.2004,-0.1943,0.0,89.06,0.0069,Medium,1,4,0.713,At Risk
11,4,0.3946,0.3674,0.4546,-0.06,8.7981,19.63,1.9126,High,2,5,0.493,At Risk
6,0,0.0772,0.1525,0.3181,-0.2409,0.0,22.59,0.3274,Medium,1,10,0.364,At Risk
18,6,0.3133,0.2429,0.1638,0.1495,36.6312,37.5,0.8137,Medium,1,10,0.446,On Track
8,7,0.831,1.0,0.8433,-0.0123,8.3004,75.46,1.0869,Medium,1,4,0.74,On Track
18,18,0.99,1.0,0.7812,0.2088,23.0424,54.65,1.779,Low,0,7,0.832,On Track
24,13,0.5609,0.3546,0.4771,0.0838,27.2459,40.11,1.3644,Low,0,1,0.755,On Track
22,10,0.4587,0.346,0.5606,-0.102,17.8365,71.64,0.6315,Low,0,3,0.74,At Risk
15,6,0.4269,0.451,0.3867,0.0402,15.5169,65.77,0.6394,Medium,1,1,0.612,At Risk
9,6,0.6365,0.7707,0.7553,-0.1187,7.9441,36.38,1.703,High,2,1,0.64,At Risk
22,8,0.3752,0.7004,0.3786,-0.0034,21.128,15.79,2.2354,Low,0,3,0.751,On Track
16,16,0.9724,1.0,0.7195,0.2529,22.2367,37.32,2.5375,Medium,1,1,0.768,Excellent
25,7,0.2823,0.0993,0.4457,-0.1634,15.7044,48.65,0.5686,Medium,1,1,0.52,At Risk
8,1,0.0887,0.2175,0.1592,-0.0705,6.2824,53.22,0.1635,Medium,1,7,0.517,At Risk
17,0,0.0,0.1092,0.0729,-0.0729,0.0,40.41,0.0,Medium,1,12,0.45,At Risk
13,0,0.0,0.0,0.1808,-0.1808,0.0,20.94,0.0,High,2,12,0.77,At Risk
6,3,0.5439,0.5941,0.4982,0.0457,6.0211,48.84,1.0913,Medium,1,2,0.653,On Track
8,3,0.4269,0.4632,0.5128,-0.0859,5.8501,43.23,0.9652,Medium,1,6,0.394,At Risk
9,2,0.2667,0.1448,0.4334,-0.1667,4.6145,56.58,0.4631,High,2,3,0.849,At Risk
23,7,0.3057,0.1043,0.3387,-0.033,20.6643,52.93,0.5669,High,2,9,0.952,At Risk
17,8,0.4439,0.4129,0.6509,-0.207,12.2897,39.85,1.0867,High,2,1,0.678,At Risk
12,4,0.3082,0.4847,0.2374,0.0708,16.8476,55.99,0.5408,Medium,1,11,0.683,At Risk
15,9,0.6241,0.3936,0.4883,0.1359,18.4325,17.51,3.3722,Medium,1,6,0.4,On Track
13,9,0.6808,0.7459,0.5403,0.1405,16.6577,62.22,1.0768,Medium,1,8,0.787,On Track
8,7,0.8561,1.0,0.918,-0.0619,7.6251,108.44,0.7822,Low,0,2,0.848,At Risk
3,1,0.4966,0.4885,0.4204,0.0763,2.379,51.1,0.9533,Medium,1,2,0.359,On Track
11,6,0.5583,0.6031,0.5125,0.0459,11.7084,60.63,0.9059,High,2,2,0.951,On Track
14,2,0.1497,0.0,0.1508,-0.0011,13.2665,22.06,0.649,Medium,1,7,0.36,At Risk
6,1,0.1846,0.2679,0.2627,-0.0781,3.8062,12.98,1.3209,High,2,9,0.413,At Risk
9,5,0.5794,0.6122,0.6411,-0.0617,7.7989,56.19,1.0132,Low,0,7,0.921,At Risk
14,5,0.3618,0.4746,0.4485,-0.0867,11.1476,38.81,0.9088,Low,0,5,0.768,At Risk
16,8,0.5038,0.3982,0.4525,0.0512,17.6778,72.83,0.6823,Medium,1,2,0.476,At Risk
4,1,0.2898,0.6106,0.3705,-0.0807,2.6991,52.41,0.5427,Medium,1,12,0.848,At Risk
18,7,0.3908,0.4758,0.5159,-0.1251,13.5683,55.48,0.692,Medium,1,4,0.603,At Risk
14,5,0.335,0.3497,0.4425,-0.1075,11.2987,16.29,1.9377,Medium,1,9,0.589,At Risk
17,10,0.5634,0.5402,0.4514,0.112,22.1536,19.93,2.6924,High,2,4,0.877,On Track
13,10,0.7313,0.8807,0.4799,0.2514,20.8394,3.0,18.2816,Medium,1,6,0.955,Excellent
18,3,0.1903,0.2018,0.4258,-0.2354,7.0461,41.06,0.4526,Medium,1,1,0.841,At Risk
23,21,0.9222,0.9783,0.8012,0.121,26.2106,76.75,1.1862,Medium,1,7,0.427,On Track
10,3,0.3021,0.3181,0.3357,-0.0336,8.9355,15.89,1.7883,Medium,1,11,0.74,On Track
15,9,0.6122,0.8676,0.5718,0.0404,15.7399,56.72,1.0605,Low,0,1,0.838,On Track
15,11,0.7237,0.6696,0.5091,0.2146,21.6058,37.54,1.878,Medium,1,1,0.643,On Track
17,6,0.3582,0.3782,0.3355,0.0227,17.8835,75.83,0.4662,High,2,2,0.832,At Risk
4,3,0.7132,0.7476,0.5492,0.164,5.4627,64.95,1.0815,High,2,5,0.646,On Track
9,6,0.6177,0.6268,0.5149,0.1028,11.6529,26.39,2.2552,Low,0,12,0.799,On Track
5,2,0.3536,0.6651,0.5576,-0.204,3.5869,10.69,3.026,Medium,1,10,0.912,At Risk
13,3,0.2411,0.3885,0.2505,-0.0094,11.976,58.68,0.404,High,2,6,0.741,At Risk
11,4,0.3621,0.3936,0.1825,0.1796,21.9169,16.83,2.0307,High,2,6,0.894,On Track
22,2,0.1045,0.3167,0.1952,-0.0907,10.2473,37.23,0.2733,High,2,1,0.755,At Risk
11,5,0.4409,0.5616,0.2505,0.1905,19.9609,3.0,11.0236,Medium,1,12,0.437,On Track
25,2,0.0951,0.0,0.107,-0.0119,18.697,6.05,1.3484,High,2,12,0.703,On Track
13,3,0.2639,0.0925,0.3389,-0.075,8.8533,32.32,0.7921,Low,0,5,0.801,At Risk
12,7,0.5559,0.6783,0.5317,0.0242,13.1662,40.54,1.3382,High,2,1,0.769,On Track
22,17,0.7865,0.7112,0.7914,-0.005,21.4802,55.06,1.4029,Medium,1,11,0.927,On Track
5,4,0.7435,0.7665,0.667,0.0765,5.9974,65.27,1.1219,Medium,1,1,0.731,On Track
10,6,0.6158,0.4198,0.5276,0.0882,11.3723,96.43,0.632,High,2,2,0.71,At Risk
18,8,0.4548,0.3007,0.635,-0.1802,12.5992,41.4,1.0725,Low,0,12,0.537,At Risk
17,10,0.5698,0.4191,0.5567,0.0131,17.9617,40.82,1.3623,High,2,7,0.635,On Track
11,9,0.8539,0.928,0.8207,0.0332,10.9665,99.55,0.8492,High,2,7,0.758,On Track
18,12,0.6817,0.6365,0.6393,0.0424,18.7704,6.0,9.7428,Medium,1,3,0.438,On Track
18,13,0.7307,0.9357,0.6373,0.0934,20.3989,3.97,14.6988,High,2,3,0.919,On Track
3,1,0.4793,0.5161,0.6194,-0.1401,1.6143,42.09,1.1123,Low,0,12,0.779,At Risk
12,7,0.5731,0.5302,0.4813,0.0917,14.5427,39.74,1.4066,High,2,12,0.622,On Track
7,5,0.7517,0.7171,0.5088,0.2429,9.8268,83.71,0.8873,Medium,1,10,0.709,On Track
10,5,0.4509,0.7305,0.3551,0.0958,14.0818,49.04,0.901,High,2,6,0.826,On Track
13,4,0.3243,0.0,0.4359,-0.1117,9.1756,13.93,2.1718,Medium,1,8,0.93,At Risk
14,6,0.4119,0.6353,0.5321,-0.1202,11.2759,55.62,0.7274,High,2,10,0.725,At Risk
5,2,0.39,0.3176,0.4514,-0.0614,4.4307,73.95,0.5203,High,2,9,0.586,At Risk
9,0,0.0,0.0,0.2076,-0.2076,0.0,5.32,0.0,Medium,1,7,0.619,At Risk
8,3,0.4138,0.2246,0.4665,-0.0527,6.4314,42.8,0.9446,Medium,1,4,0.679,At Risk
16,14,0.8501,1.0,0.974,-0.1239,14.3737,53.93,1.5477,Medium,1,2,0.684,At Risk
23,5,0.2101,0.6046,0.3397,-0.1296,14.7207,59.85,0.3452,High,2,1,0.479,At Risk
18,8,0.4351,0.574,0.6307,-0.1957,12.6838,76.47,0.5616,High,2,9,0.836,At Risk
20,11,0.5534,0.3723,0.7422,-0.1889,14.8203,78.16,0.699,Low,0,6,0.523,At Risk
8,4,0.539,0.5086,0.4071,0.1319,9.8245,57.84,0.9162,High,2,7,0.876,On Track
6,4,0.6509,0.7039,0.5979,0.053,6.6899,103.65,0.6219,Medium,1,2,0.783,At Risk
11,3,0.303,0.2388,0.4028,-0.0998,7.4472,29.21,1.0033,Low,0,10,0.847,At Risk
5,1,0.2885,0.434,0.265,0.0234,3.7734,57.37,0.4942,High,2,4,0.832,At Risk
6,3,0.4991,0.6796,0.8065,-0.3074,3.7198,3.0,12.4778,Low,0,7,0.585,At Risk
18,12,0.6464,0.6778,0.6687,-0.0223,17.9452,60.44,1.0521,High,2,12,0.897,On Track
17,2,0.0994,0.0,0.2847,-0.1854,7.0241,70.33,0.1393,Low,0,3,0.857,At Risk
10,5,0.5056,0.5497,0.594,-0.0885,8.417,44.36,1.1144,High,2,3,0.854,At Risk
16,14,0.8546,0.6911,0.7567,0.0979,18.501,36.59,2.2736,High,2,8,0.668,On Track
22,21,0.9521,0.845,0.812,0.1401,25.8634,25.24,3.6282,Medium,1,11,0.653,On Track
10,2,0.1825,0.42,0.3353,-0.1528,5.9654,30.99,0.5704,High,2,12,0.702,At Risk
20,7,0.3643,0.2469,0.1748,0.1895,40.0458,23.22,1.5042,Medium,1,11,0.81,On Track
6,1,0.1107,0.0,0.0276,0.0832,36.2826,75.75,0.1443,Medium,1,5,0.619,At Risk
12,3,0.2103,0.2151,0.2729,-0.0626,10.9935,13.14,1.488,High,2,5,0.729,At Risk
21,12,0.5846,0.556,0.5187,0.0659,23.1347,60.44,0.9515,Medium,1,5,0.518,On Track
14,8,0.5576,0.5529,0.527,0.0306,15.1814,43.33,1.2578,Medium,1,5,0.728,On Track
11,1,0.1253,0.0439,0.3715,-0.2462,2.6918,32.79,0.3709,High,2,4,0.926,At Risk
17,13,0.7442,0.719,0.5194,0.2248,25.0276,89.36,0.8236,High,2,4,0.639,On Track
8,3,0.3487,0.4297,0.3842,-0.0356,7.8075,50.34,0.6792,Low,0,4,0.457,At Risk
10,7,0.7438,0.8261,0.6852,0.0585,10.2154,63.02,1.1618,High,2,3,0.787,On Track
12,5,0.4066,0.4822,0.6352,-0.2286,7.8719,41.73,0.9515,Medium,1,10,0.902,At Risk
9,4,0.4456,0.4095,0.3847,0.0609,10.3978,51.86,0.8431,High,2,6,0.818,On Track
5,3,0.5162,0.3803,0.5188,-0.0027,5.7822,16.46,2.957,High,2,7,0.705,On Track
11,2,0.1651,0.1059,0.2809,-0.1158,7.1194,35.64,0.4508,Medium,1,4,0.623,At Risk
19,8,0.4154,0.4389,0.5582,-0.1428,14.3324,56.9,0.7175,Medium,1,9,0.373,At Risk
10,6,0.6138,0.4678,0.559,0.0548,10.7327,28.19,2.103,High,2,11,0.449,On Track
6,4,0.5936,0.7033,0.6034,-0.0098,6.629,17.47,3.2146,Medium,1,11,0.758,On Track
17,9,0.5559,0.404,0.6964,-0.1404,12.924,32.29,1.6701,High,2,1,0.375,At Risk
6,2,0.2997,0.6113,0.3937,-0.094,5.0796,60.88,0.4844,Medium,1,1,0.724,At Risk
18,13,0.7136,0.4593,0.6461,0.0675,20.1214,35.23,1.9694,Medium,1,4,0.779,On Track
17,17,0.99,0.8215,0.9318,0.0582,18.244,51.96,1.8693,Low,0,6,0.529,On Track
4,1,0.3399,0.2141,0.2566,0.0834,3.8976,33.71,0.9793,Medium,1,5,0.288,On Track
10,5,0.47,0.7909,0.5508,-0.0808,9.0774,37.7,1.2146,Medium,1,2,0.892,At Risk
4,2,0.5201,0.5725,0.4563,0.0638,4.3833,44.64,1.1395,Medium,1,4,0.705,On Track
22,7,0.3102,0.2366,0.0796,0.2305,87.9,68.2,0.4482,High,2,10,0.753,At Risk
9,8,0.8611,0.788,0.5383,0.3228,14.8625,3.28,20.1382,Medium,1,2,0.801,On Track
14,14,0.99,0.8804,0.6685,0.3215,20.9429,3.0,24.75,Low,0,9,0.666,Excellent
8,5,0.6225,0.7256,0.6572,-0.0347,7.6081,34.05,1.776,Medium,1,8,0.605,On Track
22,4,0.1868,0.1065,0.408,-0.2212,9.8047,35.21,0.5158,Medium,1,5,0.635,At Risk
24,9,0.372,0.2779,0.2579,0.1141,34.8974,23.57,1.5141,Medium,1,1,0.689,On Track
6,3,0.4834,0.347,0.4584,0.025,6.5445,91.34,0.5236,Medium,1,11,0.888,At Risk
22,16,0.7496,0.8226,0.7808,-0.0312,20.4916,33.05,2.2017,High,2,12,0.835,On Track
22,8,0.351,0.2255,0.4177,-0.0667,19.1525,63.73,0.5423,High,2,6,0.697,At Risk
9,5,0.5982,0.7557,0.566,0.0322,8.8345,36.45,1.5971,Medium,1,1,0.68,On Track
14,9,0.6227,0.5855,0.6492,-0.0265,13.8641,55.2,1.108,Medium,1,6,0.63,On Track
7,1,0.1129,0.1767,0.2243,-0.1113,4.4589,39.49,0.2789,High,2,1,0.809,At Risk
9,5,0.5485,0.5755,0.3551,0.1933,14.079,51.0,1.0548,Low,0,5,0.723,On Track
4,3,0.6633,0.7118,0.6228,0.0405,4.8168,34.44,1.8717,High,2,10,0.722,On Track
23,20,0.8528,0.8228,0.6882,0.1647,29.0622,62.9,1.3346,High,2,4,0.717,On Track
3,2,0.543,0.7165,0.6154,-0.0724,3.2501,20.56,2.5187,Medium,1,6,0.801,At Risk
16,16,0.99,0.6912,0.9479,0.0421,16.8803,38.47,2.5079,High,2,11,0.67,On Track
14,13,0.9107,0.8921,0.6427,0.268,20.2265,55.45,1.6133,Low,0,3,0.552,On Track
22,6,0.2685,0.5129,0.4735,-0.205,12.6717,44.75,0.5869,High,2,5,0.81,At Risk
5,1,0.1818,0.1815,0.3768,-0.195,2.6542,47.8,0.3725,High,2,4,0.345,At Risk
4,2,0.3804,0.4391,0.5886,-0.2083,3.3976,63.25,0.5921,Medium,1,8,0.302,At Risk
20,12,0.5831,0.6228,0.8364,-0.2533,14.3464,82.73,0.6964,Low,0,8,0.483,At Risk
5,2,0.4252,0.3893,0.6382,-0.213,3.1336,28.73,1.4304,Low,0,7,0.799,At Risk
6,3,0.5754,0.4006,0.5801,-0.0047,5.1715,24.73,2.2359,Medium,1,7,0.739,On Track
24,17,0.6969,0.8427,0.8306,-0.1337,20.467,54.29,1.2605,Medium,1,9,0.421,At Risk
7,6,0.8104,0.9038,0.7414,0.069,8.0926,29.84,2.6281,Medium,1,11,0.538,On Track
20,15,0.7285,0.5525,0.6069,0.1216,24.715,48.07,1.4846,Medium,1,2,0.47,On Track
23,6,0.256,0.0347,0.168,0.0881,35.7207,30.3,0.8181,Medium,1,3,0.795,On Track
15,14,0.9666,0.6866,0.98,-0.0134,14.2857,84.54,1.13,High,2,12,0.698,On Track
11,2,0.139,0.0,0.0783,0.0607,25.534,21.38,0.6209,Low,0,7,0.663,At Risk
12,6,0.4865,0.7065,0.6216,-0.1351,9.653,95.57,0.5037,High,2,11,0.88,At Risk
12,6,0.5265,0.6142,0.7419,-0.2155,8.0869,41.82,1.2296,High,2,7,0.792,At Risk
4,2,0.6034,0.298,0.7566,-0.1532,2.6435,44.57,1.3241,High,2,5,0.707,At Risk
21,13,0.5983,0.6318,0.4014,0.1968,32.3843,43.21,1.3533,Medium,1,6,0.661,On Track
16,11,0.7014,0.8845,0.5459,0.1555,20.1484,39.14,1.7475,Low,0,7,0.451,Excellent
3,2,0.639,0.5159,0.5264,0.1126,3.7993,44.31,1.4103,Medium,1,6,0.705,On Track
23,7,0.3024,0.3472,0.4908,-0.1885,14.2612,37.18,0.792,Medium,1,4,0.94,At Risk
15,9,0.6017,0.5972,0.6068,-0.0051,14.8316,70.12,0.846,Low,0,12,0.774,On Track
15,10,0.6722,0.6332,0.8608,-0.1886,11.6177,21.47,2.991,Medium,1,4,0.876,At Risk
3,2,0.8109,0.7826,0.944,-0.133,2.1187,79.29,1.01,Low,0,7,0.785,At Risk
8,1,0.1609,0.0,0.148,0.0129,6.7583,72.77,0.2181,High,2,7,0.909,At Risk
6,5,0.8909,0.8439,0.98,-0.0891,5.102,32.84,2.6328,Low,0,2,0.359,At Risk
15,0,0.0,0.0591,0.2608,-0.2608,0.0,19.72,0.0,Medium,1,10,0.892,At Risk
14,9,0.6649,0.7207,0.5761,0.0888,15.6217,57.43,1.138,Low,0,8,0.874,On Track
8,6,0.7013,0.8567,0.665,0.0363,9.0227,43.73,1.568,High,2,3,0.854,On Track
3,1,0.4929,0.5089,0.4559,0.0371,2.1937,49.77,0.9709,High,2,1,0.881,On Track
20,4,0.1793,0.0058,0.2523,-0.073,15.8513,31.15,0.5577,Low,0,3,0.66,At Risk
23,5,0.2173,0.1501,0.2389,-0.0216,20.9278,36.72,0.5761,Medium,1,7,0.358,At Risk
5,5,0.9014,1.0,0.8959,0.0056,5.5813,35.71,2.4555,High,2,10,0.741,On Track
22,17,0.7707,0.923,0.6021,0.1686,28.2356,67.89,1.1186,Low,0,6,0.746,On Track
19,11,0.5718,0.6644,0.5331,0.0387,20.6326,23.5,2.3336,High,2,3,0.756,On Track
7,1,0.133,0.0984,0.0588,0.0741,17.0039,43.21,0.3007,Medium,1,6,0.467,At Risk
12,1,0.0923,0.0,0.2553,-0.163,3.9174,13.27,0.6471,High,2,3,0.451,At Risk
19,5,0.2602,0.0,0.1354,0.1248,36.9367,3.0,6.5051,High,2,3,0.901,On Track
5,4,0.8131,0.9114,0.7237,0.0894,5.5273,38.66,2.0502,High,2,2,0.828,On Track
15,2,0.1385,0.0133,0.3183,-0.1798,6.2842,47.4,0.2861,High,2,8,0.967,At Risk
9,7,0.8016,1.0,0.7411,0.0605,9.4457,80.15,0.9878,High,2,5,0.665,On Track
7,3,0.4669,0.5423,0.4183,0.0486,7.1716,18.6,2.3821,High,2,1,0.827,On Track
18,10,0.5644,0.4468,0.4879,0.0765,20.4942,77.13,0.7224,High,2,6,0.766,At Risk
4,1,0.1394,0.1933,0.1758,-0.0364,5.6881,67.92,0.2023,Medium,1,10,0.766,At Risk
23,14,0.6202,0.7989,0.5352,0.0851,26.1595,20.49,2.8856,Medium,1,7,0.856,On Track
5,2,0.4592,0.4868,0.4867,-0.0275,4.1093,77.72,0.5833,Medium,1,12,0.616,At Risk
22,16,0.7217,1.0,0.6059,0.1158,26.4052,28.7,2.4304,Medium,1,12,0.71,Excellent
8,1,0.1765,0.1017,0.2955,-0.1191,3.3836,39.15,0.4395,High,2,11,0.776,At Risk
10,5,0.4921,0.6272,0.375,0.1171,13.3334,8.8,5.0234,Medium,1,10,0.943,On Track
15,6,0.4046,0.3958,0.2647,0.1399,22.6655,56.69,0.7014,Medium,1,10,0.835,At Risk
9,4,0.4337,0.3329,0.4771,-0.0434,8.384,27.83,1.5045,Low,0,8,0.863,On Track
8,3,0.3476,0.3031,0.383,-0.0354,7.8334,67.51,0.5073,Low,0,10,0.695,At Risk
9,3,0.3832,0.4113,0.2336,0.1496,12.8422,45.28,0.8281,Medium,1,1,0.705,On Track
15,6,0.4333,0.3082,0.4599,-0.0266,13.0463,49.19,0.8633,High,2,9,0.786,On Track
8,4,0.5334,0.6227,0.4067,0.1268,9.8362,3.0,13.336,Medium,1,7,0.767,On Track
14,7,0.5104,0.7214,0.396,0.1144,17.6765,57.0,0.8801,Medium,1,2,0.821,On Track
7,4,0.612,0.7385,0.3402,0.2718,11.758,44.59,1.3422,Low,0,4,0.701,On Track
9,6,0.6494,0.7414,0.6599,-0.0106,9.092,80.52,0.7966,Medium,1,1,0.778,At Risk
20,5,0.2437,0.3742,0.305,-0.0614,16.3918,55.02,0.4349,Low,0,11,0.726,At Risk
4,2,0.5726,0.4627,0.5018,0.0708,3.9853,56.68,0.9928,Medium,1,11,0.625,On Track
13,2,0.1758,0.34,0.269,-0.0932,7.4358,13.0,1.2553,Medium,1,2,0.828,At Risk
15,10,0.688,0.6196,0.5511,0.137,18.1467,48.04,1.4031,Low,0,10,0.604,On Track
17,4,0.2396,0.0,0.1985,0.041,20.1465,40.98,0.5706,Low,0,9,0.957,At Risk
23,12,0.5167,0.4741,0.58,-0.0633,20.6887,24.65,2.0141,Low,0,5,0.763,At Risk
23,18,0.7857,0.848,0.6681,0.1176,26.944,108.71,0.7161,Medium,1,7,0.777,At Risk
12,2,0.1333,0.0308,0.2059,-0.0727,9.7123,20.0,0.6345,Medium,1,10,0.606,At Risk
10,4,0.4205,0.3858,0.3362,0.0843,11.8974,66.33,0.6246,Medium,1,7,0.869,At Risk
15,12,0.7717,0.5479,0.8168,-0.0451,14.6906,65.49,1.1607,Medium,1,11,0.607,On Track
14,5,0.379,0.1023,0.3906,-0.0116,12.7992,18.03,1.9921,Low,0,8,0.257,On Track
19,4,0.1891,0.1522,0.2764,-0.0872,14.473,63.07,0.2952,High,2,8,0.775,At Risk
8,5,0.5942,0.3578,0.5417,0.0525,9.2301,61.3,0.9537,Medium,1,1,0.959,On Track
3,2,0.7143,0.7603,0.7968,-0.0824,2.5101,42.14,1.656,Medium,1,10,0.442,At Risk
18,11,0.6044,0.8265,0.5219,0.0825,21.0759,3.0,15.1108,High,2,8,0.694,On Track
10,5,0.526,0.4953,0.5969,-0.0709,8.3772,47.88,1.0761,Medium,1,8,0.528,At Risk
22,19,0.851,1.0,0.6772,0.1738,28.0553,18.64,4.3334,Low,0,8,0.869,Excellent
8,4,0.5332,0.2536,0.5758,-0.0426,6.9471,83.06,0.6343,High,2,8,0.877,At Risk
15,6,0.406,0.1549,0.505,-0.099,11.8808,43.99,0.9025,High,2,2,0.729,At Risk
5,3,0.583,0.7295,0.258,0.3249,11.6269,53.27,1.0741,High,2,3,0.927,On Track
14,12,0.8706,0.8973,0.7315,0.139,16.4037,37.07,2.2871,High,2,7,0.97,Excellent
14,2,0.1637,0.2458,0.2461,-0.0824,8.1271,37.7,0.4229,High,2,2,0.302,At Risk
17,7,0.3878,0.4195,0.3303,0.0575,21.1903,67.5,0.5661,High,2,9,0.684,At Risk
19,2,0.0924,0.0,0.1433,-0.0509,13.9611,12.44,0.6876,Medium,1,11,0.804,At Risk
4,3,0.8138,0.7091,0.8911,-0.0773,3.3667,59.53,1.3444,Medium,1,1,0.985,At Risk
23,7,0.31,0.1322,0.1501,0.1599,46.6367,24.46,1.2179,Medium,1,3,0.759,On Track
5,3,0.563,0.6291,0.5596,0.0034,5.3605,73.55,0.7553,Medium,1,12,0.599,At Risk
13,9,0.6604,0.7339,0.4762,0.1841,18.8981,67.56,0.9632,Medium,1,12,0.761,On Track
19,13,0.6922,0.8188,0.5165,0.1756,25.1676,42.34,1.5972,High,2,2,0.929,On Track
4,4,0.9693,0.8068,0.814,0.1553,4.9138,33.18,2.8362,High,2,9,0.701,On Track
15,8,0.5288,0.6924,0.555,-0.0262,14.4155,56.85,0.914,Low,0,11,0.894,On Track
7,7,0.9831,0.971,0.9174,0.0657,7.6305,52.84,1.8258,High,2,1,0.573,On Track
5,3,0.6028,0.6185,0.6831,-0.0804,4.3916,42.2,1.3952,Medium,1,10,0.906,At Risk
25,9,0.3461,0.248,0.2277,0.1185,39.5311,42.57,0.7944,Medium,1,2,0.68,At Risk
9,5,0.5745,0.5358,0.5243,0.0503,9.537,46.07,1.2205,Medium,1,3,0.755,On Track
18,8,0.4262,0.5017,0.5311,-0.1049,15.0645,89.12,0.4729,Medium,1,5,0.765,At Risk
8,3,0.3652,0.306,0.2572,0.108,11.6633,42.81,0.8335,High,2,11,0.584,On Track
10,5,0.5031,0.5513,0.5503,-0.0472,9.0858,66.31,0.7474,Medium,1,2,0.83,At Risk
14,5,0.3436,0.4918,0.4136,-0.0699,12.0903,30.72,1.0833,Medium,1,10,0.8,At Risk
11,3,0.2838,0.3562,0.2078,0.076,14.4396,23.72,1.148,Low,0,3,0.851,On Track
13,13,0.99,1.0,0.9504,0.0396,13.6791,78.75,1.2414,High,2,10,0.859,On Track
11,1,0.1113,0.0,0.1498,-0.0386,6.6749,55.11,0.1983,Low,0,8,0.639,At Risk
7,3,0.4179,0.5656,0.5269,-0.109,5.6939,72.79,0.5664,Medium,1,5,0.91,At Risk
19,11,0.5872,0.4681,0.5268,0.0603,20.8794,59.67,0.9678,Low,0,8,0.824,On Track
9,5,0.5366,0.4734,0.4237,0.113,11.8017,67.77,0.7803,High,2,10,0.85,At Risk
11,11,0.99,0.8888,0.765,0.225,14.3788,80.21,1.2191,Low,0,10,0.525,On Track
19,10,0.5018,0.4842,0.4194,0.0824,23.8457,27.48,1.762,Low,0,4,0.764,On Track
13,9,0.6792,0.8012,0.7477,-0.0686,12.0363,72.15,0.9284,Medium,1,6,0.854,At Risk
4,2,0.4291,0.4381,0.479,-0.0499,4.1751,90.02,0.4715,Medium,1,4,0.757,At Risk
8,3,0.3759,0.3557,0.617,-0.2411,4.8625,60.07,0.6156,High,2,7,0.789,At Risk
8,0,0.0235,0.1151,0.2024,-0.1789,0.0,20.11,0.1113,Medium,1,11,0.588,At Risk
11,5,0.461,0.2844,0.2341,0.2269,21.3581,32.75,1.3659,Low,0,11,0.584,On Track
13,0,0.0,0.116,0.09,-0.09,0.0,54.41,0.0,Low,0,7,0.637,At Risk
8,6,0.7776,0.6529,0.6026,0.175,9.9574,57.25,1.3349,High,2,5,0.743,On Track
6,1,0.2258,0.4183,0.3197,-0.0939,3.1277,53.11,0.4174,Medium,1,9,0.605,At Risk
4,2,0.5751,0.592,0.4507,0.1244,4.4375,60.89,0.9293,High,2,11,0.389,On Track
14,14,0.99,1.0,0.8262,0.1638,16.9457,69.84,1.3975,Medium,1,8,0.52,On Track
20,15,0.7606,0.6573,0.7752,-0.0146,19.35,35.76,2.0688,Low,0,9,0.982,On Track
21,6,0.2886,0.4543,0.2381,0.0505,25.1957,60.84,0.4667,High,2,12,0.895,At Risk
6,1,0.2464,0.1862,0.2771,-0.0307,3.6086,67.04,0.3621,Low,0,5,0.614,At Risk
20,13,0.6645,0.8332,0.8539,-0.1894,15.2247,54.05,1.207,Medium,1,11,0.89,At Risk
15,1,0.0899,0.0333,0.2254,-0.1355,4.4368,24.28,0.3556,Medium,1,12,0.25,At Risk
14,7,0.4709,0.6543,0.5741,-0.1032,12.1929,52.3,0.8836,High,2,5,0.638,At Risk
15,7,0.4639,0.4299,0.5627,-0.0988,12.4404,70.16,0.6519,High,2,6,0.44,At Risk
21,14,0.6773,0.7624,0.6064,0.0709,23.0856,81.14,0.8246,High,2,3,0.706,On Track
14,3,0.1904,0.2504,0.2709,-0.0805,11.0724,27.21,0.675,Medium,1,6,0.784,At Risk
5,1,0.2624,0.34,0.4595,-0.1971,2.1764,30.18,0.8415,Low,0,8,0.587,At Risk
10,3,0.2812,0.1486,0.2768,0.0044,10.8373,112.53,0.2477,Low,0,3,0.771,At Risk
22,1,0.0356,0.1066,0.1719,-0.1363,5.8171,33.55,0.1032,Medium,1,12,0.578,At Risk
4,1,0.2092,0.3879,0.2924,-0.0832,3.4197,50.7,0.4046,Medium,1,5,0.715,At Risk
19,16,0.8449,0.9354,0.7773,0.0676,20.5829,14.74,5.3689,High,2,5,0.397,On Track
12,4,0.335,0.3524,0.2111,0.1238,18.9482,18.96,1.6783,Medium,1,11,0.493,On Track
21,11,0.5439,0.2148,0.503,0.0409,21.87,44.55,1.1941,Medium,1,11,0.597,On Track
13,5,0.3966,0.3204,0.225,0.1716,22.224,33.81,1.1394,Medium,1,12,0.915,On Track
3,2,0.5814,0.427,0.4636,0.1178,4.3142,52.45,1.0876,Medium,1,12,0.532,On Track
4,3,0.805,0.729,0.657,0.148,4.5659,27.73,2.8017,Medium,1,4,0.895,On Track
7,1,0.1726,0.2303,0.2389,-0.0663,4.1863,40.14,0.4196,Medium,1,5,0.499,At Risk
22,15,0.682,0.3363,0.4816,0.2003,31.1441,25.3,2.593,Medium,1,11,0.679,On Track
16,14,0.896,0.8582,0.5781,0.3179,24.2188,75.14,1.1767,Low,0,7,0.798,On Track
19,5,0.283,0.3869,0.3677,-0.0847,13.5962,6.63,3.7073,Low,0,6,0.66,At Risk
4,2,0.4096,0.3835,0.6101,-0.2005,3.2781,83.76,0.4833,Medium,1,3,0.667,Delayed
18,6,0.3189,0.5534,0.228,0.0909,26.3159,95.38,0.3308,Low,0,4,0.786,At Risk
22,15,0.6985,0.6155,0.6308,0.0677,23.7788,65.34,1.053,Medium,1,11,0.413,On Track
4,2,0.6189,0.549,0.5987,0.0202,3.3408,58.86,1.0338,Medium,1,1,0.663,On Track
4,3,0.7942,1.0,0.799,-0.0047,3.7548,41.22,1.8814,Low,0,1,0.414,On Track
21,9,0.4217,0.4945,0.4058,0.0159,22.1764,3.0,10.5429,Medium,1,6,0.852,On Track
12,6,0.4899,0.382,0.468,0.0219,12.8199,43.33,1.1051,Medium,1,2,0.789,On Track
19,15,0.8077,0.743,0.6471,0.1606,23.1797,48.95,1.617,High,2,6,0.846,On Track
20,4,0.2092,0.1378,0.2253,-0.0161,17.7528,17.88,1.1083,Medium,1,4,0.78,On Track
16,8,0.4939,0.5169,0.644,-0.1501,12.4224,70.52,0.6907,High,2,10,0.819,At Risk
12,11,0.9079,0.7528,0.6043,0.3036,18.2024,116.28,0.7741,High,2,10,0.89,At Risk
7,1,0.096,0.0,0.223,-0.127,4.4853,15.12,0.5954,Medium,1,4,0.791,At Risk
14,11,0.7662,1.0,0.8299,-0.0637,13.2547,15.23,4.7205,High,2,10,0.683,At Risk
18,2,0.1075,0.0,0.1017,0.0059,19.6705,54.93,0.1923,Medium,1,3,0.753,At Risk
7,5,0.7305,0.754,0.7617,-0.0312,6.5641,41.17,1.7323,Low,0,1,0.671,On Track
10,5,0.5316,0.6236,0.7837,-0.2521,6.3798,61.58,0.8494,Low,0,12,0.819,At Risk
7,1,0.1947,0.1865,0.2272,-0.0325,4.4011,78.83,0.2439,High,2,8,0.872,At Risk
6,5,0.8893,0.8185,0.6492,0.2401,7.7014,38.93,2.2272,Medium,1,2,0.604,On Track
23,7,0.2969,0.3461,0.093,0.2039,75.2953,30.9,0.9308,Medium,1,3,0.711,On Track
24,4,0.1675,0.1359,0.1475,0.02,27.1139,48.58,0.3379,High,2,5,0.665,At Risk
15,6,0.4151,0.44,0.2692,0.1459,22.2843,23.03,1.7273,High,2,5,0.758,On Track
3,1,0.3657,0.3405,0.4279,-0.0623,2.3369,12.95,2.622,Medium,1,1,0.92,At Risk
23,10,0.4455,0.3708,0.6458,-0.2002,15.4857,42.27,1.0297,High,2,9,0.845,At Risk
14,10,0.7104,0.7405,0.863,-0.1526,11.5872,31.76,2.1686,Medium,1,10,0.758,At Risk
23,16,0.6768,0.8222,0.8672,-0.1904,18.4497,88.06,0.76,Medium,1,10,0.55,At Risk
17,15,0.8702,0.7479,0.8031,0.0671,18.6777,74.58,1.1513,Medium,1,10,0.587,On Track
19,14,0.7617,0.6592,0.7695,-0.0077,18.1942,31.71,2.329,Medium,1,12,0.734,On Track
18,13,0.7168,0.5437,0.6458,0.071,20.13,24.89,2.7682,Medium,1,4,0.711,On Track
8,3,0.3218,0.4595,0.6895,-0.3677,4.3508,36.39,0.8606,Low,0,1,0.315,At Risk
4,2,0.533,0.4073,0.5433,-0.0103,3.6809,54.94,0.9528,High,2,1,0.761,On Track
20,14,0.6889,0.6771,0.4836,0.2054,28.9522,38.23,1.756,Low,0,1,0.801,On Track
15,5,0.3656,0.2269,0.3191,0.0465,15.6693,74.76,0.4825,Medium,1,3,0.773,At Risk
10,2,0.2362,0.1846,0.2898,-0.0536,6.9023,63.78,0.3646,High,2,3,0.747,At Risk
4,2,0.3945,0.4758,0.4654,-0.0709,4.2973,50.0,0.7737,Medium,1,2,0.629,At Risk
3,1,0.204,0.5224,0.2905,-0.0865,3.4419,31.02,0.6372,High,2,10,0.485,At Risk
20,10,0.5001,0.7437,0.5998,-0.0997,16.6729,64.61,0.7622,Medium,1,11,0.83,At Risk
9,4,0.4856,0.5475,0.7459,-0.2603,5.3628,38.13,1.241,High,2,3,0.721,At Risk
16,9,0.579,0.4784,0.5606,0.0184,16.0542,40.43,1.3974,Medium,1,4,0.501,On Track
19,2,0.1291,0.0159,0.1258,0.0033,15.8941,44.35,0.2847,Low,0,10,0.465,At Risk
23,16,0.6942,0.6763,0.6671,0.0271,23.9829,42.11,1.6102,Low,0,9,0.762,On Track
23,23,0.99,1.0,0.8801,0.1099,26.1347,39.12,2.4674,Medium,1,11,0.94,Excellent
16,6,0.3708,0.4327,0.4273,-0.0565,14.0412,38.58,0.937,High,2,10,0.733,At Risk
8,2,0.2679,0.0,0.3203,-0.0525,6.2437,51.23,0.5129,High,2,9,0.622,At Risk
12,11,0.8768,1.0,0.8024,0.0743,13.7086,45.91,1.8689,Low,0,2,0.848,On Track
12,7,0.5781,0.5005,0.7227,-0.1446,9.6858,44.63,1.2668,Medium,1,11,0.91,At Risk
4,2,0.4696,0.4798,0.5166,-0.047,3.8718,44.05,1.0422,High,2,12,0.625,On Track
18,5,0.2518,0.3442,0.4171,-0.1653,11.9864,24.42,0.9908,Low,0,12,0.743,At Risk
20,19,0.9269,0.9515,0.7948,0.1321,23.9041,69.22,1.32,High,2,1,0.935,On Track
15,8,0.5068,0.3681,0.3013,0.2055,26.5479,70.29,0.7109,Medium,1,7,0.909,At Risk
17,9,0.5206,0.4329,0.4064,0.1142,22.1464,36.33,1.3946,Medium,1,2,0.366,On Track
23,17,0.7597,0.5831,0.8833,-0.1236,19.2462,81.67,0.919,Medium,1,8,0.493,At Risk
8,3,0.3512,0.3085,0.596,-0.2447,5.0338,18.39,1.8118,Low,0,4,0.758,At Risk
6,3,0.4286,0.3398,0.4144,0.0142,7.2402,28.37,1.4592,Medium,1,5,0.971,On Track
10,6,0.5985,0.3797,0.4021,0.1964,14.9211,3.0,14.962,Medium,1,11,0.746,On Track
4,0,0.1089,0.1569,0.1883,-0.0794,0.0,8.73,1.1194,High,2,2,0.851,At Risk
13,10,0.7723,0.7677,0.4968,0.2755,20.1295,52.48,1.444,Medium,1,12,0.74,On Track
25,18,0.7321,0.6453,0.4847,0.2473,37.1351,46.19,1.5515,High,2,5,0.495,On Track
25,7,0.27,0.4173,0.254,0.016,27.5637,61.9,0.4292,Low,0,1,0.601,At Risk
11,10,0.8863,1.0,0.549,0.3372,18.2137,27.16,3.1472,High,2,11,0.69,Excellent
20,7,0.34,0.2186,0.6625,-0.3225,10.5654,27.85,1.1788,High,2,11,0.945,At Risk
16,0,0.0,0.226,0.1001,-0.1001,0.0,3.0,0.0,Low,0,11,0.725,At Risk
19,10,0.5061,0.3687,0.5531,-0.047,18.0798,68.64,0.7268,Low,0,5,0.378,At Risk
12,8,0.6367,0.7499,0.3937,0.243,20.3199,25.49,2.4037,High,2,11,0.943,On Track
9,0,0.0322,0.1286,0.1922,-0.1601,0.0,40.45,0.0776,High,2,2,0.576,At Risk
19,6,0.3257,0.2287,0.2768,0.0489,21.6755,58.7,0.5456,Medium,1,1,0.888,At Risk
8,4,0.5113,0.1742,0.4235,0.0878,9.4453,22.73,2.1551,High,2,5,0.398,On Track
10,3,0.3471,0.4449,0.3709,-0.0238,8.0885,8.47,3.6658,Medium,1,12,0.607,On Track
9,2,0.2732,0.3139,0.4188,-0.1455,4.7758,43.81,0.6098,Medium,1,3,0.871,At Risk
13,3,0.2505,0.2722,0.2869,-0.0364,10.4574,55.82,0.4409,Medium,1,4,0.671,At Risk
15,4,0.2671,0.5028,0.1113,0.1558,35.9403,3.0,6.6764,High,2,6,0.48,On Track
22,7,0.2995,0.2773,0.4294,-0.1298,16.3037,88.63,0.3342,Medium,1,4,0.746,At Risk
15,11,0.7309,0.4234,0.6767,0.0542,16.2557,29.29,2.4132,Medium,1,11,0.721,On Track
25,12,0.4627,0.3765,0.3073,0.1554,39.0498,27.44,1.627,High,2,11,0.779,On Track
20,2,0.0767,0.2692,0.2778,-0.2011,7.1989,29.56,0.2511,High,2,8,0.883,At Risk
18,6,0.3505,0.3055,0.5702,-0.2197,10.5226,20.93,1.5981,High,2,9,0.8,At Risk
25,2,0.0846,0.0,0.1896,-0.105,10.5495,40.28,0.205,High,2,1,0.709,At Risk
3,2,0.8307,0.796,0.8514,-0.0207,2.3491,75.86,1.0808,Medium,1,7,0.618,On Track
10,7,0.6837,0.7842,0.5024,0.1814,13.934,48.29,1.3871,Low,0,10,0.841,On Track
12,0,0.0141,0.0887,0.1601,-0.146,0.0,25.62,0.0528,High,2,4,0.847,At Risk
15,11,0.7435,1.0,0.8846,-0.1411,12.4352,69.48,1.0548,High,2,10,0.513,At Risk
21,5,0.2517,0.2835,0.0241,0.2276,207.4803,3.0,6.2914,Low,0,2,0.563,On Track
21,20,0.9446,0.9844,0.8182,0.1264,24.4446,71.32,1.3062,Medium,1,3,0.938,On Track
7,2,0.3302,0.3503,0.4361,-0.1059,4.5864,25.5,1.2459,Medium,1,1,0.607,At Risk
3,3,0.99,0.9459,0.9358,0.0542,3.2058,24.9,3.8223,Low,0,2,0.551,On Track
6,5,0.7912,1.0,0.6286,0.1626,7.9542,75.92,1.0287,High,2,10,0.582,On Track
8,3,0.3742,0.3481,0.3572,0.017,8.3985,67.21,0.5486,High,2,6,0.524,At Risk
7,5,0.7842,0.4247,0.7696,0.0145,6.4966,37.03,2.0622,High,2,12,0.456,On Track
3,2,0.6111,0.9081,0.5109,0.1001,3.9144,42.87,1.3928,Low,0,1,0.905,Excellent
4,1,0.2534,0.3548,0.4022,-0.1489,2.486,34.64,0.7108,High,2,3,0.326,At Risk
25,0,0.0,0.0,0.1582,-0.1582,0.0,14.09,0.0,Medium,1,11,0.706,At Risk
23,20,0.8643,0.9046,0.8118,0.0525,24.6352,74.6,1.1433,Medium,1,1,0.722,On Track
25,10,0.3851,0.4669,0.4538,-0.0687,22.0356,25.47,1.4552,Low,0,2,0.924,At Risk
4,2,0.4587,0.4406,0.7107,-0.252,2.814,88.79,0.5109,Medium,1,2,0.803,Delayed
21,5,0.2563,0.0,0.1144,0.1418,43.6977,26.82,0.9212,Medium,1,6,0.78,On Track
9,5,0.5591,0.6631,0.5687,-0.0096,8.7918,37.71,1.4443,Low,0,9,0.968,On Track
24,24,0.99,1.0,0.8305,0.1595,28.8988,31.21,3.0734,Low,0,2,0.582,Excellent
25,24,0.9729,0.7185,0.8073,0.1656,29.7289,43.72,2.1757,Low,0,7,0.674,On Track
6,5,0.8632,0.9402,0.8223,0.0409,6.0802,33.46,2.5053,High,2,4,0.57,On Track
9,3,0.3279,0.0784,0.113,0.215,26.5504,36.94,0.8643,High,2,4,0.92,On Track
6,5,0.8061,0.8556,0.5712,0.2349,8.7529,79.86,0.9969,Medium,1,1,0.631,On Track
4,1,0.2647,0.2886,0.2818,-0.0171,3.5486,25.89,0.9841,Medium,1,11,0.94,On Track
5,3,0.6238,0.772,0.5701,0.0536,5.2618,42.99,1.4179,Medium,1,11,0.873,On Track
23,9,0.4043,0.399,0.3303,0.074,27.2468,3.0,10.108,High,2,5,0.773,On Track
18,8,0.4311,0.5954,0.4859,-0.0549,16.4628,69.61,0.6105,Low,0,2,0.364,At Risk
7,6,0.8205,0.9606,0.6573,0.1632,9.1286,56.94,1.4161,Medium,1,2,0.782,On Track
23,6,0.2626,0.335,0.1766,0.0859,33.9684,47.22,0.5445,Medium,1,4,0.96,At Risk
12,5,0.44,0.6116,0.2254,0.2146,22.1872,34.57,1.237,Medium,1,6,0.79,On Track
13,5,0.4188,0.6236,0.4291,-0.0103,11.6527,47.27,0.8678,High,2,7,0.821,On Track
11,6,0.5176,0.4863,0.6596,-0.142,9.0964,20.16,2.4466,High,2,1,0.526,At Risk
14,12,0.835,0.9594,0.7492,0.0858,16.0172,48.74,1.6788,High,2,5,0.636,On Track
12,2,0.177,0.1176,0.2976,-0.1206,6.7203,59.81,0.2911,Medium,1,1,0.575,At Risk
25,19,0.7744,0.6345,0.6024,0.1721,31.542,29.22,2.5627,Low,0,6,0.939,On Track
13,8,0.587,0.4861,0.4466,0.1404,17.9136,55.31,1.0425,Low,0,10,0.708,On Track
19,17,0.906,0.6556,0.8439,0.0621,20.1444,24.42,3.564,Medium,1,8,0.446,On Track
12,5,0.4551,0.2083,0.5095,-0.0543,9.8141,3.0,11.3787,High,2,10,0.608,At Risk
3,2,0.5062,0.5045,0.5349,-0.0287,3.7392,13.52,3.4866,Low,0,7,0.611,On Track
3,1,0.2222,0.0916,0.5429,-0.3208,1.8418,64.49,0.3393,Medium,1,7,0.821,At Risk
19,0,0.0,0.0521,0.1418,-0.1418,0.0,26.93,0.0,Low,0,2,0.786,At Risk
14,9,0.6739,0.5224,0.7778,-0.1039,11.5711,58.01,1.1421,Medium,1,8,0.817,At Risk
25,12,0.4996,0.5352,0.6922,-0.1925,17.337,31.57,1.534,High,2,1,0.448,At Risk
20,3,0.1302,0.0,0.1672,-0.037,17.9445,74.27,0.173,High,2,10,0.724,At Risk
9,5,0.5624,0.6835,0.4455,0.1168,11.2224,33.25,1.6421,Medium,1,12,0.864,On Track
5,3,0.6175,0.5091,0.6674,-0.0499,4.4949,10.19,5.5163,Medium,1,10,0.678,On Track
12,6,0.4639,0.6128,0.5157,-0.0518,11.6356,38.84,1.1642,Low,0,3,0.73,At Risk
16,15,0.9216,1.0,0.905,0.0166,16.5747,56.53,1.6019,High,2,1,0.819,On Track
19,4,0.1935,0.1824,0.2159,-0.0224,18.5233,44.93,0.4213,High,2,4,0.84,At Risk
12,4,0.3344,0.3651,0.5109,-0.1765,7.8287,46.76,0.7001,Low,0,1,0.707,At Risk
3,3,0.9626,0.7998,0.8137,0.1489,3.687,97.68,0.9755,High,2,6,0.876,On Track
18,15,0.8241,0.5579,0.8615,-0.0375,17.411,71.63,1.1346,High,2,2,0.965,On Track
18,7,0.3748,0.2058,0.5575,-0.1826,12.5569,46.04,0.7967,Medium,1,12,0.894,At Risk
8,7,0.8855,0.8143,0.6892,0.1962,10.1561,3.0,22.1372,Medium,1,8,0.518,On Track
21,10,0.4704,0.3995,0.514,-0.0436,19.4555,56.59,0.8168,Medium,1,6,0.664,On Track
19,19,0.99,0.9819,0.8911,0.0989,21.3209,38.63,2.4983,Medium,1,5,0.927,On Track
21,8,0.3801,0.4764,0.0794,0.3007,100.7699,40.26,0.9213,Medium,1,3,0.633,On Track
12,7,0.6085,0.4139,0.4382,0.1703,15.9737,24.57,2.3792,Medium,1,4,0.851,On Track
25,20,0.8106,1.0,0.6651,0.1454,30.069,33.81,2.3285,Low,0,4,0.569,Excellent
18,0,0.0,0.1934,0.1734,-0.1734,0.0,53.65,0.0,Medium,1,3,0.353,At Risk
6,4,0.6889,0.5335,0.8535,-0.1646,4.6866,71.04,0.9562,High,2,11,0.747,At Risk
5,3,0.6482,0.5661,0.8807,-0.2325,3.4063,36.93,1.7092,Medium,1,8,0.846,At Risk
25,0,0.0171,0.0,0.1276,-0.1105,0.0,44.84,0.0373,Medium,1,9,0.753,At Risk
6,2,0.3879,0.5146,0.4104,-0.0226,4.8727,25.6,1.4582,High,2,11,0.645,On Track
13,6,0.4875,0.6274,0.4784,0.0091,12.5423,90.24,0.5343,High,2,6,0.656,At Risk
6,4,0.6383,0.8757,0.8484,-0.2101,4.7148,83.67,0.7539,Low,0,7,0.387,At Risk
15,6,0.3866,0.3836,0.6917,-0.3051,8.6745,26.28,1.4171,Medium,1,12,0.777,At Risk
5,5,0.99,1.0,0.8104,0.1796,6.1695,12.57,7.2942,Medium,1,7,0.755,Excellent
23,13,0.5511,0.3306,0.4812,0.0698,27.0131,53.42,1.0126,Medium,1,1,0.952,On Track
14,13,0.9397,0.6207,0.7312,0.2086,17.7793,74.95,1.2373,Medium,1,4,0.621,On Track
12,12,0.9715,1.0,0.8287,0.1428,14.4809,57.4,1.6635,Medium,1,5,0.801,On Track
16,15,0.9235,0.9059,0.6491,0.2744,23.1092,61.41,1.4798,High,2,9,0.872,On Track
19,8,0.4279,0.2672,0.549,-0.1211,14.5712,50.66,0.8283,Low,0,3,0.537,At Risk
15,6,0.3981,0.4213,0.4457,-0.0476,13.461,54.78,0.7137,High,2,11,0.793,At Risk
10,8,0.8184,0.6538,0.6725,0.1459,11.8957,63.11,1.2766,Medium,1,8,0.519,On Track
7,2,0.3072,0.1272,0.3293,-0.0221,6.0732,53.49,0.5638,Low,0,9,0.845,At Risk
22,13,0.5719,0.4923,0.5321,0.0398,24.4299,3.0,14.2985,High,2,12,0.631,On Track
22,12,0.5354,0.53,0.4562,0.0793,26.3062,46.34,1.1311,Medium,1,11,0.721,On Track
4,2,0.549,0.5983,0.5201,0.0289,3.8456,32.12,1.6574,Low,0,6,0.645,On Track
21,15,0.7255,0.9111,0.818,-0.0925,18.338,58.45,1.2204,Medium,1,6,0.717,At Risk
19,0,0.0,0.0,0.127,-0.127,0.0,20.17,0.0,Low,0,3,0.87,At Risk
17,1,0.0338,0.0,0.2522,-0.2185,3.9643,31.07,0.1053,Low,0,11,0.529,At Risk
20,20,0.9776,1.0,0.8172,0.1604,24.4735,55.74,1.7229,Low,0,12,0.45,On Track
13,9,0.7177,0.8275,0.67,0.0477,13.4335,39.78,1.7601,High,2,3,0.631,On Track
17,9,0.5548,0.5279,0.5356,0.0192,16.8031,67.57,0.8092,High,2,8,0.765,On Track
25,10,0.413,0.3878,0.6086,-0.1956,16.4323,54.94,0.7382,Medium,1,5,0.585,At Risk
21,7,0.3419,0.2635,0.267,0.0749,26.2148,42.54,0.7853,Medium,1,4,0.913,At Risk
7,0,0.0,0.0,0.204,-0.204,0.0,47.03,0.0,High,2,6,0.78,At Risk
17,6,0.3496,0.5745,0.3327,0.017,18.0357,36.59,0.9302,High,2,11,0.39,On Track
25,15,0.6149,0.745,0.6631,-0.0482,22.621,23.9,2.4692,Medium,1,4,0.906,On Track
19,10,0.5243,0.3516,0.6077,-0.0834,16.4545,53.95,0.9543,Low,0,4,0.798,At Risk
11,4,0.3278,0.5069,0.293,0.0348,13.6511,33.73,0.9438,Low,0,5,0.952,On Track
25,16,0.6402,0.5519,0.6306,0.0096,25.3713,37.63,1.6576,Medium,1,10,0.834,On Track
7,3,0.3606,0.4057,0.2489,0.1117,12.0546,28.11,1.2385,Medium,1,12,0.902,On Track
7,5,0.6776,0.934,0.5631,0.1145,8.8795,15.96,3.9949,Medium,1,4,0.508,Excellent
13,5,0.4204,0.3003,0.5084,-0.0881,9.8338,27.02,1.5004,High,2,10,0.622,At Risk
19,6,0.3226,0.4902,0.3844,-0.0618,15.6083,50.7,0.6239,Medium,1,6,0.777,At Risk
8,2,0.271,0.3207,0.2971,-0.0261,6.7312,42.56,0.6223,High,2,4,0.822,At Risk
13,5,0.367,0.5372,0.4,-0.0329,12.5008,29.21,1.2148,Low,0,4,0.98,On Track
11,5,0.4147,0.6785,0.4365,-0.0218,11.4546,27.11,1.4754,Medium,1,12,0.644,On Track
6,3,0.4463,0.5431,0.324,0.1223,9.2605,51.07,0.857,Medium,1,3,0.352,On Track
24,18,0.7627,0.3407,0.6095,0.1532,29.5317,33.94,2.183,High,2,2,0.814,On Track
9,3,0.3497,0.4615,0.3164,0.0334,9.4828,50.27,0.6822,High,2,7,0.772,At Risk
7,3,0.4254,0.1237,0.275,0.1504,10.9094,49.37,0.8444,Medium,1,3,0.961,On Track
12,8,0.6573,0.5125,0.586,0.0713,13.6517,49.91,1.291,Low,0,12,0.561,On Track
12,4,0.3549,0.4739,0.5098,-0.1549,7.8463,3.0,8.8736,High,2,7,0.759,At Risk
11,9,0.7765,0.5573,0.855,-0.0785,10.5264,72.52,1.0561,High,2,4,0.638,At Risk
6,2,0.4065,0.4151,0.5775,-0.171,3.463,54.21,0.7363,High,2,11,0.676,At Risk
6,3,0.5271,0.5156,0.3815,0.1456,7.8636,61.13,0.8484,Medium,1,5,0.777,On Track
9,5,0.5934,0.5606,0.6099,-0.0165,8.1983,47.33,1.2277,High,2,7,0.649,On Track
17,17,0.99,0.9757,0.6517,0.3383,26.0855,79.42,1.2311,Low,0,1,0.953,On Track
3,3,0.99,1.0,0.9033,0.0867,3.3212,30.67,3.1261,High,2,7,0.958,On Track
16,6,0.3676,0.3171,0.6282,-0.2606,9.5512,42.64,0.8424,Medium,1,12,0.323,At Risk
10,0,0.0,0.0753,0.05,-0.05,0.0,3.0,0.0,High,2,9,0.429,At Risk
23,2,0.0943,0.0866,0.262,-0.1677,7.634,42.16,0.2186,High,2,5,0.423,At Risk
17,8,0.4724,0.3845,0.5233,-0.0509,15.2871,83.72,0.5576,Low,0,1,0.629,At Risk
7,4,0.5763,0.7614,0.5396,0.0368,7.4133,33.75,1.6585,Low,0,5,0.724,On Track
22,18,0.8251,0.86,0.7404,0.0847,24.3119,45.42,1.7773,Medium,1,12,0.443,On Track
15,8,0.5608,0.6954,0.6057,-0.0449,13.2087,50.53,1.0882,Medium,1,1,0.686,On Track
10,6,0.6028,0.4942,0.6725,-0.0698,8.9214,51.56,1.1468,Medium,1,7,0.96,At Risk
25,13,0.5392,0.5063,0.3772,0.162,34.4601,37.01,1.4187,Medium,1,10,0.628,On Track
21,13,0.6089,0.3306,0.46,0.1489,28.2606,41.33,1.4385,Medium,1,12,0.904,On Track
23,18,0.7793,0.9363,0.7982,-0.0189,22.5516,93.18,0.8275,Medium,1,7,0.884,On Track
10,6,0.5582,0.3831,0.3931,0.165,15.2616,39.45,1.3801,High,2,11,0.776,On Track
23,6,0.2497,0.167,0.5974,-0.3478,10.0429,53.37,0.4592,Medium,1,11,0.899,At Risk
25,5,0.209,0.205,0.1285,0.0805,38.9045,24.24,0.828,High,2,10,0.583,On Track
10,3,0.3281,0.418,0.3081,0.02,9.7366,64.81,0.4986,Medium,1,11,0.874,At Risk
8,4,0.5287,0.5532,0.431,0.0976,9.2801,53.8,0.9648,High,2,11,0.846,On Track
6,0,0.0,0.0638,0.1142,-0.1142,0.0,28.29,0.0,High,2,8,0.774,At Risk
16,9,0.5495,0.4997,0.5975,-0.048,15.063,87.62,0.62,Medium,1,6,0.822,At Risk
11,3,0.3138,0.4404,0.2522,0.0616,11.8954,26.66,1.1343,High,2,11,0.752,On Track
25,10,0.3802,0.4117,0.4572,-0.0769,21.8744,75.73,0.4956,Medium,1,2,0.877,At Risk
16,5,0.3189,0.1418,0.2147,0.1042,23.2852,34.28,0.9039,High,2,4,0.752,On Track
15,11,0.7182,0.9155,0.7324,-0.0142,15.0188,37.81,1.8507,High,2,12,0.583,On Track
25,9,0.3721,0.1477,0.148,0.2241,60.8223,71.75,0.5115,High,2,11,0.717,At Risk
8,4,0.4498,0.2879,0.5431,-0.0933,7.3656,43.81,1.0037,Medium,1,5,0.722,At Risk
16,10,0.6147,0.3546,0.5762,0.0385,17.3554,69.14,0.8764,Low,0,8,0.887,On Track
17,10,0.5657,0.5589,0.4314,0.1342,23.1792,47.65,1.1628,Medium,1,1,0.399,On Track
22,13,0.5817,0.6729,0.6742,-0.0924,19.2825,65.52,0.8746,Low,0,7,0.773,At Risk
19,13,0.6852,0.7436,0.7094,-0.0242,18.3252,26.6,2.4829,Low,0,11,0.78,On Track
24,11,0.4449,0.2566,0.7129,-0.268,15.4309,53.04,0.8232,Medium,1,3,0.884,At Risk
23,12,0.5328,0.5644,0.6778,-0.145,17.7049,63.17,0.8302,High,2,6,0.954,At Risk
3,1,0.2649,0.142,0.2841,-0.0192,3.5201,34.64,0.7433,High,2,7,0.824,At Risk
18,7,0.4049,0.5339,0.06,0.3449,116.6599,57.88,0.6876,Medium,1,2,0.706,At Risk
4,0,0.0335,0.0,0.1995,-0.1659,0.0,3.0,0.8382,High,2,5,0.622,At Risk
20,6,0.2984,0.3301,0.2231,0.0753,26.8888,60.11,0.4883,Low,0,4,0.556,At Risk
8,5,0.658,0.4658,0.7963,-0.1383,6.2787,81.54,0.7972,Medium,1,12,0.732,At Risk
9,7,0.7384,0.9749,0.6354,0.103,11.0159,19.31,3.6349,High,2,9,0.605,Excellent
14,7,0.502,0.2894,0.5071,-0.0052,13.803,22.65,2.1228,Medium,1,2,0.554,On Track
21,21,0.99,1.0,0.7447,0.2453,28.1991,47.37,2.0468,High,2,8,0.756,Excellent
20,8,0.4205,0.4442,0.4976,-0.0771,16.0769,48.81,0.8442,High,2,4,0.561,At Risk
25,17,0.6704,0.5757,0.4246,0.2459,40.041,57.01,1.1557,Medium,1,8,0.907,On Track
19,12,0.6372,0.5022,0.6208,0.0164,19.3308,50.05,1.2481,High,2,1,0.92,On Track
23,20,0.8869,0.9313,0.6141,0.2728,32.5666,54.45,1.5995,Medium,1,6,0.666,On Track
19,10,0.5347,0.4489,0.5637,-0.029,17.7388,58.76,0.8948,Medium,1,6,0.814,On Track
16,12,0.7783,0.5231,0.808,-0.0298,14.8508,29.48,2.5536,High,2,12,0.678,On Track
17,2,0.0991,0.0444,0.2069,-0.1078,9.6663,51.67,0.1882,Low,0,4,0.649,At Risk
24,19,0.7904,0.7602,0.708,0.0824,26.8347,49.09,1.5781,Medium,1,3,0.928,On Track
15,12,0.7962,0.7788,0.6789,0.1173,17.6764,61.65,1.2709,Medium,1,9,0.569,On Track
6,4,0.6804,0.9062,0.883,-0.2026,4.5298,32.67,2.0206,Medium,1,12,0.813,At Risk
22,12,0.5281,0.5956,0.5263,0.0018,22.8014,59.12,0.8784,Medium,1,6,0.868,On Track
23,16,0.6886,0.4651,0.6676,0.021,23.9679,97.29,0.7006,Low,0,1,0.535,At Risk
11,9,0.8616,0.6815,0.7759,0.0857,11.5994,16.64,4.8842,Medium,1,5,0.801,On Track
15,9,0.6128,0.7135,0.6001,0.0128,14.9986,55.97,1.0756,Medium,1,7,0.613,On Track
4,1,0.246,0.0888,0.3655,-0.1195,2.7358,12.14,1.8719,Medium,1,1,0.617,At Risk
5,2,0.4188,0.35,0.582,-0.1632,3.4365,59.3,0.6945,Low,0,7,0.908,At Risk
16,12,0.7642,0.796,0.8975,-0.1333,13.3706,96.35,0.785,Low,0,11,0.88,At Risk
25,7,0.2656,0.4735,0.2871,-0.0215,24.3819,10.37,2.336,Medium,1,11,0.876,On Track
14,1,0.1049,0.1798,0.2913,-0.1864,3.4329,3.0,2.6213,High,2,10,0.769,At Risk
11,4,0.3951,0.3424,0.396,-0.0009,10.1013,26.14,1.456,Low,0,2,0.766,On Track
10,6,0.632,0.611,0.6014,0.0306,9.9766,54.89,1.1307,Medium,1,5,0.916,On Track
15,5,0.3546,0.4114,0.2967,0.0578,16.85,35.97,0.9591,Low,0,9,0.466,On Track
10,6,0.6348,0.4035,0.5169,0.118,11.6084,66.44,0.9414,High,2,7,0.347,On Track
17,10,0.5865,0.4339,0.4555,0.131,21.9528,61.7,0.9354,High,2,4,0.401,On Track
8,7,0.8457,1.0,0.6784,0.1673,10.3186,41.79,1.9762,Medium,1,3,0.543,Excellent
5,4,0.722,0.5947,0.3788,0.3432,10.5597,3.0,18.0509,High,2,11,0.671,On Track
9,1,0.1451,0.154,0.2369,-0.0918,4.2205,16.61,0.8242,Medium,1,8,0.875,At Risk
23,7,0.2952,0.4278,0.1613,0.134,43.4053,13.68,2.011,Low,0,9,0.713,On Track
10,8,0.8295,0.5567,0.6699,0.1595,11.9416,50.38,1.6145,Low,0,3,0.681,On Track
14,11,0.7995,0.8577,0.8034,-0.0039,13.6919,52.93,1.4825,Low,0,11,0.725,On Track
23,15,0.6437,0.8426,0.7781,-0.1344,19.2767,114.79,0.5559,Medium,1,7,0.342,At Risk
17,14,0.8293,0.9532,0.8009,0.0283,17.4793,54.91,1.4833,High,2,5,0.904,On Track
20,16,0.7891,0.8565,0.7717,0.0174,20.7336,41.08,1.8752,Medium,1,11,0.885,On Track
7,3,0.3849,0.6797,0.3505,0.0344,8.5591,3.0,9.623,Medium,1,8,0.956,On Track
14,6,0.4253,0.3483,0.4729,-0.0475,12.6885,28.08,1.4627,High,2,4,0.886,On Track
11,6,0.5194,0.6623,0.4993,0.0201,12.016,58.3,0.876,Medium,1,12,0.572,On Track
15,8,0.5599,0.2399,0.6709,-0.1109,11.925,47.27,1.1599,Low,0,11,0.664,At Risk
11,6,0.5181,0.4648,0.3753,0.1428,15.9881,33.0,1.5237,High,2,7,0.81,On Track
24,22,0.9148,1.0,0.9295,-0.0147,23.6681,81.59,1.1077,High,2,3,0.712,On Track
18,14,0.7889,0.6553,0.7598,0.0291,18.4267,71.52,1.0878,Medium,1,1,0.658,On Track
11,4,0.3669,0.2716,0.4264,-0.0595,9.3805,37.71,0.948,Medium,1,6,0.535,At Risk
10,5,0.4666,0.5347,0.3929,0.0737,12.7261,44.87,1.0173,Medium,1,11,0.716,On Track
12,8,0.6417,0.6233,0.3113,0.3305,25.7025,56.35,1.1189,Low,0,6,0.65,On Track
18,11,0.6353,0.4252,0.7234,-0.0882,15.2052,23.51,2.5922,High,2,8,0.908,At Risk
16,2,0.1457,0.5202,0.2313,-0.0857,8.645,49.39,0.2891,Medium,1,10,0.894,At Risk
23,5,0.2072,0.4001,0.4725,-0.2652,10.5824,47.59,0.4265,Medium,1,2,0.528,At Risk
24,9,0.3798,0.1268,0.4142,-0.0343,21.73,27.5,1.3327,Medium,1,6,0.812,On Track
7,5,0.7091,0.6305,0.6207,0.0884,8.0552,50.45,1.3783,High,2,5,0.651,On Track
15,7,0.4539,0.3786,0.5597,-0.1058,12.5069,67.65,0.6612,High,2,1,0.723,At Risk
5,4,0.8836,0.9282,0.7095,0.1741,5.6377,67.87,1.283,Medium,1,10,0.931,On Track
13,5,0.4199,0.1783,0.5389,-0.119,9.2789,38.83,1.0541,Medium,1,3,0.809,At Risk
19,8,0.4406,0.5451,0.2739,0.1667,29.2041,72.62,0.5985,Medium,1,6,0.582,At Risk
23,9,0.3901,0.5796,0.3736,0.0165,24.0895,23.5,1.5925,High,2,10,0.729,On Track
3,0,0.1019,0.3311,0.1598,-0.0579,0.0,34.89,0.2839,High,2,11,0.33,At Risk
3,2,0.605,0.4564,0.5749,0.0301,3.4789,57.74,1.03,High,2,4,0.591,On Track
5,2,0.4112,0.285,0.5211,-0.1099,3.8382,13.93,2.7537,Medium,1,11,0.688,At Risk
12,7,0.5695,0.364,0.6533,-0.0838,10.7149,22.82,2.3911,Medium,1,5,0.631,At Risk
22,0,0.0,0.0,0.0626,-0.0626,0.0,62.8,0.0,Medium,1,2,0.691,At Risk
21,7,0.3552,0.4468,0.1797,0.1754,38.95,29.97,1.1466,Low,0,3,0.93,On Track
10,8,0.8217,0.8494,0.6863,0.1355,11.6572,88.92,0.9138,Medium,1,3,0.795,On Track
17,17,0.9711,1.0,0.7607,0.2105,22.3482,46.83,2.0306,Low,0,6,0.825,Excellent
7,4,0.5594,0.8877,0.5182,0.0412,7.7192,34.82,1.5617,Medium,1,4,0.696,On Track
15,6,0.4096,0.3658,0.371,0.0386,16.1742,15.7,2.4519,Low,0,9,0.89,On Track
8,6,0.7269,0.8173,0.5806,0.1463,10.3342,31.94,2.2066,Low,0,10,0.465,On Track
25,12,0.4797,0.49,0.6799,-0.2001,17.6508,34.19,1.3631,High,2,10,0.4,At Risk
5,4,0.7856,0.7805,0.758,0.0276,5.277,57.57,1.3412,Medium,1,11,0.679,On Track
20,14,0.7051,0.5481,0.7875,-0.0823,17.7786,75.34,0.9237,Medium,1,11,0.353,At Risk
12,4,0.3223,0.2128,0.2695,0.0527,14.8421,47.36,0.6663,High,2,4,0.762,At Risk
18,9,0.5049,0.4086,0.4922,0.0127,18.2856,20.88,2.3076,High,2,12,0.587,On Track
9,5,0.5357,0.2962,0.6012,-0.0654,8.317,39.85,1.3115,Medium,1,9,0.766,At Risk
5,5,0.9253,1.0,0.851,0.0743,5.8757,35.36,2.5451,High,2,12,0.622,On Track
17,5,0.2663,0.2993,0.4414,-0.1751,11.3282,12.26,2.0088,Medium,1,11,0.747,At Risk
6,2,0.3766,0.611,0.2429,0.1336,8.2324,69.97,0.5307,High,2,9,0.694,At Risk
6,2,0.375,0.4953,0.3678,0.0072,5.4385,44.77,0.8192,Medium,1,5,0.639,On Track
16,11,0.6766,0.6653,0.5894,0.0873,18.6644,66.57,1.0013,Low,0,4,0.698,On Track
7,4,0.5082,0.6022,0.4748,0.0334,8.424,83.94,0.5983,Medium,1,8,0.573,At Risk
18,5,0.2533,0.1162,0.2687,-0.0154,18.6096,3.0,6.3331,Medium,1,9,0.889,On Track
4,4,0.8769,0.9763,0.7703,0.1066,5.1928,73.9,1.1707,Medium,1,8,0.476,On Track
17,16,0.9493,1.0,0.7345,0.2148,21.7839,67.2,1.3921,High,2,3,0.73,On Track
25,24,0.9718,1.0,0.8468,0.125,28.3416,61.37,1.5582,Low,0,8,0.87,On Track
10,7,0.6606,0.684,0.5459,0.1148,12.8237,22.31,2.8337,Medium,1,8,0.943,On Track
8,2,0.3035,0.293,0.1802,0.1233,11.0999,64.61,0.4626,Medium,1,9,0.663,At Risk
22,8,0.3557,0.1521,0.4837,-0.128,16.5407,3.0,8.8926,Low,0,12,0.771,At Risk
3,2,0.5333,0.6566,0.7604,-0.2271,2.6302,35.98,1.442,High,2,3,0.682,At Risk
13,5,0.3994,0.4692,0.4109,-0.0116,12.167,71.91,0.5477,Low,0,8,0.935,At Risk
25,13,0.5188,0.5072,0.1543,0.3645,84.2333,17.27,2.8394,Medium,1,10,0.757,On Track
18,2,0.0935,0.0,0.0664,0.027,30.1012,19.01,0.467,High,2,11,0.814,At Risk
12,8,0.6709,0.875,0.6515,0.0194,12.2787,57.99,1.1374,High,2,8,0.823,On Track
14,12,0.8449,0.9367,0.743,0.1019,16.1501,37.93,2.1702,Low,0,7,0.849,Excellent
16,15,0.9139,0.674,0.7485,0.1654,20.0407,55.88,1.6067,Medium,1,11,0.865,On Track
5,3,0.6274,0.7177,0.5558,0.0716,5.3977,21.93,2.7355,High,2,3,0.899,On Track
23,17,0.7326,0.8414,0.7439,-0.0114,22.8512,44.33,1.6159,High,2,6,0.704,On Track
23,16,0.6883,0.5694,0.6468,0.0415,24.7373,57.84,1.1697,Low,0,11,0.514,On Track
3,2,0.8062,1.0,0.6637,0.1425,3.0134,31.52,2.4793,Low,0,1,0.442,Excellent
22,5,0.2417,0.2678,0.1261,0.1156,39.6598,69.29,0.3438,High,2,1,0.918,At Risk
24,8,0.3301,0.4568,0.6785,-0.3484,11.7911,70.51,0.4616,Medium,1,12,0.561,Delayed
13,7,0.5479,0.5602,0.4965,0.0514,14.0997,22.69,2.3129,High,2,2,0.699,On Track
19,14,0.7281,0.84,0.5455,0.1825,25.6622,65.16,1.1006,Low,0,8,0.951,On Track
18,11,0.6081,0.3163,0.3456,0.2624,31.8243,3.0,15.2021,Medium,1,3,0.437,On Track
4,4,0.8797,0.6957,0.7203,0.1594,5.5533,47.92,1.7982,Medium,1,4,0.85,On Track
25,21,0.8387,1.0,0.9503,-0.1116,22.0985,42.51,1.9275,Low,0,7,0.921,At Risk
23,22,0.9562,0.7152,0.9054,0.0508,24.2987,45.36,2.0625,High,2,3,0.547,On Track
13,13,0.99,1.0,0.8446,0.1454,15.3926,53.59,1.8134,Low,0,2,0.624,On Track
24,0,0.0198,0.2156,0.1101,-0.0904,0.0,50.1,0.0387,High,2,6,0.406,At Risk
13,10,0.7607,0.7698,0.7364,0.0243,13.5789,41.1,1.807,High,2,8,0.609,On Track
19,8,0.4436,0.3675,0.5904,-0.1468,13.5499,39.5,1.0955,Medium,1,9,0.467,At Risk
9,3,0.3437,0.3004,0.393,-0.0492,7.6345,40.07,0.8368,Medium,1,5,0.65,On Track
16,6,0.348,0.1028,0.5294,-0.1814,11.3333,18.29,1.8039,Medium,1,6,0.844,At Risk
16,9,0.5789,0.4708,0.5643,0.0147,15.9504,68.01,0.8389,Low,0,5,0.912,On Track
20,20,0.9846,1.0,0.863,0.1216,23.174,66.76,1.4531,High,2,1,0.456,On Track
12,4,0.3442,0.2696,0.3644,-0.0202,10.9764,41.76,0.805,High,2,5,0.886,On Track
14,3,0.2263,0.1273,0.3248,-0.0985,9.2371,16.65,1.2819,Medium,1,8,0.778,At Risk
15,2,0.1646,0.0,0.1973,-0.0327,10.1347,17.09,0.91,High,2,6,0.955,On Track
19,12,0.6556,0.6334,0.7324,-0.0768,16.3856,18.16,3.4217,Low,0,5,0.915,At Risk
19,15,0.7741,0.8343,0.7753,-0.0012,19.3466,82.79,0.9238,Low,0,6,0.621,On Track
9,6,0.6184,0.5199,0.6027,0.0157,9.9549,24.73,2.403,Medium,1,11,0.602,On Track
18,15,0.8396,0.9262,0.656,0.1836,22.8652,66.96,1.2354,Medium,1,2,0.368,On Track
13,5,0.3865,0.3113,0.6153,-0.2287,8.1267,57.34,0.6626,Low,0,4,0.875,At Risk
13,10,0.7817,0.6296,0.702,0.0796,14.2444,20.63,3.6136,Medium,1,12,0.7,On Track
12,10,0.7946,0.8433,0.5772,0.2174,17.3261,75.66,1.0365,Medium,1,3,0.813,On Track
21,1,0.0485,0.0695,0.0695,-0.0209,14.3983,69.74,0.0686,Medium,1,11,0.682,At Risk
5,2,0.454,0.668,0.2617,0.1923,7.6421,59.89,0.7456,Medium,1,1,0.503,At Risk
15,7,0.4597,0.6672,0.3663,0.0934,19.1089,26.97,1.6436,Medium,1,12,0.677,On Track
20,20,0.99,0.8906,0.7752,0.2148,25.8001,87.61,1.1173,Low,0,7,0.721,On Track
20,11,0.569,0.5956,0.8435,-0.2745,13.0411,58.32,0.9592,Low,0,10,0.66,At Risk
4,4,0.99,1.0,0.6815,0.3085,5.8697,27.66,3.4547,Medium,1,7,0.623,Excellent
12,7,0.5958,0.8959,0.5854,0.0105,11.9582,41.06,1.4166,Medium,1,2,0.692,On Track
3,2,0.7099,0.7313,0.5677,0.1421,3.5227,66.07,1.0584,High,2,1,0.411,On Track
9,0,0.0541,0.0,0.0717,-0.0176,0.0,10.97,0.4523,High,2,8,0.611,At Risk
22,3,0.1394,0.0,0.2637,-0.1242,11.3776,75.48,0.1823,Medium,1,11,0.793,At Risk
4,1,0.2076,0.5886,0.461,-0.2535,2.169,63.93,0.3197,Medium,1,9,0.746,At Risk
20,13,0.6618,0.7639,0.4886,0.1732,26.6067,81.43,0.8029,High,2,10,0.631,On Track
15,6,0.403,0.5319,0.1298,0.2732,46.2217,37.82,1.0382,Low,0,10,0.81,On Track
7,5,0.679,0.3715,0.6503,0.0287,7.6885,39.14,1.6917,High,2,11,0.738,On Track
24,18,0.7579,0.7329,0.8293,-0.0714,21.7051,66.15,1.1286,Medium,1,12,0.77,At Risk
25,19,0.7509,0.4812,0.627,0.1239,30.3041,36.46,2.0043,High,2,10,0.655,On Track
24,3,0.1139,0.1238,0.2848,-0.1709,10.5333,35.5,0.3121,Medium,1,2,0.504,At Risk
9,3,0.3351,0.2845,0.4093,-0.0743,7.3288,51.36,0.6399,High,2,1,0.8,At Risk
24,5,0.2195,0.1786,0.2933,-0.0739,17.0461,70.82,0.3056,Medium,1,11,0.711,At Risk
17,3,0.1767,0.2735,0.2658,-0.0892,11.2863,52.68,0.3291,Medium,1,11,0.819,At Risk
8,2,0.2212,0.2781,0.1843,0.0369,10.8493,96.44,0.227,High,2,2,0.454,At Risk
24,19,0.7877,0.7249,0.5923,0.1954,32.0759,86.82,0.897,Medium,1,3,0.692,On Track
4,2,0.4062,0.385,0.3572,0.0489,5.599,48.38,0.8225,Low,0,7,0.25,On Track
6,3,0.5833,0.746,0.7693,-0.1861,3.8995,76.8,0.7497,Medium,1,11,0.603,At Risk
3,0,0.0662,0.0294,0.1743,-0.1081,0.0,15.38,0.4041,Medium,1,6,0.505,At Risk
7,1,0.1186,0.0324,0.2779,-0.1592,3.5989,34.38,0.3353,High,2,5,0.978,At Risk
20,18,0.9197,0.7731,0.7152,0.2045,25.1681,8.88,9.313,Medium,1,12,0.874,On Track
11,10,0.9167,1.0,0.845,0.0717,11.8345,36.5,2.4444,Medium,1,5,0.815,On Track
8,6,0.6993,0.7715,0.7255,-0.0261,8.2707,29.81,2.2698,Medium,1,7,0.696,On Track
4,2,0.6087,0.7406,0.7479,-0.1392,2.6743,69.44,0.8641,High,2,6,0.751,At Risk
3,2,0.6157,0.3838,0.5865,0.0292,3.4102,63.49,0.9547,Medium,1,7,0.402,On Track
21,11,0.5286,0.7018,0.6828,-0.1542,16.1097,70.2,0.7424,Low,0,11,0.636,At Risk
21,4,0.1966,0.1816,0.3753,-0.1787,10.6578,28.01,0.6779,Medium,1,1,0.737,At Risk
18,17,0.9218,1.0,0.7391,0.1827,23.0003,73.2,1.2422,Medium,1,10,0.788,On Track
19,18,0.9527,1.0,0.9272,0.0255,19.4136,42.7,2.1801,Medium,1,1,0.799,On Track
6,1,0.1426,0.2308,0.3416,-0.199,2.9277,21.55,0.6324,Low,0,7,0.838,At Risk
21,18,0.8381,0.8168,0.8785,-0.0403,20.4903,43.13,1.8991,Medium,1,12,0.647,On Track
15,2,0.1311,0.3664,0.4187,-0.2876,4.7762,28.42,0.4457,Medium,1,8,0.677,At Risk
5,3,0.5034,0.5421,0.477,0.0264,6.2889,65.12,0.7614,Medium,1,1,0.681,At Risk
24,20,0.8459,0.8953,0.7613,0.0847,26.2716,52.71,1.5749,Medium,1,7,0.87,On Track
22,12,0.557,0.6566,0.7673,-0.2102,15.6394,81.84,0.6724,Low,0,10,0.522,At Risk
24,4,0.1669,0.1032,0.464,-0.2971,8.621,30.49,0.5299,High,2,3,0.825,At Risk
18,13,0.7148,0.262,0.5649,0.1499,23.013,53.38,1.3144,High,2,7,0.696,On Track
20,11,0.5383,0.5258,0.6259,-0.0877,17.5734,76.93,0.6907,Low,0,2,0.892,At Risk
5,4,0.7106,0.4948,0.7807,-0.0701,5.1238,73.42,0.9548,Medium,1,11,0.53,At Risk
18,0,0.0259,0.0934,0.3964,-0.3705,0.0,54.67,0.0465,High,2,4,0.664,At Risk
7,4,0.5503,0.6372,0.5515,-0.0011,7.2536,79.98,0.6795,Medium,1,11,0.614,At Risk
3,2,0.7238,0.6354,0.4751,0.2488,4.21,12.28,5.4512,High,2,7,0.905,On Track
3,2,0.5615,0.5938,0.3442,0.2173,5.8111,9.34,5.431,Medium,1,1,0.597,On Track
24,12,0.5027,0.3123,0.692,-0.1893,17.3411,78.06,0.6358,Low,0,11,0.781,At Risk
6,3,0.4994,0.4873,0.4672,0.0322,6.4212,77.5,0.6362,Low,0,2,0.556,At Risk
9,4,0.3937,0.398,0.4806,-0.0869,8.3226,21.52,1.7479,Medium,1,2,0.778,At Risk
7,2,0.2866,0.2429,0.3769,-0.0903,5.3063,17.24,1.5711,Medium,1,8,0.939,At Risk
3,2,0.7309,0.6747,0.7431,-0.0122,2.6913,8.48,7.7124,Medium,1,5,0.647,On Track
21,13,0.5996,0.4861,0.5464,0.0532,23.7906,29.57,1.9613,High,2,4,0.815,On Track
17,8,0.4624,0.4146,0.4484,0.014,17.8402,86.46,0.5287,High,2,12,0.741,At Risk
8,3,0.3501,0.5071,0.4444,-0.0943,6.7511,41.66,0.8206,Medium,1,1,0.906,At Risk
14,4,0.2801,0.3098,0.1466,0.1335,27.2854,49.57,0.5539,Medium,1,12,0.8,At Risk
25,22,0.8648,0.9799,0.8215,0.0433,26.7791,85.77,0.9966,High,2,12,0.497,On Track
7,3,0.4756,0.7241,0.4092,0.0664,7.332,47.93,0.972,Low,0,12,0.684,On Track
5,1,0.2445,0.3157,0.2709,-0.0264,3.6912,47.77,0.5013,Medium,1,5,0.844,At Risk
23,3,0.1463,0.1071,0.1925,-0.0463,15.5829,3.0,3.6563,Low,0,9,0.714,On Track
25,23,0.9083,0.6606,0.7101,0.1982,32.3902,80.83,1.1099,Medium,1,8,0.648,On Track
17,17,0.99,1.0,0.9212,0.0688,18.4549,26.26,3.6314,Medium,1,11,0.803,On Track
11,0,0.0,0.0335,0.2105,-0.2105,0.0,46.07,0.0,Low,0,1,0.797,At Risk
25,1,0.0333,0.0342,0.1708,-0.1375,5.8562,3.0,0.8324,Medium,1,1,0.434,At Risk
3,2,0.7332,0.559,0.7668,-0.0336,2.6081,28.38,2.4959,High,2,1,0.77,On Track
3,2,0.7182,0.5889,0.8684,-0.1502,2.3032,27.12,2.5538,Medium,1,11,0.92,At Risk
24,11,0.4696,0.4376,0.2849,0.1847,38.6135,16.0,2.7621,Low,0,10,0.291,On Track
5,2,0.4825,0.6158,0.7265,-0.2441,2.7529,42.44,1.1105,Medium,1,7,0.836,At Risk
12,3,0.2616,0.4706,0.4954,-0.2338,6.0557,47.85,0.5356,Low,0,5,0.607,At Risk
22,17,0.7775,0.8668,0.6739,0.1036,25.2271,28.85,2.6048,Low,0,3,0.881,Excellent
18,3,0.1459,0.0821,0.3067,-0.1608,9.7809,18.43,0.7507,High,2,10,0.859,At Risk
4,2,0.5611,0.3023,0.5453,0.0157,3.6674,90.0,0.6166,Low,0,6,0.843,At Risk
14,8,0.5595,0.5132,0.5732,-0.0137,13.9558,3.0,13.9887,Medium,1,10,0.759,On Track
17,17,0.99,0.7583,0.9112,0.0788,18.6557,59.63,1.6328,High,2,8,0.799,On Track
24,4,0.1854,0.1389,0.1591,0.0263,25.1459,68.11,0.2682,Low,0,3,0.763,At Risk
7,5,0.662,0.3874,0.6399,0.022,7.8133,73.06,0.8938,High,2,2,0.581,On Track
14,4,0.3074,0.4606,0.287,0.0203,13.9357,46.99,0.6405,High,2,11,0.742,At Risk
8,6,0.6896,0.893,0.7155,-0.0259,8.3862,62.54,1.0852,Medium,1,11,0.655,On Track
16,3,0.1923,0.0349,0.3815,-0.1892,7.864,28.63,0.6491,Medium,1,8,0.567,At Risk
15,9,0.6015,0.7188,0.5265,0.0749,17.0926,60.49,0.9781,Low,0,8,0.782,On Track
11,2,0.2094,0.1671,0.2688,-0.0594,7.441,43.4,0.4716,Medium,1,10,0.784,At Risk
13,6,0.4377,0.5742,0.6187,-0.181,9.6975,64.24,0.6709,Low,0,5,0.868,At Risk
11,7,0.6031,0.6917,0.747,-0.1439,9.3707,21.48,2.6835,Medium,1,1,0.659,At Risk
22,2,0.098,0.124,0.2017,-0.1038,9.9148,62.77,0.1536,High,2,11,0.825,At Risk
25,10,0.4042,0.533,0.3044,0.0997,32.8467,28.18,1.3851,High,2,10,0.755,On Track
13,4,0.301,0.4726,0.3158,-0.0148,12.6657,61.11,0.4846,High,2,10,0.829,At Risk
3,2,0.7149,0.7703,0.6962,0.0187,2.8726,79.14,0.8921,High,2,3,0.432,On Track
22,12,0.5676,0.7465,0.6933,-0.1257,17.3089,60.4,0.9244,Medium,1,5,0.586,At Risk
21,12,0.5504,0.5542,0.3311,0.2192,36.2382,5.64,8.2867,High,2,7,0.492,On Track
10,3,0.2606,0.2066,0.4016,-0.141,7.4702,64.04,0.4007,Low,0,7,0.425,At Risk
15,3,0.2184,0.4112,0.3036,-0.0852,9.8814,49.08,0.4361,High,2,11,0.281,At Risk
15,6,0.415,0.3464,0.4619,-0.0469,12.9885,63.03,0.6482,Low,0,10,0.576,At Risk
10,5,0.5114,0.4395,0.3051,0.2063,16.3901,75.14,0.6716,High,2,8,0.415,At Risk
12,6,0.5353,0.4126,0.6534,-0.118,9.1829,41.39,1.2629,Medium,1,12,0.669,At Risk
3,2,0.5806,0.4214,0.4806,0.1,4.1612,17.17,3.195,High,2,6,0.891,On Track
11,10,0.8893,0.8,0.722,0.1674,13.8512,79.94,1.0987,Low,0,5,0.592,On Track
16,5,0.3396,0.2707,0.4028,-0.0632,12.4132,50.36,0.6612,High,2,3,0.905,At Risk
21,20,0.9527,0.8909,0.7761,0.1766,25.7694,47.93,1.9472,Low,0,1,0.665,Excellent
12,9,0.7885,0.624,0.6999,0.0887,12.8599,57.77,1.3418,Medium,1,3,0.678,On Track
21,5,0.2301,0.3859,0.3095,-0.0793,16.1573,49.88,0.4522,Medium,1,3,0.375,At Risk
11,8,0.7653,0.978,0.6253,0.14,12.7931,44.07,1.6982,Medium,1,9,0.811,Excellent
24,5,0.2146,0.013,0.4374,-0.2228,11.4304,59.95,0.3521,Low,0,8,0.925,At Risk
14,14,0.9672,1.0,0.8244,0.1428,16.9812,51.28,1.8502,High,2,9,0.96,On Track
5,3,0.6876,0.5224,0.7985,-0.1109,3.7569,44.14,1.5235,High,2,9,0.684,At Risk
20,9,0.4415,0.5742,0.4999,-0.0584,18.0019,72.01,0.6048,Medium,1,8,0.604,At Risk
15,12,0.8118,0.6571,0.5226,0.2892,22.962,30.26,2.597,Medium,1,4,0.83,On Track
10,4,0.42,0.6517,0.344,0.076,11.6278,55.72,0.7404,Medium,1,5,0.767,At Risk
22,22,0.99,0.7557,0.8908,0.0992,24.6972,78.09,1.2517,High,2,1,0.541,On Track
24,18,0.7417,0.7593,0.7569,-0.0152,23.7811,32.44,2.2177,Medium,1,7,0.821,On Track
17,14,0.8476,0.5619,0.738,0.1096,18.9691,61.19,1.363,Medium,1,12,0.697,On Track
9,4,0.497,0.6318,0.6187,-0.1217,6.4651,82.33,0.5964,Medium,1,5,0.719,At Risk
21,5,0.2488,0.0641,0.3941,-0.1453,12.6864,25.62,0.9346,Low,0,1,0.881,At Risk
15,10,0.6813,0.7365,0.3192,0.3621,31.3263,89.86,0.7499,Low,0,8,0.769,At Risk
20,8,0.3803,0.2627,0.3795,0.0008,21.0819,74.35,0.5047,Low,0,2,0.728,At Risk
20,10,0.5021,0.7875,0.2741,0.228,36.4765,50.24,0.98,Medium,1,6,0.821,On Track
5,2,0.3647,0.2312,0.3994,-0.0347,5.0076,43.07,0.8275,Medium,1,4,0.693,On Track
15,4,0.2393,0.0679,0.223,0.0163,17.9351,48.9,0.4797,High,2,10,0.876,At Risk
19,12,0.6438,0.6037,0.7805,-0.1368,15.3738,31.1,2.0057,Low,0,5,0.874,At Risk
19,4,0.189,0.1719,0.4207,-0.2317,9.5085,3.0,4.7243,High,2,6,0.895,At Risk
18,6,0.3391,0.419,0.4257,-0.0866,14.0942,27.27,1.1997,Low,0,9,0.781,At Risk
21,8,0.4,0.4915,0.3,0.1,26.6647,50.47,0.7771,High,2,4,0.856,At Risk
9,3,0.3307,0.2624,0.4073,-0.0766,7.3662,52.51,0.618,High,2,4,0.899,At Risk
9,6,0.6449,0.6712,0.4795,0.1654,12.5127,36.74,1.7088,Medium,1,2,0.812,On Track
8,3,0.3888,0.4098,0.4927,-0.104,6.0883,78.62,0.4883,Medium,1,12,0.82,At Risk
12,6,0.4883,0.7317,0.377,0.1113,15.9167,17.66,2.6172,Medium,1,6,0.512,On Track
21,13,0.6243,0.7097,0.5957,0.0286,21.8214,70.59,0.8721,High,2,10,0.801,On Track
14,9,0.6784,0.629,0.7157,-0.0373,12.5754,83.0,0.8076,Medium,1,7,0.728,On Track
19,6,0.3096,0.4182,0.1962,0.1135,30.587,3.0,7.7407,Low,0,3,0.384,On Track
10,10,0.99,0.8586,0.8793,0.1107,11.3725,108.64,0.903,Medium,1,1,0.537,On Track
18,8,0.4655,0.5561,0.3878,0.0777,20.627,50.7,0.9005,High,2,6,0.567,On Track
6,5,0.9007,0.7983,0.698,0.2027,7.1634,57.45,1.5409,Medium,1,6,0.618,On Track
23,19,0.8193,0.6609,0.8931,-0.0738,21.2744,93.44,0.8675,Medium,1,8,0.58,At Risk
5,3,0.5055,0.5306,0.4727,0.0328,6.3468,66.74,0.7463,Medium,1,3,0.922,At Risk
13,5,0.423,0.5349,0.4087,0.0143,12.2347,49.78,0.8329,Medium,1,10,0.571,On Track
3,2,0.5084,0.363,0.4743,0.0341,4.217,12.8,3.6825,Medium,1,6,0.936,On Track
11,1,0.1136,0.0,0.0627,0.0509,15.9369,11.21,0.9309,High,2,9,0.794,On Track
22,4,0.1608,0.3444,0.2764,-0.1156,14.471,47.53,0.3313,Medium,1,1,0.709,At Risk
6,5,0.844,0.7953,0.5985,0.2454,8.354,83.53,0.9984,Medium,1,1,0.876,On Track
9,5,0.5521,0.7041,0.262,0.2901,19.0807,54.04,1.0032,High,2,10,0.827,On Track
18,16,0.8649,0.9158,0.6281,0.2367,25.4723,70.89,1.203,High,2,10,0.716,On Track
21,3,0.1318,0.4417,0.2393,-0.1075,12.5383,64.16,0.2023,Medium,1,4,0.685,At Risk
11,10,0.8751,0.9465,0.7257,0.1494,13.7799,44.6,1.9191,Medium,1,5,0.609,Excellent
16,5,0.3286,0.4464,0.2216,0.1069,22.5625,4.85,5.6199,High,2,2,0.715,On Track
17,3,0.1533,0.2035,0.141,0.0124,21.2839,49.44,0.304,Medium,1,10,0.787,At Risk
22,14,0.6358,0.6447,0.6177,0.018,22.6634,60.83,1.0283,Medium,1,3,0.913,On Track
11,11,0.99,0.7677,0.9329,0.0571,11.7914,72.74,1.3425,Low,0,1,0.784,On Track
13,6,0.4674,0.3105,0.5746,-0.1072,10.4418,41.45,1.101,High,2,4,0.928,At Risk
8,5,0.6281,0.5189,0.6173,0.0108,8.0997,8.28,6.7713,High,2,7,0.93,On Track
5,4,0.7117,0.8689,0.7216,-0.0099,5.5432,45.21,1.5401,High,2,1,0.669,On Track
4,3,0.7758,0.6919,0.5132,0.2625,5.8453,47.15,1.6113,Medium,1,1,0.928,On Track
20,11,0.5575,0.2718,0.1997,0.3578,55.0834,41.58,1.3093,Medium,1,6,0.797,On Track
25,7,0.266,0.3055,0.2183,0.0478,32.0691,30.55,0.8433,High,2,8,0.417,On Track
18,5,0.2904,0.2923,0.4601,-0.1697,10.8676,23.64,1.1784,High,2,2,0.563,At Risk
22,15,0.6725,0.8991,0.6212,0.0513,24.148,41.1,1.5973,Medium,1,11,0.561,On Track
15,5,0.3437,0.5236,0.2981,0.0456,16.7706,46.84,0.7185,Low,0,2,0.742,At Risk
25,15,0.5888,0.7086,0.7315,-0.1426,20.507,90.82,0.6413,Medium,1,2,0.521,At Risk
11,1,0.1363,0.078,0.1639,-0.0277,6.1,11.36,1.1028,High,2,6,0.969,On Track
21,2,0.0737,0.1257,0.1475,-0.0738,13.5584,40.09,0.1794,Medium,1,4,0.659,At Risk
23,23,0.99,0.9531,0.98,0.01,23.4694,59.05,1.6485,Low,0,2,0.71,On Track
24,15,0.6219,0.4376,0.4178,0.2041,35.9023,22.44,2.6529,Medium,1,9,0.874,On Track
15,10,0.6919,0.8442,0.6054,0.0865,16.5167,40.67,1.6607,Medium,1,3,0.869,On Track
17,5,0.285,0.3096,0.2771,0.0079,18.0439,50.5,0.5533,High,2,3,0.813,At Risk
14,9,0.6245,0.5108,0.7142,-0.0898,12.6011,78.86,0.782,Medium,1,4,0.796,At Risk
10,4,0.4131,0.5125,0.6486,-0.2354,6.1673,42.98,0.9393,Medium,1,3,0.917,At Risk
4,1,0.2352,0.1412,0.3925,-0.1574,2.5475,26.69,0.8495,Medium,1,5,0.288,At Risk
14,1,0.0768,0.0,0.135,-0.0581,7.4088,12.99,0.5494,Medium,1,1,0.916,At Risk
20,6,0.3077,0.2521,0.2245,0.0832,26.7284,47.15,0.6389,Low,0,1,0.825,At Risk
4,2,0.5982,0.4571,0.8157,-0.2175,2.4518,37.26,1.5633,High,2,5,0.837,At Risk
19,10,0.5116,0.4701,0.4389,0.0727,22.7856,39.89,1.2512,Low,0,12,0.495,On Track
23,20,0.8489,0.8811,0.8588,-0.0099,23.2889,46.18,1.7991,Medium,1,8,0.632,On Track
4,2,0.4103,0.4155,0.3682,0.0421,5.4322,52.08,0.773,Low,0,2,0.912,At Risk
7,5,0.7774,0.6817,0.9185,-0.1411,5.4435,60.57,1.2626,Low,0,6,0.821,At Risk
3,1,0.4548,0.5504,0.4752,-0.0204,2.1044,47.81,0.9318,High,2,4,0.886,On Track
24,3,0.1413,0.231,0.2673,-0.1261,11.2218,3.0,3.5314,Medium,1,12,0.25,At Risk
12,3,0.2435,0.2334,0.1902,0.0533,15.7719,68.29,0.3515,Low,0,10,0.746,At Risk
21,10,0.458,0.3723,0.4336,0.0243,23.0606,81.9,0.5524,High,2,8,0.759,At Risk
23,0,0.0,0.0218,0.078,-0.078,0.0,38.27,0.0,Medium,1,2,0.765,At Risk
18,4,0.2139,0.3316,0.316,-0.1021,12.6586,3.0,5.3473,High,2,6,0.467,At Risk
14,13,0.9176,0.8605,0.7762,0.1414,16.7487,66.89,1.3516,Medium,1,5,0.747,On Track
15,2,0.138,0.2302,0.1347,0.0033,14.8426,17.48,0.7469,Low,0,2,0.939,At Risk
14,7,0.5147,0.3119,0.4096,0.1051,17.0894,13.85,3.4667,Low,0,8,0.7,On Track
15,4,0.2486,0.0,0.1352,0.1134,29.5803,65.07,0.3762,Low,0,3,0.678,At Risk
17,17,0.99,1.0,0.9485,0.0415,17.9234,75.87,1.2878,Medium,1,4,0.964,On Track
7,2,0.3451,0.4503,0.196,0.1491,10.2062,53.96,0.6279,Medium,1,11,0.507,At Risk
3,2,0.5317,0.3772,0.6809,-0.1492,2.9372,3.0,13.2931,High,2,8,0.632,At Risk
25,20,0.8111,0.6934,0.5573,0.2538,35.8899,60.72,1.3141,High,2,4,0.812,On Track
4,2,0.396,0.5221,0.3502,0.0458,5.7107,58.01,0.671,Medium,1,3,0.924,At Risk
10,4,0.3695,0.1926,0.2304,0.1392,17.3645,72.19,0.5049,Low,0,2,0.637,At Risk
22,14,0.6541,0.4967,0.575,0.0791,24.3481,83.89,0.7706,Low,0,6,0.929,At Risk
7,2,0.2733,0.1476,0.4347,-0.1614,4.6012,57.73,0.4653,High,2,8,0.843,At Risk
6,0,0.0,0.0,0.0991,-0.0991,0.0,33.4,0.0,Low,0,7,0.766,At Risk
3,2,0.6016,0.6757,0.6428,-0.0412,3.1114,3.0,15.0403,Medium,1,11,0.972,On Track
5,2,0.4957,0.5379,0.2968,0.1989,6.7392,57.29,0.8505,High,2,8,0.783,On Track
13,1,0.0671,0.0,0.0892,-0.0221,11.2068,36.91,0.1771,High,2,6,0.873,At Risk
10,4,0.4042,0.4183,0.3509,0.0533,11.399,66.16,0.6019,High,2,8,0.594,At Risk
6,1,0.0854,0.0,0.02,0.0654,50.0,26.07,0.3153,Medium,1,11,0.983,At Risk
14,2,0.1469,0.0,0.3865,-0.2397,5.174,88.92,0.1633,Medium,1,3,0.874,Delayed
13,4,0.2835,0.3023,0.436,-0.1525,9.1733,64.63,0.432,Medium,1,4,0.916,At Risk
4,3,0.6426,0.6568,0.7427,-0.1001,4.0392,50.13,1.2568,High,2,3,0.456,At Risk
25,18,0.7186,0.4934,0.6645,0.0541,27.0887,26.68,2.5955,Medium,1,8,0.87,On Track
20,9,0.4276,0.5094,0.5108,-0.0832,17.6182,6.51,5.6961,High,2,3,0.83,At Risk
17,7,0.4024,0.611,0.3837,0.0187,18.243,55.26,0.7152,Low,0,3,0.791,At Risk
11,8,0.7347,0.8303,0.653,0.0817,12.2513,51.5,1.3994,Medium,1,7,0.805,On Track
16,14,0.8566,0.815,0.9423,-0.0857,14.8577,47.72,1.758,High,2,4,0.74,At Risk
7,6,0.8655,0.7592,0.7393,0.1263,8.1159,80.37,1.0637,Low,0,1,0.672,On Track
11,5,0.4605,0.5689,0.538,-0.0774,9.2943,50.02,0.9026,Low,0,10,0.563,At Risk
12,4,0.3328,0.1566,0.3226,0.0102,12.4009,88.52,0.3717,Low,0,6,0.68,At Risk
8,0,0.0,0.0,0.2164,-0.2164,0.0,18.96,0.0,High,2,5,0.856,At Risk
18,16,0.8747,0.7524,0.85,0.0247,18.823,37.57,2.268,High,2,2,0.894,On Track
13,7,0.5424,0.7777,0.6135,-0.0711,11.4097,47.09,1.1278,Low,0,8,0.841,At Risk
18,10,0.5501,0.3092,0.5608,-0.0107,17.8322,19.88,2.634,High,2,2,0.588,On Track
7,2,0.2543,0.2201,0.4115,-0.1571,4.8607,22.14,1.0989,Low,0,9,0.688,At Risk
4,1,0.1869,0.302,0.2546,-0.0677,3.9275,16.5,1.0678,Low,0,11,0.769,At Risk
24,10,0.409,0.3591,0.3792,0.0298,26.3741,86.11,0.4695,Low,0,4,0.581,At Risk
20,11,0.539,0.5148,0.5109,0.0281,21.5287,64.47,0.8233,Medium,1,8,0.554,On Track
12,7,0.604,0.5574,0.6979,-0.0939,10.0302,24.01,2.415,Medium,1,2,0.684,At Risk
11,10,0.8867,0.7845,0.8999,-0.0132,11.1126,72.01,1.2144,Medium,1,4,0.691,On Track
14,7,0.5029,0.4581,0.6678,-0.165,10.4816,34.59,1.413,High,2,7,0.967,At Risk
11,1,0.1312,0.0029,0.308,-0.1768,3.2466,62.32,0.2072,High,2,4,0.531,At Risk
10,7,0.6887,0.8607,0.6389,0.0498,10.956,28.64,2.3231,Medium,1,2,0.419,On Track
15,9,0.5966,0.6696,0.4429,0.1537,20.3205,3.0,14.9143,Medium,1,5,0.805,On Track
16,6,0.3989,0.3243,0.4258,-0.0269,14.0901,72.14,0.5454,Medium,1,3,0.28,At Risk
4,3,0.641,0.6036,0.5961,0.0449,5.0326,43.16,1.4515,Low,0,12,0.775,On Track
12,2,0.1496,0.0144,0.3508,-0.2011,5.7018,56.25,0.2613,Low,0,3,0.786,At Risk
23,14,0.6201,0.4628,0.6563,-0.0362,21.3315,31.72,1.8955,High,2,1,0.531,On Track
17,8,0.4416,0.4131,0.4174,0.0241,19.164,50.5,0.8574,Medium,1,9,0.909,On Track
13,5,0.3517,0.5165,0.056,0.2957,89.2994,44.37,0.7751,High,2,9,0.71,At Risk
7,6,0.8965,0.9048,0.6385,0.258,9.3975,72.49,1.2199,High,2,8,0.655,On Track
3,2,0.7119,0.9852,0.7992,-0.0872,2.5026,43.05,1.6164,Medium,1,9,0.708,At Risk
12,8,0.6651,0.4711,0.8216,-0.1565,9.7371,15.85,3.9466,Medium,1,3,0.719,At Risk
14,10,0.7173,0.597,0.8524,-0.1352,11.731,52.68,1.3361,Medium,1,7,0.494,At Risk
4,2,0.5731,0.3896,0.6487,-0.0757,3.0829,57.11,0.9863,High,2,7,0.886,At Risk
9,7,0.7543,0.6972,0.642,0.1122,10.9031,43.08,1.711,Medium,1,5,0.25,On Track
21,15,0.7052,0.5834,0.7359,-0.0307,20.3838,13.1,5.0007,Medium,1,3,0.819,On Track
7,7,0.9329,1.0,0.9267,0.0062,7.5537,40.9,2.2266,High,2,3,0.321,On Track
19,10,0.5443,0.5884,0.4545,0.0898,22.0038,69.14,0.776,High,2,4,0.63,At Risk
25,14,0.5543,0.6161,0.6291,-0.0747,22.2556,32.3,1.6645,Medium,1,3,0.931,At Risk
9,5,0.5677,0.3025,0.5385,0.0292,9.2852,49.94,1.1145,Medium,1,10,0.873,On Track
5,2,0.3435,0.358,0.1977,0.1458,10.1188,14.06,2.2802,Medium,1,2,0.571,On Track
22,14,0.6216,0.7319,0.5766,0.045,24.2806,24.29,2.4574,High,2,12,0.633,On Track
18,8,0.4501,0.6364,0.4574,-0.0073,17.4899,40.41,1.087,Medium,1,5,0.584,On Track
8,4,0.4825,0.5132,0.3049,0.1776,13.1192,22.45,2.0577,Low,0,4,0.877,On Track
7,2,0.2777,0.5894,0.444,-0.1663,4.5043,52.74,0.5167,High,2,10,0.744,At Risk
24,17,0.7224,0.8215,0.609,0.1134,27.9148,78.5,0.9087,Medium,1,12,0.741,On Track
23,11,0.4951,0.4872,0.6023,-0.1072,18.2645,39.05,1.2361,High,2,4,0.846,At Risk
21,21,0.99,1.0,0.6498,0.3402,32.3174,20.65,4.5733,Medium,1,5,0.718,Excellent
9,7,0.8202,0.7064,0.8361,-0.0159,8.3726,87.78,0.9239,High,2,1,0.497,On Track
5,1,0.1043,0.0575,0.3697,-0.2654,2.7051,52.12,0.1963,Low,0,12,0.976,At Risk
19,16,0.8207,0.6382,0.684,0.1367,23.3903,50.93,1.5803,Medium,1,7,0.666,On Track
4,2,0.4861,0.7263,0.5726,-0.0866,3.4926,16.89,2.7174,Low,0,9,0.752,At Risk
14,7,0.5102,0.5599,0.5222,-0.012,13.405,36.43,1.3631,High,2,6,0.771,On Track
12,7,0.547,0.5792,0.4792,0.0678,14.6076,39.24,1.3594,Low,0,11,0.695,On Track
18,1,0.0742,0.0,0.123,-0.0488,8.1296,25.38,0.2811,High,2,2,0.916,At Risk
3,0,0.0298,0.0,0.0397,-0.0099,0.0,29.92,0.0964,Medium,1,7,0.742,At Risk
18,9,0.4859,0.8383,0.3824,0.1036,23.5385,60.82,0.786,Medium,1,3,0.885,At Risk
24,0,0.0,0.0,0.2765,-0.2765,0.0,70.06,0.0,High,2,5,0.664,Delayed
10,9,0.8809,0.6723,0.628,0.253,14.332,65.94,1.3159,High,2,3,0.714,On Track
21,14,0.662,0.5901,0.6683,-0.0064,20.9471,58.86,1.106,Medium,1,6,0.889,On Track
4,3,0.7541,0.718,0.7642,-0.0101,3.9256,42.39,1.738,High,2,3,0.702,On Track
25,8,0.3105,0.5881,0.3211,-0.0106,24.9149,79.61,0.3852,Medium,1,6,0.874,At Risk
21,11,0.5382,0.6664,0.5031,0.0352,21.8659,20.02,2.56,Low,0,10,0.774,On Track
3,2,0.5547,0.5529,0.7079,-0.1533,2.8251,21.48,2.4676,High,2,6,0.832,At Risk
19,13,0.6928,0.8129,0.8507,-0.158,15.2807,39.47,1.7118,Low,0,8,0.668,At Risk
19,14,0.724,0.7176,0.5431,0.1809,25.7769,56.41,1.261,Medium,1,2,0.422,On Track
6,3,0.5123,0.5971,0.2906,0.2217,10.3234,44.72,1.1205,High,2,6,0.54,On Track
25,25,0.99,1.0,0.851,0.139,29.3758,69.9,1.3963,High,2,4,0.773,On Track
13,6,0.4667,0.4043,0.577,-0.1103,10.3984,43.76,1.0427,High,2,12,0.878,At Risk
15,12,0.7746,0.7128,0.6157,0.1589,19.4915,31.84,2.359,High,2,10,0.662,On Track
4,1,0.3304,0.3876,0.1852,0.1451,5.3982,65.79,0.4947,Medium,1,5,0.454,At Risk
6,2,0.2866,0.2639,0.3208,-0.0342,6.2347,7.95,3.2028,High,2,12,0.497,On Track
18,15,0.8258,0.9162,0.6967,0.1292,21.5307,48.2,1.6784,Medium,1,8,0.599,Excellent
19,10,0.5412,0.5279,0.5073,0.0339,19.712,57.58,0.9239,High,2,1,0.708,On Track
19,6,0.3172,0.246,0.3328,-0.0156,18.0284,30.24,1.0155,Low,0,9,0.852,On Track
7,4,0.5142,0.3277,0.329,0.1851,12.1567,44.39,1.1327,Low,0,1,0.672,On Track
10,8,0.8145,0.8352,0.6495,0.165,12.3171,72.66,1.1057,High,2,2,0.748,On Track
10,7,0.7199,0.7566,0.6822,0.0377,10.2602,63.1,1.1231,High,2,10,0.677,On Track
8,1,0.1228,0.0443,0.3714,-0.2487,2.6922,37.5,0.3189,High,2,3,0.918,At Risk
6,3,0.4547,0.6803,0.184,0.2707,16.3039,33.47,1.3193,Low,0,5,0.827,On Track
11,4,0.3943,0.3579,0.3823,0.012,10.4633,32.27,1.185,Low,0,9,0.307,On Track
3,2,0.5421,0.4807,0.4972,0.0449,4.0227,37.77,1.3983,High,2,1,0.907,On Track
6,5,0.8343,0.8859,0.8267,0.0076,6.0484,66.23,1.241,Low,0,12,0.903,On Track
9,3,0.3306,0.4139,0.3915,-0.0609,7.6634,34.98,0.9187,Medium,1,5,0.618,At Risk
3,2,0.725,0.9108,0.7561,-0.0311,2.645,69.67,1.0258,High,2,10,0.404,On Track
23,8,0.3563,0.2016,0.6752,-0.3189,11.8491,62.38,0.5621,Medium,1,10,0.821,At Risk
17,16,0.9669,1.0,0.8816,0.0852,18.148,69.88,1.3641,High,2,9,0.697,On Track
10,7,0.6874,0.6789,0.6507,0.0367,10.7572,46.44,1.4491,Medium,1,12,0.955,On Track
17,7,0.4406,0.4529,0.2885,0.1521,24.265,100.77,0.4329,High,2,2,0.434,At Risk
14,6,0.3968,0.384,0.4049,-0.0081,14.8187,51.11,0.7615,Medium,1,2,0.459,At Risk
25,10,0.4055,0.3464,0.5197,-0.1143,19.24,77.11,0.5191,Medium,1,3,0.585,At Risk
4,3,0.702,0.7843,0.8326,-0.1306,3.6031,70.41,0.9831,Low,0,5,0.758,At Risk
6,4,0.6107,0.6788,0.6807,-0.07,5.8764,55.78,1.0756,Medium,1,8,0.654,At Risk
18,10,0.5449,0.3775,0.3884,0.1565,25.7486,50.51,1.0579,Medium,1,10,0.959,On Track
19,0,0.0,0.0318,0.1402,-0.1402,0.0,52.88,0.0,Low,0,5,0.366,At Risk
6,3,0.437,0.655,0.385,0.052,7.7919,29.81,1.4185,Low,0,2,0.726,On Track
6,3,0.4997,0.3468,0.5572,-0.0575,5.3844,95.28,0.519,Medium,1,7,0.779,At Risk
7,6,0.9015,0.9527,0.4985,0.403,12.0352,22.67,3.8086,High,2,9,0.913,Excellent
21,7,0.3342,0.2537,0.2908,0.0434,24.0725,76.67,0.4302,Medium,1,4,0.867,At Risk
10,3,0.2964,0.2632,0.3967,-0.1003,7.5616,25.1,1.1359,High,2,3,0.686,At Risk
24,2,0.0702,0.0,0.166,-0.0957,12.0506,4.63,1.2474,High,2,10,0.908,At Risk
17,4,0.2124,0.3003,0.3733,-0.1609,10.7162,8.63,2.2059,Medium,1,12,0.636,At Risk
15,6,0.3928,0.2997,0.3755,0.0173,15.9777,3.0,9.8208,Medium,1,3,0.726,On Track
3,1,0.4718,0.452,0.22,0.2518,4.5452,47.58,0.9711,Medium,1,11,0.952,On Track
15,9,0.5738,0.5071,0.509,0.0649,17.6832,59.93,0.9418,High,2,12,0.776,On Track
16,14,0.8709,0.9461,0.6663,0.2046,21.0117,51.58,1.6562,Medium,1,10,0.642,On Track
22,13,0.6071,0.6846,0.6416,-0.0344,20.2632,42.83,1.3852,Medium,1,9,0.799,On Track
4,1,0.2441,0.236,0.3777,-0.1336,2.6476,60.67,0.3957,Low,0,7,0.751,At Risk
4,2,0.4895,0.4104,0.5134,-0.0239,3.8958,7.43,5.8071,Low,0,6,0.737,On Track
13,8,0.6261,0.7043,0.5259,0.1001,15.2108,7.6,7.2794,High,2,7,0.643,On Track
10,4,0.3912,0.2332,0.5863,-0.195,6.823,31.95,1.1871,Low,0,6,0.778,At Risk
25,4,0.1542,0.0,0.0682,0.086,58.6426,35.75,0.4196,Low,0,7,0.764,At Risk
21,21,0.99,1.0,0.7183,0.2717,29.2363,37.32,2.5835,Low,0,6,0.809,Excellent
15,14,0.9447,1.0,0.9347,0.01,14.9776,37.79,2.4354,Low,0,9,0.694,On Track
4,2,0.3911,0.2257,0.1049,0.2863,19.0729,37.03,1.0285,Low,0,6,0.897,On Track
19,6,0.3142,0.0912,0.5329,-0.2188,11.2585,109.33,0.2848,Low,0,3,0.621,Delayed
24,6,0.2619,0.2655,0.3987,-0.1368,15.0483,22.31,1.1235,Medium,1,6,0.612,At Risk
10,3,0.3047,0.2366,0.3965,-0.0919,7.5654,25.53,1.1485,Low,0,7,0.561,At Risk
24,8,0.3167,0.076,0.494,-0.1773,16.195,20.06,1.5035,High,2,11,0.588,At Risk
3,2,0.6944,0.8275,0.4652,0.2292,4.2992,62.62,1.0914,Medium,1,6,0.797,On Track
6,2,0.3454,0.4766,0.5438,-0.1984,3.6777,64.63,0.5263,Low,0,9,0.665,At Risk
8,2,0.2456,0.2236,0.079,0.1666,25.3136,19.84,1.1786,Medium,1,2,0.854,On Track
13,0,0.0214,0.0171,0.1505,-0.1291,0.0,4.12,0.4177,Medium,1,7,0.652,At Risk
9,6,0.6549,0.7559,0.6951,-0.0402,8.632,78.04,0.8285,Medium,1,9,0.864,On Track
24,12,0.4959,0.6787,0.5461,-0.0503,21.9722,3.0,12.3969,Medium,1,1,0.89,At Risk
10,6,0.5846,0.4988,0.4623,0.1223,12.9784,57.95,0.9917,High,2,3,0.706,On Track
16,7,0.4304,0.4889,0.5725,-0.1421,12.2268,17.45,2.333,Medium,1,7,0.851,At Risk
17,6,0.3759,0.2885,0.3616,0.0144,16.5947,49.89,0.7387,Medium,1,11,0.771,At Risk
4,1,0.3017,0.3449,0.4214,-0.1197,2.3729,37.62,0.7814,High,2,1,0.774,At Risk
4,2,0.5889,0.5814,0.5305,0.0583,3.7699,63.37,0.9149,Low,0,11,0.934,On Track
22,3,0.129,0.0301,0.2378,-0.1087,12.6172,50.34,0.2513,High,2,5,0.758,At Risk
24,10,0.4318,0.0,0.48,-0.0482,20.834,3.0,10.7958,High,2,10,0.362,On Track
11,11,0.99,1.0,0.9025,0.0875,12.189,59.47,1.6371,High,2,11,0.825,On Track
20,12,0.6032,0.9972,0.7067,-0.1035,16.9803,60.79,0.9762,High,2,1,0.8,At Risk
22,13,0.607,0.4981,0.7093,-0.1023,18.3278,56.68,1.0523,Medium,1,2,0.576,At Risk
11,6,0.5475,0.5922,0.2941,0.2535,20.4027,55.91,0.9621,Low,0,2,0.724,On Track
19,10,0.5018,0.3872,0.2753,0.2264,36.3213,56.88,0.8669,Medium,1,1,0.589,On Track
16,11,0.676,0.5837,0.8235,-0.1475,13.357,38.45,1.7136,Low,0,4,0.749,At Risk
4,2,0.4395,0.3966,0.6326,-0.1931,3.1614,48.33,0.8909,High,2,5,0.763,At Risk
6,6,0.99,1.0,0.9029,0.0871,6.645,32.47,2.9575,High,2,5,0.403,On Track
14,9,0.6694,0.5717,0.8,-0.1305,11.2506,61.54,1.0704,High,2,11,0.892,At Risk
8,2,0.2286,0.4136,0.2556,-0.027,7.8242,52.73,0.4254,High,2,2,0.795,At Risk
4,1,0.2725,0.5644,0.2452,0.0273,4.0782,39.41,0.6743,Low,0,10,0.815,At Risk
19,4,0.2226,0.2529,0.0968,0.1258,41.3188,41.33,0.5259,Medium,1,5,0.914,At Risk
5,2,0.3636,0.3931,0.379,-0.0154,5.2774,69.94,0.5126,High,2,8,0.932,At Risk
21,10,0.499,0.5709,0.3896,0.1094,25.6669,5.65,7.5072,Medium,1,9,0.582,On Track
7,5,0.6952,0.6285,0.5931,0.1022,8.431,34.37,1.9655,Medium,1,8,0.841,On Track
6,1,0.1825,0.0534,0.2168,-0.0343,4.6123,51.49,0.3476,Medium,1,9,0.853,At Risk
7,0,0.0,0.0,0.0938,-0.0938,0.0,59.89,0.0,Low,0,5,0.679,At Risk
16,14,0.8527,0.9157,0.6518,0.2009,21.4786,41.19,2.0209,Medium,1,10,0.853,Excellent
12,6,0.5004,0.4516,0.282,0.2184,21.2734,68.49,0.7201,Medium,1,5,0.569,At Risk
10,2,0.2245,0.3528,0.188,0.0365,10.6362,42.58,0.5152,High,2,12,0.659,At Risk
5,3,0.5037,0.6531,0.4182,0.0855,7.1737,34.41,1.4226,Low,0,12,0.554,On Track
20,9,0.4639,0.3791,0.6165,-0.1526,14.598,22.63,1.963,High,2,5,0.399,At Risk
17,13,0.7932,0.5436,0.8597,-0.0665,15.1209,42.6,1.8193,Medium,1,10,0.747,At Risk
25,23,0.9346,0.9465,0.8771,0.0575,26.223,98.16,0.9425,Medium,1,10,0.822,On Track
10,6,0.5919,0.813,0.5821,0.0098,10.3068,39.83,1.4499,Medium,1,11,0.855,On Track
15,15,0.99,0.8229,0.8093,0.1807,18.5357,58.54,1.6627,High,2,4,0.765,On Track
20,15,0.7269,0.8282,0.6868,0.04,21.8392,44.31,1.6043,High,2,12,0.821,On Track
14,5,0.3533,0.1456,0.1965,0.1568,25.4426,48.67,0.7113,Low,0,8,0.849,At Risk
20,2,0.1227,0.458,0.2358,-0.113,8.4823,26.85,0.4408,Low,0,5,0.762,At Risk
22,14,0.6246,0.4145,0.4614,0.1633,30.3456,57.25,1.0724,Medium,1,8,0.778,On Track
18,9,0.4918,0.8888,0.3346,0.1572,26.8978,54.13,0.892,High,2,5,0.525,On Track
3,2,0.5434,0.2142,0.5955,-0.0522,3.3584,54.23,0.9837,Medium,1,4,0.918,At Risk
13,3,0.2553,0.2761,0.4141,-0.1588,7.2449,68.0,0.37,Medium,1,4,0.633,At Risk
9,6,0.7028,0.8138,0.7813,-0.0785,7.6791,65.72,1.0534,High,2,9,0.664,At Risk
20,6,0.3184,0.3333,0.4551,-0.1367,13.1844,64.3,0.4876,Low,0,7,0.875,At Risk
21,18,0.8424,0.7661,0.7871,0.0553,22.8688,57.19,1.4476,High,2,7,0.752,On Track
3,1,0.3823,0.4912,0.3575,0.0249,2.7975,78.6,0.4803,Low,0,6,0.579,At Risk
8,6,0.7904,0.8038,0.6783,0.1122,8.8461,59.43,1.3081,Medium,1,4,0.696,On Track
13,3,0.228,0.0979,0.226,0.002,13.2718,3.0,5.7001,Low,0,9,0.639,On Track
13,8,0.6402,0.3905,0.8469,-0.2067,9.446,66.63,0.9467,Low,0,8,0.811,At Risk
11,3,0.3087,0.2323,0.4073,-0.0986,7.3656,69.75,0.4363,Medium,1,5,0.367,At Risk
9,4,0.4183,0.1504,0.5145,-0.0962,7.7749,54.1,0.7592,Low,0,5,0.602,At Risk
4,0,0.1002,0.0584,0.178,-0.0778,0.0,30.28,0.3204,High,2,1,0.591,At Risk
8,3,0.3856,0.4786,0.266,0.1196,11.2776,56.33,0.6726,Low,0,9,0.458,At Risk
5,3,0.6132,0.6593,0.3102,0.303,9.6707,19.9,2.9342,Medium,1,10,0.73,On Track
14,4,0.2991,0.3698,0.1612,0.138,24.818,47.17,0.621,Low,0,8,0.657,At Risk
24,17,0.6929,0.6476,0.6676,0.0253,25.4652,64.05,1.0652,Medium,1,1,0.652,On Track
19,11,0.5692,0.2925,0.6645,-0.0953,16.5539,52.44,1.0651,High,2,7,0.863,At Risk
17,10,0.5708,0.5755,0.5055,0.0652,19.7816,59.24,0.9474,Low,0,6,0.836,On Track
6,3,0.5064,0.5365,0.38,0.1264,7.8956,67.74,0.7367,Medium,1,9,0.603,At Risk
10,3,0.2918,0.3644,0.3452,-0.0533,8.691,89.95,0.3209,Medium,1,11,0.698,At Risk
7,3,0.431,0.5646,0.3698,0.0612,8.1127,10.61,3.7124,Medium,1,7,0.445,On Track
13,5,0.396,0.5661,0.6756,-0.2796,7.4007,61.57,0.6328,Medium,1,11,0.696,At Risk
14,10,0.7294,0.9191,0.741,-0.0117,13.4944,15.02,4.5517,High,2,3,0.681,On Track
24,9,0.3799,0.3514,0.6108,-0.2309,14.7359,35.88,1.0299,Low,0,4,0.868,At Risk
22,12,0.5392,0.3594,0.3515,0.1877,34.137,52.39,1.0101,High,2,10,0.824,On Track
11,7,0.6004,0.5004,0.4445,0.1559,15.7485,75.65,0.7833,Medium,1,9,0.903,At Risk
6,5,0.839,0.8284,0.6868,0.1522,7.2803,47.31,1.7365,Medium,1,12,0.878,On Track
18,17,0.968,1.0,0.7209,0.2471,23.5818,43.72,2.1647,Medium,1,5,0.883,Excellent
23,2,0.0876,0.1898,0.2382,-0.1506,8.3972,82.9,0.1044,High,2,12,0.848,At Risk
23,7,0.2979,0.511,0.4103,-0.1125,17.0596,57.79,0.5067,Medium,1,12,0.88,At Risk
7,3,0.4888,0.658,0.2507,0.2381,11.9645,43.99,1.0866,Medium,1,7,0.777,On Track
6,2,0.2669,0.4863,0.2808,-0.0139,7.1226,33.89,0.7648,Medium,1,1,0.789,At Risk
16,4,0.2578,0.4373,0.1667,0.0911,23.9895,27.59,0.9017,Low,0,9,0.737,On Track
21,8,0.363,0.1223,0.4875,-0.1246,16.4087,35.15,1.0042,Low,0,2,0.489,At Risk
18,3,0.1677,0.1507,0.2756,-0.1079,10.8841,60.91,0.2709,High,2,7,0.902,At Risk
21,12,0.5894,0.5247,0.715,-0.1256,16.7834,60.23,0.9626,Low,0,3,0.728,At Risk
16,4,0.261,0.3815,0.2664,-0.0055,15.0126,70.13,0.3669,High,2,5,0.803,At Risk
22,15,0.6896,0.5903,0.8002,-0.1106,18.7453,60.61,1.1193,High,2,10,0.621,At Risk
6,5,0.8865,0.9372,0.8166,0.0699,6.1229,85.47,1.0251,Low,0,7,0.885,On Track
17,6,0.3594,0.3336,0.5091,-0.1497,11.7845,64.42,0.5494,Low,0,12,0.783,At Risk
17,10,0.5606,0.548,0.6265,-0.0659,15.9605,86.3,0.6422,Medium,1,5,0.786,At Risk
14,8,0.5374,0.7649,0.652,-0.1146,12.2695,31.0,1.6793,High,2,5,0.874,At Risk
14,1,0.07,0.1011,0.1223,-0.0523,8.1738,3.0,1.7501,Medium,1,7,0.811,At Risk
19,6,0.3225,0.1259,0.5351,-0.2126,11.2126,42.87,0.7351,Low,0,9,0.867,At Risk
22,8,0.3611,0.1184,0.3964,-0.0353,20.1824,51.99,0.6815,Medium,1,7,0.591,At Risk
23,0,0.0,0.0709,0.0931,-0.0931,0.0,12.23,0.0,High,2,6,0.664,At Risk
3,2,0.5237,0.3104,0.4885,0.0352,4.0942,40.08,1.2748,Low,0,12,0.482,On Track
18,10,0.5598,0.7122,0.5309,0.029,18.837,75.18,0.7349,Low,0,7,0.531,At Risk
17,9,0.5226,0.3412,0.5036,0.019,17.8723,17.23,2.8669,Low,0,5,0.921,On Track
8,7,0.8342,0.8576,0.8762,-0.0421,7.9887,56.87,1.4415,Medium,1,9,0.721,On Track
12,3,0.2144,0.2774,0.0684,0.1459,43.8313,57.44,0.3668,Medium,1,3,0.383,At Risk
16,6,0.3831,0.2353,0.2198,0.1633,27.2962,79.97,0.4731,Low,0,10,0.823,At Risk
15,14,0.9268,0.888,0.6222,0.3046,22.4999,62.18,1.4669,High,2,10,0.516,On Track
10,6,0.6321,0.3537,0.7048,-0.0727,8.5126,72.56,0.8593,Medium,1,2,0.813,At Risk
13,5,0.4216,0.4049,0.3961,0.0256,12.624,31.92,1.2809,Medium,1,6,0.677,On Track
22,0,0.0,0.0868,0.0901,-0.0901,0.0,70.23,0.0,Medium,1,4,0.829,At Risk
13,11,0.8207,1.0,0.8887,-0.0679,12.3782,46.12,1.7418,High,2,4,0.831,At Risk
16,4,0.2268,0.104,0.4131,-0.1863,9.6821,47.84,0.4645,Medium,1,1,0.603,At Risk
3,2,0.5969,0.519,0.4407,0.1563,4.5385,115.53,0.5122,Low,0,1,0.818,At Risk
11,7,0.6494,0.6017,0.7095,-0.06,9.8665,55.3,1.1535,Medium,1,10,0.607,At Risk
18,14,0.7653,0.7546,0.8242,-0.0589,16.9854,31.08,2.386,Medium,1,5,0.718,At Risk
20,18,0.8896,0.7562,0.9009,-0.0113,19.9794,33.2,2.6011,Medium,1,5,0.526,On Track
20,6,0.3072,0.1882,0.1936,0.1136,30.9961,29.47,1.0083,High,2,10,0.589,On Track
16,13,0.8252,1.0,0.7642,0.0609,17.0102,65.72,1.2369,High,2,9,0.809,On Track
19,10,0.5417,0.6462,0.6715,-0.1298,14.891,47.48,1.1174,Medium,1,12,0.638,At Risk
24,20,0.8226,1.0,0.5125,0.3101,39.0265,83.16,0.9774,Medium,1,7,0.894,On Track
15,2,0.1327,0.0,0.2386,-0.1059,8.3813,36.01,0.3585,Medium,1,8,0.453,At Risk
14,8,0.5641,0.4085,0.2614,0.3028,30.6092,71.4,0.7792,Low,0,1,0.413,At Risk
22,14,0.6541,0.4029,0.5403,0.1138,25.911,54.05,1.1882,Medium,1,11,0.611,On Track
14,8,0.6071,0.6037,0.4801,0.1269,16.662,79.22,0.7568,Medium,1,8,0.719,At Risk
3,1,0.3374,0.3723,0.2681,0.0693,3.7298,38.42,0.8559,Medium,1,11,0.845,On Track
5,2,0.3766,0.1239,0.6547,-0.2781,3.0549,53.34,0.6931,Medium,1,9,0.7,At Risk
10,2,0.206,0.1371,0.236,-0.03,8.4749,61.75,0.3283,High,2,2,0.401,At Risk
16,7,0.4523,0.3872,0.3773,0.075,18.5542,9.53,4.2934,Medium,1,6,0.687,On Track
19,2,0.0842,0.0,0.4146,-0.3305,4.8234,44.82,0.1837,High,2,7,0.593,At Risk
23,6,0.2548,0.1905,0.366,-0.1111,16.3955,23.63,1.0346,Medium,1,9,0.949,At Risk
21,1,0.0508,0.0338,0.2241,-0.1733,4.4617,50.27,0.0991,Low,0,3,0.813,At Risk
9,2,0.2725,0.2266,0.5876,-0.3151,3.4036,42.23,0.6303,High,2,7,0.645,At Risk
18,15,0.8563,1.0,0.7115,0.1448,21.0833,90.7,0.9338,High,2,7,0.646,On Track
17,15,0.8782,0.5849,0.7718,0.1065,19.436,39.97,2.1434,High,2,10,0.924,On Track
21,0,0.0,0.0414,0.0603,-0.0603,0.0,27.93,0.0,Medium,1,6,0.687,At Risk
25,14,0.5736,0.7285,0.6713,-0.0977,20.8543,44.86,1.2509,Medium,1,9,0.541,At Risk
5,5,0.99,0.7748,0.7915,0.1985,6.3171,43.29,2.2351,High,2,3,0.752,On Track
14,10,0.7416,0.8492,0.4088,0.3327,24.4597,69.4,1.0534,Low,0,6,0.89,On Track
14,4,0.3187,0.2327,0.6115,-0.2928,6.5418,52.97,0.5905,High,2,2,0.634,At Risk
12,1,0.0724,0.0,0.2148,-0.1424,4.6546,21.53,0.3213,Low,0,9,0.678,At Risk
8,8,0.9618,1.0,0.8239,0.1379,9.7102,57.97,1.6312,Medium,1,2,0.877,On Track
23,6,0.2393,0.3861,0.2819,-0.0427,21.2808,3.0,5.9817,Low,0,5,0.949,On Track
25,11,0.4583,0.6289,0.5522,-0.0938,19.9212,51.65,0.8705,Medium,1,6,0.539,At Risk
19,11,0.5986,0.4688,0.5194,0.0792,21.1765,65.44,0.901,Medium,1,7,0.621,On Track
23,6,0.2692,0.2348,0.6353,-0.3661,9.4446,45.73,0.576,Low,0,3,0.755,At Risk
19,9,0.4704,0.5586,0.4955,-0.0251,18.1645,34.33,1.3314,High,2,5,0.662,On Track
19,10,0.5385,0.7172,0.6689,-0.1304,14.9503,63.12,0.8398,Low,0,4,0.625,At Risk
19,5,0.2876,0.0897,0.4388,-0.1512,11.3953,17.06,1.592,High,2,4,0.286,At Risk
16,3,0.1568,0.0637,0.0958,0.061,31.3202,31.77,0.4786,High,2,3,0.823,At Risk
4,3,0.6288,0.5047,0.7574,-0.1285,3.961,39.84,1.5397,High,2,11,0.506,At Risk
21,21,0.99,0.7938,0.8757,0.1143,23.9818,42.21,2.2911,Medium,1,10,0.673,On Track
6,3,0.5237,0.4173,0.5252,-0.0016,5.7119,29.51,1.7162,Medium,1,6,0.891,On Track
21,10,0.4598,0.4298,0.5015,-0.0416,19.9416,39.27,1.1418,High,2,11,0.859,On Track
23,11,0.461,0.5857,0.3877,0.0734,28.3757,23.38,1.8907,Low,0,12,0.695,On Track
4,2,0.4093,0.3354,0.3607,0.0486,5.5447,85.27,0.4744,High,2,12,0.391,At Risk
16,7,0.4261,0.4644,0.2882,0.1379,24.2876,72.34,0.5809,Medium,1,1,0.527,At Risk
3,1,0.4224,0.6619,0.5836,-0.1612,1.7135,32.25,1.2702,Medium,1,5,0.487,At Risk
25,7,0.2709,0.2376,0.3461,-0.0753,20.2229,61.36,0.4343,Medium,1,12,0.651,At Risk
20,10,0.5186,0.5788,0.6503,-0.1317,15.3776,68.71,0.7439,Medium,1,1,0.606,At Risk
12,6,0.5143,0.3955,0.4308,0.0835,13.928,41.43,1.2123,Medium,1,7,0.425,On Track
6,3,0.5697,0.546,0.6685,-0.0987,4.4878,50.01,1.117,Medium,1,10,0.899,At Risk
3,3,0.8833,1.0,0.7273,0.156,4.1251,4.3,16.6643,Low,0,11,0.502,Excellent
3,2,0.5341,0.4664,0.4417,0.0924,4.528,107.4,0.4927,Medium,1,4,0.315,At Risk
8,2,0.2079,0.2439,0.5115,-0.3036,3.9098,31.59,0.638,High,2,8,0.945,At Risk
20,16,0.7766,1.0,0.6914,0.0852,23.143,51.38,1.4825,High,2,10,0.566,On Track
11,10,0.9279,0.8276,0.8904,0.0375,11.231,84.4,1.0866,Medium,1,11,0.482,On Track
20,18,0.8822,0.8404,0.8886,-0.0064,20.2561,19.69,4.2631,Medium,1,9,0.891,On Track
7,1,0.2125,0.2451,0.3696,-0.1571,2.7057,47.38,0.4393,High,2,10,0.816,At Risk
9,7,0.8239,0.7726,0.9705,-0.1466,7.2127,38.01,2.1118,High,2,7,0.789,At Risk
22,19,0.8803,0.7776,0.907,-0.0268,20.9481,94.06,0.926,High,2,2,0.691,On Track
7,5,0.7571,0.6702,0.8477,-0.0906,5.8983,63.84,1.1676,Medium,1,3,0.631,At Risk
19,19,0.99,0.7924,0.9426,0.0474,20.156,40.77,2.3703,Low,0,9,0.744,On Track
6,4,0.7431,0.6582,0.6269,0.1161,6.3802,84.79,0.8662,High,2,1,0.482,On Track
6,3,0.5755,0.7134,0.685,-0.1095,4.3793,61.2,0.9253,Medium,1,2,0.721,At Risk
8,3,0.3392,0.4749,0.5347,-0.1955,5.6105,48.08,0.6911,Low,0,9,0.925,At Risk
18,14,0.7803,1.0,0.7579,0.0224,18.4715,47.16,1.6204,High,2,8,0.611,On Track
22,10,0.4387,0.5612,0.6971,-0.2583,14.3459,52.71,0.8168,High,2,7,0.978,At Risk
4,3,0.8123,0.8353,0.896,-0.0837,3.3482,45.91,1.7315,Medium,1,11,0.647,At Risk
3,3,0.9068,1.0,0.7294,0.1774,4.1131,34.01,2.5901,High,2,11,0.658,Excellent
21,8,0.3812,0.3049,0.2722,0.109,29.3876,75.93,0.4955,High,2,6,0.702,At Risk
7,1,0.0794,0.0164,0.2476,-0.1682,4.0386,38.35,0.2017,Medium,1,12,0.729,At Risk
10,0,0.0,0.0,0.1046,-0.1046,0.0,40.16,0.0,Low,0,6,0.799,At Risk
11,4,0.3517,0.55,0.4595,-0.1078,8.7048,64.12,0.5401,Medium,1,3,0.805,At Risk
4,2,0.4559,0.6017,0.4513,0.0046,4.4316,33.6,1.3174,Medium,1,5,0.873,On Track
23,11,0.488,0.2802,0.4121,0.0759,26.6935,43.11,1.1062,Low,0,2,0.873,On Track
21,13,0.6309,0.6294,0.8086,-0.1777,16.0773,59.22,1.0476,Medium,1,2,0.91,At Risk
14,13,0.8985,0.8395,0.7893,0.1092,16.4699,68.03,1.3016,Medium,1,4,0.886,On Track
17,12,0.7186,0.7027,0.5788,0.1398,20.7339,65.62,1.0787,Medium,1,10,0.909,On Track
15,9,0.6253,0.4932,0.4063,0.219,22.1518,44.17,1.3842,Medium,1,1,0.983,On Track
4,3,0.661,0.6155,0.5872,0.0739,5.1093,47.93,1.3509,Low,0,4,0.832,On Track
15,1,0.0746,0.0,0.2039,-0.1293,4.9047,10.23,0.664,High,2,10,0.728,At Risk
4,1,0.2915,0.2622,0.4474,-0.1558,2.2353,62.47,0.4593,High,2,8,0.441,At Risk
4,4,0.9155,0.6505,0.8477,0.0678,4.7185,50.4,1.7811,High,2,10,0.641,On Track
10,7,0.6597,0.4527,0.5982,0.0615,11.7017,52.36,1.2363,Medium,1,4,0.784,On Track
10,8,0.7842,0.7421,0.7166,0.0677,11.1644,59.05,1.306,Low,0,1,0.66,On Track
8,2,0.3009,0.2864,0.3158,-0.015,6.3326,26.71,1.0857,Medium,1,10,0.697,On Track
8,5,0.6858,0.5884,0.5557,0.1301,8.9982,25.5,2.5877,Medium,1,6,0.78,On Track
3,3,0.99,1.0,0.8873,0.1027,3.3809,46.15,2.0998,High,2,8,0.737,Excellent
12,7,0.624,0.6391,0.807,-0.183,8.6743,50.68,1.2073,High,2,7,0.628,At Risk
22,17,0.7504,0.2883,0.6296,0.1208,27.001,61.51,1.2004,Medium,1,5,0.622,On Track
18,6,0.31,0.4964,0.5973,-0.2873,10.0447,82.84,0.3698,High,2,2,0.78,Delayed
10,7,0.6661,0.5919,0.6297,0.0364,11.1167,62.7,1.0457,Medium,1,11,0.71,On Track
15,7,0.4492,0.6538,0.5059,-0.0567,13.8375,57.44,0.7687,Medium,1,11,0.922,At Risk
25,9,0.3718,0.0897,0.5184,-0.1466,17.3613,34.24,1.055,Low,0,10,0.889,At Risk
10,7,0.6744,0.8316,0.7908,-0.1163,8.8522,100.08,0.6672,Medium,1,7,0.5,At Risk
12,0,0.0088,0.1363,0.0854,-0.0766,0.0,25.57,0.0333,Low,0,7,0.785,At Risk
25,5,0.2027,0.0659,0.2481,-0.0454,20.1523,3.0,5.0673,Medium,1,8,0.876,On Track
3,2,0.632,0.6393,0.7313,-0.0993,2.735,16.17,3.6811,Low,0,4,0.517,At Risk
5,2,0.4489,0.4987,0.6077,-0.1589,3.2909,18.4,2.3135,Medium,1,3,0.675,At Risk
8,8,0.99,0.9261,0.9578,0.0322,8.3526,59.74,1.63,Low,0,6,0.25,On Track
15,3,0.2192,0.4315,0.3304,-0.1112,9.0797,44.4,0.4828,Medium,1,3,0.731,At Risk
3,2,0.5334,0.6008,0.304,0.2294,6.5798,38.62,1.3462,Medium,1,5,0.896,On Track
15,9,0.5893,0.5292,0.4944,0.0949,18.2038,100.47,0.5808,High,2,9,0.714,At Risk
14,10,0.7216,0.4974,0.8484,-0.1268,11.7865,44.35,1.5914,Medium,1,2,0.724,At Risk
13,8,0.6442,0.4227,0.351,0.2932,22.7943,79.09,0.8043,Medium,1,9,0.599,On Track
15,5,0.3661,0.4764,0.3691,-0.003,13.5459,3.0,9.1526,High,2,6,0.767,On Track
15,6,0.3757,0.5525,0.3499,0.0258,17.149,53.25,0.6926,Medium,1,11,0.886,At Risk
5,2,0.4926,0.5416,0.6378,-0.1452,3.1358,45.16,1.0673,Low,0,2,0.908,At Risk
16,10,0.608,0.6485,0.4753,0.1327,21.0412,77.48,0.7747,High,2,6,0.843,At Risk
20,2,0.1158,0.2233,0.1405,-0.0246,14.2385,48.62,0.2335,Medium,1,4,0.869,At Risk
15,11,0.7643,0.5372,0.8402,-0.0759,13.0923,40.13,1.8583,Medium,1,4,0.881,At Risk
17,7,0.3927,0.64,0.5583,-0.1655,12.5388,51.21,0.7522,Low,0,5,0.755,At Risk
14,5,0.3612,0.5208,0.2899,0.0713,17.2462,42.26,0.8351,High,2,4,0.869,On Track
16,8,0.5233,0.4763,0.2369,0.2865,33.7738,49.95,1.0272,Medium,1,1,0.778,On Track
11,8,0.6849,0.8259,0.6781,0.0068,11.7977,49.6,1.3537,Low,0,11,0.564,On Track
3,1,0.3959,0.3931,0.4827,-0.0868,2.0718,18.31,2.0507,Medium,1,6,0.595,At Risk
7,0,0.0,0.0344,0.1103,-0.1103,0.0,44.85,0.0,Medium,1,4,0.46,At Risk
25,15,0.588,0.5283,0.5976,-0.0095,25.1014,42.81,1.3421,Medium,1,3,0.742,On Track
5,0,0.0678,0.1275,0.0255,0.0424,0.0,51.6,0.129,Medium,1,4,0.909,At Risk
11,7,0.6673,0.8189,0.534,0.1333,13.1076,61.91,1.0608,Medium,1,9,0.665,On Track
7,1,0.1536,0.0897,0.195,-0.0414,5.1283,53.07,0.2841,High,2,9,0.767,At Risk
17,10,0.5961,0.5366,0.4856,0.1105,20.5948,33.93,1.7066,Medium,1,8,0.848,On Track
10,7,0.6577,0.5544,0.2493,0.4084,28.0778,47.98,1.3429,Medium,1,3,0.652,On Track
14,7,0.4973,0.5363,0.5083,-0.011,13.7703,3.0,12.4333,High,2,6,0.822,On Track
9,4,0.4271,0.4175,0.2588,0.1683,15.4567,47.83,0.8747,Medium,1,12,0.818,On Track
15,12,0.788,0.7487,0.5999,0.1881,20.0029,33.64,2.2748,Medium,1,7,0.57,On Track
23,14,0.6174,0.5377,0.8902,-0.2729,15.7264,52.84,1.1467,High,2,10,0.5,At Risk
9,0,0.0,0.0,0.1111,-0.1111,0.0,3.0,0.0,Medium,1,5,0.806,At Risk
18,11,0.6249,0.5855,0.4774,0.1475,23.0398,42.33,1.4423,Medium,1,9,0.954,On Track
9,9,0.9557,1.0,0.8581,0.0976,10.4881,38.96,2.3919,High,2,4,0.819,On Track
17,15,0.8982,0.8774,0.7709,0.1273,19.4572,45.18,1.945,Low,0,11,0.878,Excellent
7,2,0.2366,0.2811,0.1588,0.0778,12.5939,37.94,0.6077,Low,0,12,0.844,At Risk
11,11,0.99,0.6527,0.9426,0.0474,11.6703,66.16,1.4741,High,2,10,0.529,On Track
17,6,0.3702,0.4419,0.4861,-0.1159,12.3429,23.89,1.4873,High,2,10,0.642,At Risk
14,9,0.6135,0.5825,0.5995,0.0141,15.0131,38.97,1.535,High,2,9,0.387,On Track
10,1,0.113,0.0727,0.2606,-0.1476,3.837,39.26,0.2808,Medium,1,7,0.892,At Risk
22,9,0.4104,0.5606,0.4031,0.0073,22.3289,49.51,0.8125,Medium,1,9,0.845,On Track
9,9,0.99,1.0,0.8892,0.1008,10.1217,70.58,1.3831,Medium,1,3,0.803,On Track
6,4,0.6729,0.672,0.3499,0.3229,11.4305,38.14,1.7194,Medium,1,11,0.742,On Track
19,9,0.4886,0.3574,0.5161,-0.0276,17.4378,72.49,0.6648,Medium,1,2,0.459,At Risk
20,0,0.0,0.1169,0.0733,-0.0733,0.0,3.0,0.0,High,2,5,0.322,At Risk
15,12,0.8279,0.6291,0.8646,-0.0367,13.8796,54.04,1.5042,High,2,1,0.62,On Track
24,9,0.3818,0.1453,0.3986,-0.0168,22.5807,72.87,0.5168,High,2,12,0.914,At Risk
21,9,0.4307,0.4469,0.3474,0.0833,25.9061,31.57,1.3223,Medium,1,3,0.59,On Track
12,2,0.1931,0.1305,0.2828,-0.0897,7.0721,3.0,4.8268,Medium,1,1,0.862,At Risk
15,9,0.5964,0.8575,0.7398,-0.1434,12.1647,81.53,0.7227,High,2,12,0.571,At Risk
5,2,0.3563,0.4436,0.5454,-0.1891,3.6669,27.39,1.255,High,2,12,0.708,At Risk
8,5,0.6451,0.702,0.4458,0.1993,11.2151,44.92,1.4048,High,2,4,0.888,On Track
13,9,0.6721,0.6871,0.5604,0.1118,16.0614,62.32,1.0614,High,2,4,0.573,On Track
24,21,0.8836,0.8006,0.9001,-0.0165,23.3298,56.01,1.5499,High,2,2,0.616,On Track
5,4,0.7272,0.7436,0.6369,0.0903,6.2803,63.33,1.1305,Low,0,9,0.781,On Track
14,1,0.039,0.1122,0.4546,-0.4156,2.1995,41.11,0.0927,Low,0,9,0.819,At Risk
12,4,0.3222,0.3525,0.4852,-0.163,8.2437,50.08,0.6309,Medium,1,4,0.449,At Risk
5,3,0.617,0.6303,0.73,-0.1131,4.1093,51.95,1.1652,Medium,1,12,0.818,At Risk
12,7,0.5883,1.0,0.8849,-0.2966,7.9106,68.85,0.8422,Medium,1,2,0.738,At Risk
10,4,0.4304,0.5229,0.5336,-0.1032,7.4965,24.63,1.6791,High,2,5,0.892,At Risk
7,4,0.5902,0.8563,0.4197,0.1705,9.5315,79.69,0.7314,High,2,12,0.535,At Risk
15,6,0.3996,0.5742,0.3807,0.0188,15.759,71.01,0.5548,Low,0,5,0.877,At Risk
14,5,0.3341,0.2336,0.5117,-0.1776,9.772,61.22,0.537,High,2,7,0.649,At Risk
17,14,0.8461,0.9655,0.7239,0.1222,19.3384,73.7,1.1327,High,2,11,0.832,On Track
23,6,0.2684,0.2428,0.4266,-0.1582,14.0647,34.32,0.7598,Low,0,3,0.522,At Risk
11,3,0.3011,0.5301,0.2703,0.0308,11.0993,45.67,0.6451,Low,0,3,0.767,At Risk
3,1,0.225,0.2897,0.2611,-0.036,3.8303,33.84,0.646,High,2,6,0.716,At Risk
24,6,0.2328,0.24,0.3812,-0.1485,15.7389,35.32,0.6409,High,2,11,0.782,At Risk
25,7,0.2757,0.3472,0.0426,0.2332,164.471,17.99,1.4523,Low,0,6,0.678,On Track
16,6,0.3811,0.3821,0.6193,-0.2381,9.6885,41.15,0.9043,Medium,1,1,0.634,At Risk
24,19,0.8093,0.7616,0.653,0.1563,29.0977,51.68,1.5362,Low,0,12,0.933,On Track
25,17,0.6918,0.8396,0.7173,-0.0255,23.7014,57.94,1.1737,Medium,1,8,0.816,On Track
10,10,0.99,0.945,0.8489,0.1411,11.7799,37.08,2.5999,Medium,1,7,0.643,Excellent
14,3,0.2246,0.0676,0.3861,-0.1615,7.7697,55.94,0.3945,Medium,1,11,0.965,At Risk
6,4,0.6954,0.8476,0.811,-0.1156,4.9323,86.75,0.7924,High,2,3,0.892,At Risk
12,1,0.1126,0.2296,0.0928,0.0198,10.7815,50.64,0.218,Medium,1,2,0.781,At Risk
11,3,0.2618,0.1053,0.1616,0.1001,18.5604,26.25,0.9605,High,2,10,0.722,On Track
10,5,0.504,0.5367,0.4604,0.0436,10.8602,8.24,5.4563,Medium,1,12,0.793,On Track
24,20,0.8506,0.4487,0.8387,0.012,23.8471,73.33,1.1443,High,2,1,0.749,On Track
15,4,0.2758,0.2975,0.1801,0.0957,22.2098,48.33,0.5591,Low,0,1,0.72,At Risk
22,19,0.8621,0.9445,0.816,0.046,23.2832,58.74,1.4431,Low,0,3,0.574,On Track
16,3,0.164,0.0351,0.2342,-0.0702,12.8113,45.73,0.351,High,2,4,0.422,At Risk
12,12,0.99,1.0,0.9042,0.0858,13.2707,82.19,1.19,Medium,1,3,0.726,On Track
15,4,0.2957,0.3968,0.3748,-0.0792,10.6721,35.88,0.8016,High,2,12,0.512,At Risk
4,3,0.648,0.7273,0.6398,0.0081,4.6886,15.63,3.8976,Medium,1,9,0.926,On Track
12,8,0.6332,1.0,0.4951,0.1381,16.1571,42.1,1.469,Medium,1,11,0.643,Excellent
23,9,0.4129,0.1867,0.4447,-0.0318,20.2399,50.02,0.8092,Medium,1,3,0.805,On Track
21,10,0.4776,0.6161,0.5147,-0.0371,19.4283,52.06,0.9002,High,2,4,0.467,On Track
21,5,0.2355,0.4041,0.385,-0.1495,12.9878,56.98,0.4062,Low,0,8,0.752,At Risk
25,18,0.737,0.6444,0.8446,-0.1076,21.312,56.75,1.2761,Medium,1,9,0.863,At Risk
11,1,0.077,0.3835,0.1416,-0.0645,7.0632,12.74,0.5608,Medium,1,7,0.565,At Risk
24,17,0.7234,0.9795,0.4982,0.2252,34.1244,52.46,1.3531,Low,0,11,0.832,On Track
21,12,0.574,0.4865,0.602,-0.028,19.9342,64.19,0.8806,Medium,1,6,0.69,On Track
3,1,0.417,0.4814,0.6009,-0.1839,1.6642,32.22,1.2554,Medium,1,2,0.456,At Risk
23,16,0.7095,0.8013,0.851,-0.1415,18.8018,67.09,1.042,Low,0,5,0.857,At Risk
4,3,0.6884,0.8492,0.6812,0.0072,4.4042,36.05,1.8579,High,2,10,0.745,On Track
22,8,0.3626,0.4056,0.342,0.0206,23.3935,37.3,0.9468,Low,0,12,0.971,On Track
4,2,0.5107,0.5545,0.6605,-0.1498,3.028,26.88,1.832,Medium,1,4,0.867,At Risk
24,17,0.7022,0.5141,0.6479,0.0544,26.2399,59.4,1.1626,Medium,1,2,0.94,On Track
4,2,0.5066,0.7512,0.5538,-0.0472,3.6117,71.46,0.6991,Medium,1,6,0.667,At Risk
9,2,0.2606,0.3443,0.2991,-0.0385,6.6866,11.39,2.1033,Medium,1,6,0.307,On Track
5,3,0.6925,0.8533,0.4572,0.2353,6.5615,71.52,0.9549,Low,0,7,0.631,On Track
25,12,0.4719,0.5121,0.3999,0.072,30.0089,24.5,1.8508,Low,0,12,0.456,On Track
15,13,0.8979,0.7697,0.8474,0.0506,15.3419,56.99,1.5484,High,2,12,0.531,On Track
22,22,0.99,0.9292,0.8598,0.1302,25.5877,45.01,2.1519,Medium,1,4,0.5,Excellent
11,9,0.8399,0.8119,0.5751,0.2647,15.649,64.43,1.2835,High,2,9,0.426,On Track
5,2,0.4208,0.5205,0.544,-0.1233,3.6762,68.45,0.6058,Medium,1,6,0.684,At Risk
16,6,0.3737,0.366,0.1665,0.2072,36.0278,72.14,0.511,Medium,1,8,0.652,At Risk
13,9,0.6738,0.8192,0.6813,-0.0074,13.2103,72.26,0.9198,High,2,12,0.879,On Track
19,6,0.3154,0.2581,0.2742,0.0412,21.8807,9.79,2.9235,High,2,12,0.461,On Track
25,6,0.2566,0.2279,0.4811,-0.2245,12.4725,93.15,0.2725,Medium,1,11,0.771,Delayed
23,9,0.3888,0.2899,0.3955,-0.0066,22.757,50.13,0.7605,Low,0,8,0.606,At Risk
19,11,0.5998,0.5839,0.7107,-0.1108,15.4779,61.09,0.9661,Medium,1,1,0.739,At Risk
24,15,0.6169,0.4435,0.6735,-0.0565,22.273,43.94,1.3729,High,2,12,0.477,At Risk
9,4,0.4254,0.3119,0.2674,0.158,14.9602,16.23,2.469,High,2,7,0.691,On Track
24,13,0.5574,0.4506,0.4127,0.1447,31.5022,51.92,1.0533,Low,0,9,0.678,On Track
7,4,0.5207,0.2438,0.566,-0.0452,7.0676,76.95,0.6681,Medium,1,8,0.698,At Risk
9,5,0.5535,0.7087,0.2981,0.2554,16.7723,32.82,1.6369,Low,0,1,0.715,On Track
25,9,0.3558,0.6419,0.6445,-0.2886,13.9647,33.75,1.024,High,2,9,0.574,At Risk
11,5,0.4362,0.4325,0.4205,0.0157,11.8893,47.08,0.9074,Medium,1,3,0.925,On Track
20,10,0.5182,0.5657,0.5404,-0.0223,18.5034,101.68,0.5047,Low,0,3,0.966,At Risk
23,15,0.6417,0.7911,0.719,-0.0773,20.8622,37.83,1.6524,High,2,4,0.44,At Risk
20,0,0.0,0.0,0.2715,-0.2715,0.0,43.15,0.0,Medium,1,5,0.848,At Risk
10,1,0.1322,0.3035,0.0916,0.0406,10.9115,45.46,0.2846,High,2,1,0.65,At Risk
8,0,0.0,0.0,0.111,-0.111,0.0,28.17,0.0,High,2,6,0.88,At Risk
14,7,0.503,0.314,0.589,-0.086,11.885,41.01,1.1973,Medium,1,7,0.79,At Risk
5,3,0.5711,0.6587,0.6417,-0.0706,4.6754,68.32,0.8238,High,2,4,0.699,At Risk
23,10,0.4368,0.4674,0.5417,-0.1049,18.46,28.75,1.4683,High,2,5,0.425,At Risk
7,6,0.8541,0.8667,0.8181,0.036,7.3339,52.46,1.5976,Medium,1,3,0.689,On Track
24,19,0.8012,0.7531,0.5269,0.2744,36.0628,26.19,2.9471,High,2,12,0.7,On Track
18,11,0.6158,0.6232,0.6381,-0.0223,17.2378,72.45,0.8384,Low,0,11,0.718,On Track
18,12,0.6778,0.5931,0.5395,0.1383,22.2432,30.81,2.131,Medium,1,4,0.622,On Track
25,11,0.4292,0.5346,0.4818,-0.0526,22.8305,31.58,1.3174,High,2,4,0.881,At Risk
3,2,0.5319,0.4691,0.5497,-0.0179,3.6381,67.61,0.7752,Low,0,9,0.707,At Risk
25,25,0.99,1.0,0.7692,0.2208,32.5018,90.39,1.0832,Medium,1,8,0.592,On Track
7,4,0.5023,0.582,0.6254,-0.1231,6.3963,28.37,1.7101,Low,0,11,0.25,At Risk
14,7,0.5042,0.451,0.5069,-0.0028,13.8083,5.87,7.3411,Medium,1,12,0.705,On Track
12,10,0.8659,1.0,0.6566,0.2094,15.2303,51.58,1.647,Low,0,3,0.676,On Track
25,5,0.188,0.2266,0.2889,-0.101,17.3045,36.52,0.501,High,2,3,0.636,At Risk
21,1,0.0402,0.0856,0.1095,-0.0693,9.1324,62.64,0.0632,Low,0,10,0.917,At Risk
10,1,0.0535,0.0607,0.1682,-0.1147,5.9445,6.75,0.69,Medium,1,6,0.443,At Risk
23,20,0.8493,0.6786,0.7849,0.0643,25.4798,37.5,2.2061,High,2,2,0.425,On Track
20,18,0.9103,0.876,0.7083,0.202,25.4133,32.29,2.7349,Medium,1,7,0.635,Excellent
8,5,0.5908,0.8324,0.7004,-0.1096,7.1384,30.63,1.8682,High,2,11,0.671,At Risk
24,19,0.8027,0.853,0.5593,0.2434,33.971,59.93,1.3174,Low,0,3,0.861,On Track
22,4,0.1597,0.2958,0.4575,-0.2978,8.7425,48.99,0.3195,Low,0,8,0.418,At Risk
15,6,0.417,0.4791,0.6318,-0.2148,9.4968,41.76,0.9753,Medium,1,4,0.665,At Risk
6,5,0.7664,0.48,0.6178,0.1486,8.0931,75.05,1.0078,Low,0,12,0.691,On Track
12,8,0.6961,0.7409,0.7808,-0.0847,10.2457,65.9,1.0405,Medium,1,1,0.619,At Risk
14,4,0.3088,0.1802,0.4485,-0.1398,8.9182,19.67,1.4935,Low,0,8,0.557,At Risk
9,6,0.65,0.515,0.5679,0.082,10.5649,35.11,1.7999,Medium,1,1,0.847,On Track
4,2,0.4525,0.2618,0.4968,-0.0443,4.0256,62.94,0.7077,Medium,1,5,0.904,At Risk
12,6,0.482,0.6929,0.6081,-0.1261,9.8664,53.4,0.886,Medium,1,4,0.624,At Risk
6,3,0.5167,0.5099,0.4495,0.0672,6.6735,63.56,0.8004,High,2,12,0.869,On Track
12,9,0.7275,0.804,0.6607,0.0668,13.6225,48.05,1.483,High,2,8,0.965,On Track
6,1,0.2276,0.212,0.3533,-0.1258,2.8301,28.55,0.7702,Low,0,3,0.695,At Risk
13,4,0.2693,0.1851,0.3966,-0.1273,10.0869,68.42,0.3879,Medium,1,8,0.457,At Risk
17,8,0.493,0.6256,0.4854,0.0076,16.4801,39.56,1.2155,High,2,10,0.747,On Track
14,7,0.4942,0.6314,0.4211,0.0731,16.6231,25.49,1.8653,Medium,1,5,0.58,On Track
8,3,0.3336,0.2318,0.3714,-0.0379,8.0767,63.68,0.5157,High,2,9,0.88,At Risk
5,3,0.5022,0.6601,0.6124,-0.1102,4.8987,50.33,0.9783,Medium,1,1,0.436,At Risk
3,1,0.4305,0.5191,0.4277,0.0028,2.3379,35.77,1.1706,Low,0,8,0.87,On Track
18,12,0.6513,0.7926,0.641,0.0103,18.7213,20.31,3.0559,Medium,1,2,0.62,On Track
25,15,0.5979,0.4417,0.3978,0.2001,37.704,4.26,11.3728,High,2,6,0.587,On Track
21,8,0.4019,0.3905,0.337,0.0649,23.7375,41.68,0.9416,Medium,1,5,0.689,On Track
6,4,0.636,0.7235,0.7013,-0.0653,5.7036,70.92,0.8843,Medium,1,11,0.746,At Risk
18,18,0.9736,1.0,0.8676,0.106,20.7464,11.17,7.9991,High,2,7,0.422,Excellent
18,11,0.629,0.9377,0.4957,0.1334,22.193,42.67,1.4404,Low,0,4,0.772,Excellent
20,12,0.5914,0.6164,0.632,-0.0405,18.9879,46.05,1.2571,High,2,6,0.647,On Track
3,1,0.2645,0.1038,0.2748,-0.0103,3.6386,37.14,0.6935,Medium,1,6,0.843,At Risk
5,4,0.8667,1.0,0.8596,0.0071,4.6532,60.08,1.419,Low,0,11,0.884,On Track
12,11,0.9268,0.8784,0.7309,0.1959,15.0498,51.43,1.7679,Medium,1,11,0.737,On Track
22,13,0.5887,0.6429,0.5281,0.0606,24.6165,50.62,1.1404,Medium,1,12,0.818,On Track
23,8,0.336,0.4677,0.3865,-0.0505,20.6969,30.4,1.07,Medium,1,12,0.874,At Risk
11,8,0.7526,0.75,0.3982,0.3544,20.0886,62.84,1.1789,High,2,11,0.816,On Track
10,6,0.5566,0.2569,0.6488,-0.0922,9.2474,51.4,1.0623,High,2,2,0.878,At Risk
7,0,0.0,0.0,0.281,-0.281,0.0,10.83,0.0,Medium,1,12,0.75,At Risk
3,2,0.6151,0.5598,0.5714,0.0436,3.5001,54.14,1.1155,High,2,1,0.848,On Track
15,9,0.6311,0.4228,0.3771,0.254,23.8667,34.99,1.7533,Low,0,3,0.457,On Track
12,0,0.0,0.2131,0.2187,-0.2187,0.0,27.92,0.0,Medium,1,6,0.767,At Risk
8,4,0.5088,0.384,0.5704,-0.0616,7.0122,58.0,0.8624,Medium,1,11,0.837,At Risk
19,7,0.3486,0.2678,0.4125,-0.0639,16.9699,25.4,1.3204,Medium,1,11,0.829,At Risk
8,3,0.3912,0.4193,0.5575,-0.1662,5.3815,35.38,1.0754,Medium,1,2,0.92,At Risk
12,6,0.4609,0.3559,0.5844,-0.1235,10.2673,64.31,0.7057,High,2,12,0.862,At Risk
22,11,0.5221,0.6418,0.3671,0.155,29.9628,55.77,0.9196,Medium,1,6,0.423,On Track
15,14,0.9205,0.6946,0.8787,0.0418,15.9329,34.49,2.5934,High,2,3,0.623,On Track
23,9,0.3816,0.1242,0.2891,0.0925,31.1295,54.04,0.6933,High,2,6,0.734,At Risk
13,9,0.7215,0.6924,0.5897,0.1319,15.2629,18.44,3.7108,Medium,1,4,0.8,On Track
14,6,0.4288,0.2831,0.4892,-0.0604,12.2654,47.41,0.8858,High,2,3,0.719,At Risk
20,9,0.463,0.3565,0.562,-0.099,16.0142,51.82,0.8765,High,2,6,0.836,At Risk
11,7,0.613,0.5605,0.5346,0.0784,13.0935,43.2,1.3868,Medium,1,4,0.436,On Track
4,3,0.7265,0.5175,0.7245,0.002,4.1406,54.39,1.3117,Medium,1,1,0.624,On Track
6,1,0.179,0.2731,0.1598,0.0192,6.2589,61.65,0.2857,Medium,1,10,0.786,At Risk
23,13,0.5862,0.5427,0.4906,0.0956,26.499,41.51,1.3791,Medium,1,12,0.722,On Track
15,8,0.5317,0.5629,0.491,0.0406,16.293,39.44,1.3148,Medium,1,1,0.756,On Track
9,1,0.0619,0.0285,0.3162,-0.2543,3.1627,32.26,0.1861,High,2,8,0.58,At Risk
16,13,0.791,0.6523,0.7869,0.0041,16.5199,34.18,2.2485,High,2,8,0.419,On Track
8,0,0.0,0.0,0.1071,-0.1071,0.0,33.09,0.0,Medium,1,5,0.763,At Risk
22,14,0.6321,0.6583,0.6794,-0.0472,20.6079,72.04,0.8655,Medium,1,10,0.748,On Track
23,20,0.85,0.7836,0.6612,0.1888,30.2474,71.89,1.1661,Low,0,2,0.725,On Track
7,5,0.7406,0.9141,0.7456,-0.005,6.7057,47.98,1.512,Medium,1,12,0.775,On Track
10,6,0.5603,0.7351,0.4699,0.0904,12.7691,30.26,1.7926,Medium,1,3,0.866,On Track
7,1,0.1786,0.1384,0.1551,0.0235,6.4457,62.48,0.2814,High,2,8,0.791,At Risk
23,22,0.9513,0.8172,0.8089,0.1424,27.1966,53.55,1.744,Medium,1,7,0.659,On Track
5,2,0.4193,0.6654,0.3299,0.0895,6.0633,18.48,2.1521,High,2,1,0.587,On Track
17,11,0.6439,0.8275,0.3832,0.2607,28.7065,60.26,1.0511,Medium,1,8,0.703,On Track
9,8,0.8353,0.8138,0.58,0.2553,13.7936,50.25,1.6299,Low,0,4,0.337,On Track
14,6,0.4107,0.8141,0.465,-0.0542,12.9035,9.68,3.8446,Medium,1,1,0.672,At Risk
4,2,0.4204,0.3106,0.3156,0.1048,6.3368,28.22,1.4386,Medium,1,10,0.639,On Track
19,1,0.0347,0.0,0.0898,-0.0551,11.1398,16.5,0.1983,High,2,7,0.675,At Risk
7,3,0.3919,0.2794,0.5576,-0.1656,5.3806,40.4,0.9467,Medium,1,5,0.396,At Risk
5,5,0.99,0.7694,0.7705,0.2195,6.4891,3.0,24.75,Low,0,11,0.649,On Track
4,2,0.4156,0.5208,0.2994,0.1162,6.68,38.28,1.058,Low,0,9,0.772,On Track
25,22,0.8832,0.7011,0.8832,0.0,24.9094,62.94,1.3814,High,2,7,0.662,On Track
13,5,0.3866,0.5807,0.6424,-0.2558,7.7829,66.33,0.5742,Medium,1,2,0.959,At Risk
17,5,0.2984,0.4746,0.1892,0.1091,26.4219,17.21,1.639,Medium,1,1,0.783,On Track
24,4,0.1751,0.2384,0.2074,-0.0323,19.291,21.35,0.7835,Medium,1,3,0.781,At Risk
8,4,0.5028,0.426,0.5988,-0.096,6.6801,33.23,1.4689,Medium,1,7,0.745,At Risk
12,8,0.6978,0.6892,0.4902,0.2076,16.3187,74.48,0.9245,High,2,1,0.685,On Track
17,14,0.8425,0.923,0.6205,0.222,22.5639,45.68,1.8046,Medium,1,10,0.699,Excellent
24,15,0.6082,0.4399,0.3641,0.2441,41.2014,38.71,1.5316,High,2,6,0.548,On Track
21,21,0.99,1.0,0.8442,0.1458,24.8755,68.1,1.4328,High,2,4,0.717,On Track
18,16,0.8928,0.6964,0.6054,0.2874,26.4299,29.15,2.9608,High,2,2,0.557,On Track
20,1,0.0698,0.3779,0.3614,-0.2916,2.767,47.66,0.1434,High,2,6,0.553,At Risk
19,15,0.8092,0.6839,0.846,-0.0369,17.7295,71.16,1.1213,Low,0,8,0.904,On Track
16,12,0.7574,0.6363,0.776,-0.0186,15.4639,75.93,0.9846,Low,0,9,0.664,On Track
23,7,0.3014,0.1698,0.4372,-0.1358,16.0123,39.01,0.7534,Medium,1,3,0.783,At Risk
15,9,0.5876,0.8079,0.7734,-0.1858,11.6377,42.43,1.3528,High,2,10,0.68,At Risk
22,13,0.5991,0.7023,0.6073,-0.0082,21.4071,16.5,3.4241,Medium,1,2,0.868,On Track
4,1,0.3465,0.1658,0.3875,-0.041,2.5806,42.99,0.7875,Medium,1,12,0.8,At Risk
24,11,0.4483,0.2854,0.724,-0.2757,15.1934,62.45,0.7066,Medium,1,6,0.303,At Risk
22,17,0.7919,0.6992,0.922,-0.1301,18.4377,60.92,1.2791,Medium,1,11,0.878,At Risk
12,9,0.7642,0.5875,0.7029,0.0614,12.8049,38.98,1.9114,High,2,10,0.863,On Track
21,0,0.0,0.0,0.1552,-0.1552,0.0,99.1,0.0,Medium,1,7,0.808,At Risk
14,5,0.3221,0.3444,0.2238,0.0983,22.3387,47.85,0.6595,Medium,1,8,0.688,At Risk
24,22,0.9312,0.8544,0.8847,0.0465,24.8671,70.21,1.3078,Low,0,11,0.712,On Track
7,5,0.7376,0.4485,0.7262,0.0114,6.8853,72.62,1.0019,Medium,1,5,0.25,On Track
13,12,0.9091,0.9823,0.8347,0.0743,14.3759,97.22,0.9255,Medium,1,9,0.403,On Track
23,11,0.4571,0.3943,0.4352,0.0219,25.2764,32.64,1.359,High,2,1,0.873,On Track
9,3,0.3392,0.3564,0.4775,-0.1383,6.2825,74.6,0.4487,High,2,4,0.894,At Risk
24,18,0.736,0.9616,0.8446,-0.1086,21.3114,92.12,0.7903,High,2,12,0.573,At Risk
17,2,0.1022,0.0,0.2375,-0.1353,8.4195,65.85,0.153,Low,0,12,0.609,At Risk
5,4,0.7323,0.9935,0.85,-0.1178,4.7056,64.93,1.1107,Medium,1,3,0.78,At Risk
24,14,0.5835,0.5638,0.7666,-0.1831,18.2614,40.12,1.4191,Low,0,10,0.532,At Risk
14,9,0.6324,0.677,0.5309,0.1016,16.953,83.15,0.7516,High,2,9,0.826,At Risk
21,9,0.4254,0.4846,0.232,0.1934,38.7887,57.47,0.7276,Medium,1,7,0.973,At Risk
14,10,0.6998,0.7572,0.4519,0.2479,22.128,61.69,1.1164,Low,0,9,0.943,On Track
10,7,0.7038,0.5232,0.7676,-0.0637,9.1196,66.83,1.0377,Medium,1,10,0.891,At Risk
17,7,0.3849,0.1557,0.2924,0.0925,23.9425,14.07,2.5531,Low,0,7,0.707,On Track
11,6,0.5674,0.4627,0.441,0.1264,13.605,4.79,9.7928,Medium,1,2,0.828,On Track
10,1,0.1158,0.0,0.0486,0.0673,20.5923,22.18,0.4997,Medium,1,3,0.428,At Risk
9,5,0.5783,0.8553,0.7136,-0.1353,7.007,68.5,0.832,Medium,1,9,0.753,At Risk
6,4,0.6541,0.7509,0.7744,-0.1204,5.165,39.31,1.6224,Low,0,4,0.958,At Risk
11,7,0.638,0.4702,0.4541,0.1839,15.4136,31.96,1.9355,Low,0,11,0.738,On Track
6,1,0.144,0.2026,0.1603,-0.0162,6.2401,23.93,0.5778,High,2,4,0.848,At Risk
19,2,0.1148,0.4092,0.219,-0.1042,9.1333,31.63,0.3519,High,2,11,0.96,At Risk
11,5,0.4173,0.4675,0.6013,-0.184,8.3157,44.99,0.9073,Medium,1,12,0.685,At Risk
18,12,0.6917,0.6672,0.6086,0.0831,19.7184,56.63,1.2001,Medium,1,4,0.875,On Track
20,0,0.0,0.15,0.0941,-0.0941,0.0,3.0,0.0,Medium,1,8,0.746,At Risk
10,7,0.7357,0.5043,0.813,-0.0773,8.6104,39.88,1.7999,Medium,1,9,0.852,At Risk
21,1,0.0671,0.334,0.212,-0.1449,4.7174,16.4,0.3857,Medium,1,12,0.585,At Risk
6,5,0.8968,0.8257,0.8107,0.0861,6.1674,43.39,2.0202,High,2,12,0.57,On Track
19,15,0.7687,0.7625,0.7816,-0.013,19.1905,112.74,0.6758,Low,0,10,0.561,At Risk
21,14,0.6826,0.5985,0.809,-0.1264,17.3057,72.84,0.9244,Low,0,2,0.713,At Risk
16,3,0.1663,0.1394,0.3353,-0.169,8.948,37.55,0.4314,Medium,1,11,0.712,At Risk
5,4,0.7459,0.7776,0.6352,0.1107,6.297,57.96,1.2653,High,2,8,0.831,On Track
7,4,0.5562,0.3079,0.4717,0.0845,8.4798,7.98,6.1936,Low,0,9,0.786,On Track
20,6,0.2758,0.2581,0.2033,0.0725,29.5167,37.92,0.7087,Medium,1,9,0.679,At Risk
25,5,0.2043,0.4087,0.1796,0.0247,27.8439,21.75,0.8979,Medium,1,2,0.892,On Track
23,6,0.2498,0.1507,0.1079,0.1419,55.6065,22.96,1.0423,Medium,1,12,0.758,On Track
19,11,0.5941,0.6109,0.4684,0.1257,23.4859,31.29,1.8399,Medium,1,2,0.857,On Track
17,2,0.1061,0.3216,0.3591,-0.253,5.569,56.11,0.1858,Low,0,11,0.527,At Risk
15,9,0.5789,0.6091,0.6705,-0.0917,13.4223,24.12,2.3044,Medium,1,9,0.862,At Risk
8,0,0.0,0.0,0.1914,-0.1914,0.0,20.39,0.0,Low,0,4,0.835,At Risk
21,3,0.147,0.0,0.1396,0.0074,21.4898,17.98,0.7743,High,2,8,0.613,At Risk
5,1,0.1777,0.3193,0.1783,-0.0005,5.6099,71.66,0.2446,Low,0,3,0.867,At Risk
14,10,0.7046,0.6146,0.6276,0.077,15.9342,64.0,1.0839,Medium,1,10,0.921,On Track
4,0,0.058,0.3453,0.1546,-0.0967,0.0,38.77,0.1458,Low,0,7,0.873,At Risk
10,9,0.8558,0.9517,0.6523,0.2035,13.7975,62.11,1.356,High,2,1,0.93,On Track
14,8,0.568,0.6071,0.2749,0.2931,29.1061,65.05,0.8599,Medium,1,1,0.758,On Track
3,2,0.7708,0.3167,0.6836,0.0872,2.9256,42.3,1.7802,Medium,1,12,0.836,On Track
22,10,0.4613,0.3392,0.6873,-0.2259,14.5504,65.75,0.6911,High,2,4,0.388,At Risk
17,6,0.3707,0.361,0.2983,0.0724,20.1125,76.64,0.4775,Medium,1,5,0.748,At Risk
6,4,0.6131,0.8199,0.6854,-0.0722,5.8364,59.98,1.0054,Low,0,12,0.873,At Risk
7,6,0.8164,0.8467,0.8161,0.0003,7.352,24.07,3.257,Medium,1,7,0.717,On Track
5,4,0.8371,0.7913,0.8639,-0.0268,4.6302,41.54,1.9677,Low,0,10,0.757,On Track
9,2,0.1739,0.1463,0.5886,-0.4147,3.3978,36.91,0.4587,Medium,1,10,0.875,At Risk
6,6,0.99,0.8577,0.7844,0.2056,7.6494,56.06,1.735,Medium,1,12,0.25,On Track
14,4,0.314,0.3018,0.3797,-0.0656,10.536,48.96,0.6285,Medium,1,3,0.709,At Risk
14,8,0.551,0.604,0.814,-0.2629,9.8286,49.7,1.0869,Low,0,12,0.539,At Risk
13,4,0.3006,0.4159,0.3148,-0.0143,12.7047,39.88,0.7354,Low,0,12,0.56,At Risk
24,22,0.9138,0.9671,0.7382,0.1756,29.8021,40.8,2.1863,Low,0,1,0.572,Excellent
11,3,0.2573,0.2672,0.0687,0.1886,43.6806,19.65,1.2459,Medium,1,2,0.425,On Track
10,5,0.5171,0.5807,0.4481,0.069,11.158,49.21,1.03,Low,0,6,0.827,On Track
19,5,0.2687,0.1864,0.3589,-0.0902,13.9324,56.99,0.4633,Low,0,12,0.805,At Risk
19,5,0.2462,0.1402,0.2153,0.0309,23.2259,3.0,6.1554,Low,0,6,0.87,On Track
18,11,0.5894,0.781,0.4428,0.1466,24.843,33.01,1.7328,Medium,1,1,0.586,On Track
22,8,0.3519,0.3367,0.226,0.1259,35.3915,20.24,1.6571,High,2,6,0.933,On Track
6,4,0.6257,0.5407,0.6114,0.0143,6.5427,26.98,2.2362,Low,0,6,0.944,On Track
20,12,0.5973,0.2953,0.768,-0.1708,15.6243,54.92,1.0681,Low,0,6,0.853,At Risk
22,18,0.8258,0.5341,0.6135,0.2123,29.3381,39.92,2.0184,Medium,1,2,0.676,On Track
4,0,0.0,0.0,0.1118,-0.1118,0.0,55.73,0.0,Low,0,11,0.576,At Risk
10,6,0.6062,0.3689,0.6414,-0.0352,9.3547,71.74,0.8333,High,2,5,0.355,On Track
14,8,0.537,0.251,0.7217,-0.1846,11.0851,27.37,1.8929,High,2,4,0.884,At Risk
25,16,0.6589,0.7527,0.6117,0.0472,26.1586,24.71,2.5623,Low,0,8,0.824,On Track
3,1,0.4221,0.2731,0.4271,-0.0049,2.3416,66.94,0.6214,Medium,1,10,0.648,At Risk
17,8,0.4606,0.2882,0.4331,0.0275,18.4719,3.0,11.5151,High,2,2,0.865,On Track
3,2,0.5582,0.8654,0.6863,-0.1282,2.914,43.94,1.242,High,2,8,0.818,At Risk
6,4,0.6642,0.7865,0.7316,-0.0674,5.4672,63.55,1.029,Medium,1,2,0.707,At Risk
11,7,0.6661,0.8531,0.7178,-0.0517,9.7526,57.09,1.1466,Medium,1,3,0.479,At Risk
7,7,0.9392,0.9583,0.8819,0.0573,7.9377,46.85,1.9629,High,2,9,0.711,On Track
12,10,0.7982,0.965,0.9307,-0.1324,10.7448,97.68,0.8089,High,2,11,0.47,At Risk
24,20,0.8247,0.8236,0.7968,0.0279,25.1004,25.7,3.0883,Low,0,7,0.592,On Track
7,3,0.4006,0.6009,0.3074,0.0931,9.7588,34.69,1.1222,Medium,1,10,0.901,On Track
11,2,0.1993,0.395,0.4009,-0.2015,4.9891,19.13,0.9902,Medium,1,9,0.25,At Risk
25,0,0.0,0.0739,0.0741,-0.0741,0.0,45.99,0.0,Medium,1,5,0.885,At Risk
17,13,0.7453,0.89,0.8278,-0.0825,15.7045,46.65,1.564,Medium,1,1,0.884,At Risk
3,2,0.5897,0.912,0.5698,0.0199,3.5101,64.84,0.8957,Low,0,6,0.86,On Track
7,4,0.5575,0.4374,0.4829,0.0746,8.2832,32.24,1.6772,Low,0,8,0.633,On Track
19,15,0.8028,0.8907,0.6382,0.1646,23.5053,39.64,1.9755,Medium,1,8,0.934,Excellent
4,1,0.3741,0.2538,0.2687,0.1054,3.722,45.17,0.8103,Medium,1,1,0.453,On Track
5,2,0.3982,0.3244,0.5895,-0.1913,3.3928,62.42,0.6278,Medium,1,3,0.741,At Risk
22,11,0.4851,0.4784,0.6656,-0.1805,16.5268,46.57,1.0197,Medium,1,11,0.832,At Risk
24,23,0.9737,1.0,0.7705,0.2033,29.8525,42.22,2.2529,Medium,1,10,0.329,Excellent
15,6,0.4144,0.3134,0.747,-0.3325,8.0324,49.27,0.8244,Medium,1,8,0.758,At Risk
8,8,0.99,1.0,0.8542,0.1358,9.3654,56.98,1.7076,Medium,1,12,0.702,On Track
17,12,0.7309,0.7934,0.6835,0.0474,17.5567,65.28,1.1028,Medium,1,7,0.566,On Track
10,5,0.5166,0.5518,0.1649,0.3518,30.3247,47.94,1.0556,Low,0,10,0.817,On Track
19,10,0.5173,0.438,0.4181,0.0992,23.9166,71.02,0.7183,Low,0,2,0.75,At Risk
14,10,0.7285,0.4591,0.6459,0.0826,15.4829,52.7,1.3565,Low,0,6,0.446,On Track
19,3,0.1629,0.1087,0.353,-0.1901,8.499,25.43,0.6164,Medium,1,4,0.926,At Risk
12,2,0.1312,0.0,0.2114,-0.0802,9.4619,21.39,0.5859,High,2,3,0.775,At Risk
21,20,0.9672,0.6777,0.8436,0.1236,23.7083,43.57,2.1699,Low,0,10,0.421,On Track
4,3,0.8359,1.0,0.7607,0.0752,3.944,48.75,1.6801,Medium,1,4,0.675,On Track
8,4,0.5087,0.1123,0.7911,-0.2824,5.0563,36.24,1.3662,Low,0,6,0.732,At Risk
17,4,0.2552,0.0528,0.0365,0.2187,109.6632,34.02,0.7287,High,2,6,0.971,At Risk
21,16,0.7556,0.7476,0.8534,-0.0978,18.7477,85.35,0.8751,High,2,8,0.867,At Risk
15,8,0.5448,0.4281,0.4101,0.1347,19.5096,78.23,0.6876,High,2,6,0.444,At Risk
13,13,0.99,1.0,0.795,0.195,16.3528,56.79,1.7131,Medium,1,1,0.72,On Track
13,10,0.7585,0.6238,0.6391,0.1193,15.6468,43.59,1.701,Medium,1,10,0.457,On Track
18,10,0.5345,0.691,0.5448,-0.0103,18.3541,57.6,0.9121,High,2,6,0.604,On Track
10,9,0.8594,0.4924,0.9169,-0.0575,9.8162,63.37,1.335,Medium,1,1,0.612,At Risk
10,8,0.7508,0.8696,0.925,-0.1742,8.6487,36.51,2.0019,Medium,1,8,0.757,At Risk
22,11,0.5013,0.5217,0.5121,-0.0108,21.4792,25.45,1.8954,Low,0,1,0.708,On Track
23,19,0.8365,0.7675,0.7572,0.0793,25.0932,66.05,1.2475,High,2,3,0.934,On Track
24,22,0.9196,0.9167,0.9242,-0.0046,23.8036,47.76,1.8859,Low,0,3,0.702,On Track
11,0,0.0,0.2592,0.1812,-0.1812,0.0,46.3,0.0,Low,0,7,0.702,At Risk
11,1,0.0865,0.1041,0.1572,-0.0707,6.3613,64.28,0.1325,Medium,1,2,0.838,At Risk
19,7,0.3502,0.4898,0.2661,0.084,26.3021,33.18,1.0247,Medium,1,5,0.79,On Track
14,5,0.3401,0.1989,0.2899,0.0502,17.2472,3.0,8.5031,Low,0,10,0.527,On Track
21,9,0.4355,0.362,0.5868,-0.1513,15.3381,64.74,0.6624,Medium,1,9,0.741,At Risk
21,14,0.6463,0.635,0.674,-0.0277,20.7716,44.47,1.4215,Medium,1,3,0.91,On Track
25,17,0.6801,0.4783,0.3599,0.3202,47.2387,61.36,1.0906,Medium,1,1,0.588,On Track
20,14,0.7249,0.7632,0.6789,0.0461,20.6225,56.81,1.2541,Medium,1,2,0.481,On Track
9,2,0.2285,0.2005,0.4269,-0.1984,4.6847,6.76,2.9461,High,2,7,0.826,At Risk
23,3,0.1191,0.0,0.2142,-0.0951,14.0029,41.37,0.2811,High,2,10,0.755,At Risk
23,6,0.2444,0.1941,0.1936,0.0509,30.9993,17.05,1.3539,High,2,2,0.59,On Track
14,4,0.3041,0.4911,0.3816,-0.0775,10.4808,26.4,1.11,Medium,1,5,0.867,At Risk
10,6,0.6141,0.3196,0.5312,0.0828,11.2951,50.07,1.2024,Medium,1,3,0.722,On Track
24,3,0.116,0.0,0.2738,-0.1578,10.9574,56.86,0.2005,Medium,1,2,0.58,At Risk
12,6,0.5355,0.5906,0.5685,-0.0329,10.5549,3.0,13.388,Low,0,6,0.576,On Track
14,5,0.3551,0.1673,0.2271,0.1279,22.0128,26.28,1.3016,Medium,1,9,0.945,On Track
23,5,0.198,0.1987,0.3499,-0.152,14.2884,69.26,0.2818,Low,0,4,0.595,At Risk
14,8,0.5846,0.5829,0.5719,0.0127,13.9878,44.57,1.2828,Low,0,9,0.718,On Track
25,22,0.8954,1.0,0.7493,0.1461,29.3613,54.78,1.6052,Low,0,7,0.911,On Track
13,6,0.4415,0.5024,0.1135,0.328,52.8656,46.84,0.9229,Medium,1,1,0.528,On Track
25,1,0.0383,0.0,0.1378,-0.0995,7.2558,37.18,0.1003,Medium,1,6,0.764,At Risk
24,24,0.99,1.0,0.9055,0.0845,26.504,53.46,1.8179,Low,0,6,0.498,On Track
18,9,0.4969,0.6227,0.6763,-0.1794,13.3071,55.04,0.8866,Medium,1,9,0.948,At Risk
14,11,0.7985,0.7567,0.9717,-0.1732,11.3202,55.24,1.4199,Medium,1,4,0.849,At Risk
10,2,0.1692,0.1768,0.4062,-0.2369,4.9242,75.48,0.2213,Low,0,6,0.719,Delayed
7,4,0.5538,0.6045,0.3661,0.1877,10.926,33.21,1.6187,Medium,1,3,0.649,On Track
9,7,0.8087,0.8748,0.5794,0.2293,12.0813,65.09,1.2236,Medium,1,1,0.802,On Track
24,14,0.5695,0.5363,0.6663,-0.0968,21.0114,35.1,1.5774,High,2,8,0.843,At Risk
15,8,0.5304,0.5718,0.5408,-0.0104,14.7921,68.62,0.7618,High,2,8,0.686,At Risk
15,7,0.4962,0.6643,0.5664,-0.0702,12.3596,68.57,0.7132,High,2,10,0.915,At Risk
12,6,0.478,0.5401,0.6414,-0.1634,9.3545,40.39,1.1548,Low,0,3,0.94,At Risk
21,5,0.2149,0.2317,0.1371,0.0778,36.48,40.67,0.5155,Medium,1,2,0.961,At Risk
7,2,0.3029,0.1998,0.3142,-0.0114,6.3645,44.22,0.6698,Low,0,5,0.371,At Risk
12,0,0.0,0.0,0.3174,-0.3174,0.0,39.44,0.0,High,2,5,0.893,At Risk
21,17,0.8308,0.8165,0.6245,0.2063,27.2235,60.78,1.3448,Medium,1,9,0.763,On Track
24,23,0.9671,0.9866,0.9203,0.0468,24.9919,57.55,1.6517,Medium,1,6,0.752,On Track
5,3,0.5599,0.3557,0.3823,0.1777,7.8478,33.19,1.6379,Medium,1,4,0.735,On Track
21,19,0.9095,0.9576,0.8148,0.0947,23.3179,84.8,1.06,Medium,1,2,0.762,On Track
21,15,0.721,0.9273,0.98,-0.259,15.3061,78.12,0.9113,Medium,1,3,0.897,At Risk
12,5,0.4163,0.2446,0.6166,-0.2002,8.1095,53.44,0.7647,High,2,10,0.492,At Risk
14,13,0.9042,0.9804,0.9174,-0.0131,14.1709,12.58,6.6575,Low,0,8,0.778,On Track
14,7,0.4977,0.3409,0.2885,0.2092,24.2662,16.45,2.8511,High,2,12,0.839,On Track
16,12,0.7236,0.7458,0.5569,0.1667,21.5482,50.33,1.4096,Low,0,12,0.273,On Track
5,5,0.9179,0.7975,0.8462,0.0717,5.9087,97.51,0.9317,High,2,8,0.789,On Track
13,8,0.6492,0.6038,0.3573,0.2919,22.3907,38.4,1.6474,Medium,1,3,0.666,On Track
11,0,0.0127,0.0,0.0469,-0.0342,0.0,28.01,0.0437,Medium,1,5,0.47,At Risk
20,0,0.0,0.2983,0.0701,-0.0701,0.0,16.99,0.0,High,2,1,0.774,At Risk
8,4,0.5112,0.5889,0.5747,-0.0635,6.9607,76.34,0.6609,Medium,1,11,0.76,At Risk
11,8,0.7484,0.5266,0.8247,-0.0763,9.7006,49.9,1.4702,Low,0,4,0.856,At Risk
25,7,0.2993,0.1596,0.3564,-0.0571,19.6413,12.24,2.2606,Medium,1,1,0.844,At Risk
9,5,0.5912,0.5587,0.505,0.0861,9.9002,64.57,0.9016,Medium,1,1,0.598,On Track
15,4,0.2483,0.2799,0.2505,-0.0022,15.971,31.17,0.7717,Medium,1,8,0.502,At Risk
9,1,0.1147,0.0,0.0897,0.025,11.1421,34.58,0.3224,High,2,10,0.959,At Risk
12,5,0.4284,0.2123,0.3992,0.0293,12.5259,30.29,1.3691,Medium,1,9,0.732,On Track
23,15,0.6569,0.7201,0.6539,0.0031,22.9402,52.48,1.2283,Medium,1,2,0.845,On Track
9,2,0.2459,0.2148,0.4145,-0.1686,4.8253,60.87,0.3975,Low,0,4,0.469,At Risk
4,3,0.738,0.54,0.6827,0.0553,4.3944,30.86,2.3163,Medium,1,3,0.545,On Track
22,12,0.5348,0.2597,0.3269,0.208,36.7118,18.02,2.8122,High,2,1,0.837,On Track
5,0,0.0613,0.0635,0.0974,-0.036,0.0,6.25,0.8455,Medium,1,2,0.607,On Track
21,6,0.2669,0.3103,0.4292,-0.1623,13.9779,49.9,0.5244,High,2,6,0.938,At Risk
7,3,0.4599,0.3125,0.2755,0.1843,10.8877,25.61,1.7281,Medium,1,1,0.835,On Track
9,4,0.4974,0.3997,0.6116,-0.1142,6.5406,24.82,1.9265,Medium,1,5,0.634,At Risk
20,17,0.8365,0.852,0.4953,0.3412,34.3212,32.89,2.4684,Low,0,11,0.614,Excellent
3,1,0.3387,0.1072,0.3234,0.0153,3.0922,6.69,4.4041,Low,0,11,0.341,On Track
13,6,0.4972,0.7884,0.6172,-0.12,9.721,50.08,0.9734,Low,0,1,0.562,At Risk
9,7,0.8128,0.8379,0.8232,-0.0104,8.5039,12.32,6.1026,Low,0,6,0.551,On Track
13,2,0.1812,0.2472,0.3278,-0.1466,6.1008,41.53,0.4261,Medium,1,12,0.43,At Risk
3,0,0.128,0.0,0.2703,-0.1422,0.0,22.59,0.5427,Medium,1,11,0.668,At Risk
18,10,0.5442,0.8412,0.6463,-0.1022,15.4723,3.0,13.6039,High,2,7,0.667,At Risk
22,15,0.6805,0.8263,0.738,-0.0574,20.3257,64.85,1.0335,Low,0,11,0.436,At Risk
13,6,0.4827,0.5005,0.6443,-0.1616,9.3118,51.35,0.9221,Medium,1,3,0.568,At Risk
4,4,0.99,0.8501,0.5896,0.4004,6.7839,91.16,1.0742,High,2,7,0.649,On Track
4,0,0.0517,0.0,0.2649,-0.2132,0.0,12.15,0.3934,Low,0,2,0.713,At Risk
23,7,0.3074,0.0742,0.3636,-0.0562,19.2515,37.52,0.7981,High,2,10,0.568,At Risk
13,10,0.7977,0.5961,0.5652,0.2325,17.6934,48.2,1.6214,Medium,1,8,0.85,On Track
22,22,0.99,1.0,0.8621,0.1279,25.5196,79.01,1.2374,Medium,1,7,0.847,On Track
11,10,0.9415,0.7964,0.8785,0.063,11.3826,39.05,2.351,Low,0,8,0.771,On Track
3,2,0.6101,0.5665,0.6914,-0.0813,2.8928,22.09,2.6423,Medium,1,1,0.363,At Risk
13,9,0.7177,0.7754,0.6863,0.0313,13.1129,27.3,2.5364,Medium,1,10,0.825,On Track
23,8,0.3311,0.4024,0.4545,-0.1234,17.6017,17.1,1.8292,Low,0,6,0.658,At Risk
4,1,0.2636,0.6357,0.2566,0.007,3.8973,48.92,0.5279,Low,0,7,0.751,At Risk
22,13,0.5751,0.4325,0.8039,-0.2288,16.172,127.91,0.4461,Low,0,12,0.724,Delayed
13,7,0.5588,0.7467,0.6617,-0.1029,10.5794,78.61,0.7019,Low,0,3,0.605,At Risk
5,5,0.99,0.8015,0.8396,0.1504,5.9549,45.34,2.1362,Medium,1,1,0.776,On Track
7,7,0.99,0.9921,0.8818,0.1082,7.9384,52.89,1.837,High,2,4,0.709,On Track
7,4,0.5112,0.3368,0.7929,-0.2817,5.045,38.37,1.2984,Medium,1,9,0.555,At Risk
5,4,0.7639,0.7734,0.6165,0.1473,6.4881,114.83,0.6595,Medium,1,6,0.637,At Risk
14,9,0.6707,0.8266,0.6631,0.0075,13.5716,22.32,2.8755,High,2,7,0.624,On Track
14,12,0.8342,0.7525,0.8952,-0.061,13.4053,61.76,1.3291,High,2,9,0.848,At Risk
24,9,0.3736,0.5301,0.2741,0.0995,32.8373,23.62,1.5175,Medium,1,10,0.825,On Track
20,1,0.0543,0.0517,0.2531,-0.1988,3.9512,53.31,0.0999,Medium,1,3,0.479,At Risk
24,12,0.5022,0.6599,0.6096,-0.1074,19.6855,42.4,1.1571,Low,0,10,0.744,At Risk
21,14,0.6512,0.7724,0.7178,-0.0665,19.505,54.66,1.17,Medium,1,6,0.864,At Risk
10,5,0.4579,0.4827,0.6794,-0.2215,7.3597,62.61,0.7197,Medium,1,12,0.885,At Risk
22,3,0.1367,0.0646,0.3755,-0.2388,7.9888,49.67,0.2697,High,2,5,0.889,At Risk
25,16,0.6411,0.5481,0.6114,0.0297,26.1673,55.17,1.1415,Medium,1,8,0.372,On Track
4,2,0.5629,0.5185,0.4535,0.1094,4.4098,63.17,0.8772,Medium,1,11,0.899,On Track
12,7,0.6204,0.5679,0.6005,0.0199,11.6567,3.0,15.5106,Medium,1,11,0.414,On Track
20,18,0.8958,1.0,0.8803,0.0155,20.4483,52.7,1.6681,Medium,1,12,0.953,On Track
17,16,0.9315,1.0,0.8679,0.0637,18.4362,63.53,1.4436,Medium,1,9,0.812,On Track
11,8,0.7568,0.8759,0.6505,0.1063,12.2985,45.07,1.6426,Low,0,6,0.516,Excellent
19,8,0.3954,0.5617,0.4534,-0.058,17.6442,89.63,0.4362,High,2,9,0.755,At Risk
11,9,0.7924,0.8526,0.5909,0.2015,15.231,56.16,1.3862,Medium,1,3,0.906,On Track
11,4,0.3876,0.5597,0.3271,0.0605,12.2289,52.04,0.7308,Medium,1,1,0.707,At Risk
20,7,0.3545,0.4692,0.5453,-0.1908,12.8373,17.47,1.9195,Medium,1,8,0.908,At Risk
6,4,0.6583,0.4739,0.6544,0.0039,6.1125,21.27,2.9556,Low,0,11,0.527,On Track
14,9,0.6476,0.791,0.5628,0.0847,15.9905,55.77,1.1408,Low,0,3,0.889,On Track
23,15,0.6422,0.5553,0.4762,0.166,31.5017,69.18,0.915,High,2,4,0.681,On Track
15,0,0.0149,0.0011,0.2641,-0.2492,0.0,77.03,0.0191,High,2,2,0.864,Delayed
3,2,0.7132,0.7423,0.5952,0.1181,3.3605,53.74,1.3029,High,2,10,0.759,On Track
7,3,0.4011,0.3191,0.339,0.0621,8.8491,35.98,1.0847,High,2,2,0.815,On Track
4,0,0.0932,0.0987,0.0777,0.0154,0.0,42.2,0.2157,Low,0,9,0.611,At Risk
19,9,0.4602,0.5748,0.494,-0.0338,18.2187,59.04,0.7665,High,2,4,0.91,At Risk
20,11,0.5602,0.3532,0.5038,0.0564,21.8336,30.39,1.7845,Medium,1,3,0.434,On Track
11,2,0.2225,0.1386,0.4323,-0.2098,4.6264,59.91,0.3653,High,2,10,0.516,At Risk
14,1,0.0725,0.0,0.622,-0.5495,1.6077,68.42,0.1045,Medium,1,12,0.884,At Risk
7,1,0.1126,0.2161,0.2813,-0.1688,3.5545,91.55,0.1216,Medium,1,3,0.84,At Risk
8,4,0.467,0.2993,0.5912,-0.1242,6.7659,48.17,0.9499,Low,0,9,0.499,At Risk
3,2,0.5997,0.6001,0.5596,0.0401,3.5739,47.41,1.2388,Medium,1,6,0.786,On Track
25,8,0.3358,0.2173,0.4993,-0.1636,16.0217,32.13,1.0136,Medium,1,4,0.984,At Risk
17,3,0.1575,0.0,0.0918,0.0657,32.6837,49.55,0.3116,High,2,8,0.685,At Risk
9,5,0.5406,0.5252,0.5725,-0.032,8.733,57.86,0.9183,Medium,1,11,0.824,On Track
14,0,0.0162,0.0,0.2638,-0.2476,0.0,24.29,0.064,Low,0,7,0.831,At Risk
17,17,0.9855,0.919,0.8491,0.1364,20.0202,43.62,2.2089,Low,0,4,0.946,Excellent
13,4,0.2774,0.5528,0.3222,-0.0448,12.4149,25.81,1.0348,Medium,1,1,0.596,On Track
6,3,0.4609,0.4646,0.5999,-0.139,5.0005,17.43,2.5008,Medium,1,11,0.705,At Risk
3,3,0.8809,1.0,0.6522,0.2287,4.5997,53.53,1.6156,Medium,1,2,0.438,On Track
23,8,0.3666,0.3732,0.3401,0.0265,23.5224,31.41,1.1311,High,2,7,0.573,On Track
24,5,0.219,0.4592,0.2348,-0.0158,21.2954,22.96,0.9143,Low,0,6,0.716,On Track
4,0,0.0843,0.0294,0.1813,-0.097,0.0,43.41,0.1897,Medium,1,4,0.63,At Risk
21,15,0.7268,0.7938,0.5066,0.2202,29.6095,61.9,1.1555,Medium,1,7,0.792,On Track
16,10,0.6319,0.5632,0.4913,0.1407,20.3558,94.74,0.6601,High,2,7,0.56,At Risk
24,8,0.3407,0.4678,0.4372,-0.0965,18.2984,56.13,0.5964,High,2,11,0.696,At Risk
10,4,0.4087,0.5863,0.4229,-0.0142,9.4576,81.12,0.4977,High,2,1,0.674,At Risk
11,5,0.4883,0.4516,0.3966,0.0917,12.6074,58.13,0.8258,High,2,1,0.79,On Track
11,5,0.4865,0.1357,0.4605,0.0261,10.8589,3.0,12.1629,Medium,1,12,0.748,On Track
16,16,0.99,1.0,0.9044,0.0856,17.6906,46.4,2.0888,High,2,4,0.609,On Track
10,3,0.3429,0.3789,0.3113,0.0317,9.6382,48.01,0.6997,Low,0,6,0.582,At Risk
9,1,0.1512,0.2138,0.2475,-0.0963,4.04,68.32,0.2182,Low,0,6,0.81,At Risk
16,11,0.6622,0.5225,0.5598,0.1024,19.6485,3.0,16.5558,Low,0,11,0.645,On Track
11,8,0.7288,0.6839,0.4572,0.2716,17.4966,20.08,3.4575,Medium,1,5,0.507,On Track
18,0,0.0,0.1108,0.1123,-0.1123,0.0,56.53,0.0,Low,0,4,0.753,At Risk
21,18,0.8651,1.0,0.8489,0.0163,21.2048,36.63,2.2991,Medium,1,3,0.321,On Track
18,6,0.3347,0.4344,0.387,-0.0523,15.5036,63.98,0.5151,Medium,1,5,0.66,At Risk
7,5,0.6479,0.7208,0.5721,0.0757,8.7394,36.47,1.7292,Medium,1,5,0.922,On Track
12,0,0.0,0.1515,0.026,-0.026,0.0,28.04,0.0,Low,0,2,0.752,At Risk
13,10,0.7824,0.8415,0.6608,0.1215,15.1322,31.42,2.4135,Low,0,1,0.513,On Track
18,16,0.9083,1.0,0.7433,0.165,21.5253,81.78,1.0972,Medium,1,4,0.954,On Track
8,4,0.4891,0.4839,0.3364,0.1527,11.8907,46.67,1.0262,Medium,1,6,0.858,On Track
24,18,0.7298,0.5864,0.6758,0.0541,26.6366,22.92,3.0513,Low,0,10,0.548,On Track
22,10,0.4529,0.0151,0.4037,0.0492,24.7733,3.0,11.3224,Low,0,8,0.641,On Track
9,6,0.6205,0.806,0.494,0.1265,12.1461,55.27,1.1026,Medium,1,10,0.801,On Track
4,3,0.7158,0.3658,0.6352,0.0806,4.723,52.11,1.3478,High,2,4,0.912,On Track
14,13,0.905,0.7538,0.6461,0.2589,20.1194,58.41,1.5235,Low,0,1,0.896,On Track
17,10,0.6033,0.4357,0.6286,-0.0254,15.9072,57.76,1.0267,Medium,1,3,0.871,On Track
16,6,0.3473,0.488,0.5714,-0.2241,10.5013,93.39,0.3679,Low,0,3,0.961,Delayed
12,2,0.1518,0.2377,0.1791,-0.0273,11.1662,51.66,0.2883,High,2,11,0.635,At Risk
3,1,0.3818,0.2159,0.4774,-0.0956,2.0946,74.89,0.5031,Low,0,2,0.79,At Risk
7,3,0.449,0.4468,0.4314,0.0176,6.9543,29.7,1.4622,Medium,1,1,0.75,On Track
7,5,0.7489,0.4582,0.6212,0.1277,8.0492,36.07,2.0203,Low,0,5,0.842,On Track
7,7,0.99,1.0,0.9451,0.0449,7.4067,73.58,1.3274,Medium,1,9,0.952,On Track
14,11,0.8133,0.9687,0.801,0.0124,13.7337,81.58,0.9849,Medium,1,2,0.412,On Track
8,3,0.399,0.3732,0.3509,0.0481,8.5503,46.0,0.8488,Medium,1,8,0.564,On Track
24,11,0.4654,0.4813,0.4123,0.0531,26.6771,37.43,1.2111,High,2,7,0.979,On Track
5,4,0.7941,0.7266,0.6979,0.0962,5.7311,9.65,7.4575,High,2,7,0.671,On Track
13,8,0.6366,0.5136,0.6949,-0.0583,11.5117,89.71,0.7019,Low,0,11,0.459,At Risk
24,15,0.6366,0.6022,0.6456,-0.009,23.2336,51.86,1.2042,Low,0,12,0.824,On Track
15,9,0.6203,0.3996,0.6321,-0.0119,14.2376,45.59,1.3314,High,2,6,0.911,On Track
4,1,0.1641,0.1777,0.3593,-0.1952,2.7831,27.19,0.5823,Medium,1,10,0.554,At Risk
10,5,0.5128,0.1867,0.812,-0.2991,6.1578,42.9,1.1683,Medium,1,4,0.624,At Risk
23,8,0.3556,0.4209,0.3794,-0.0237,21.0869,56.77,0.6156,High,2,12,0.793,At Risk
3,1,0.3308,0.0068,0.5218,-0.191,1.9165,7.76,3.7786,High,2,1,0.84,At Risk
7,1,0.1571,0.1606,0.4215,-0.2644,2.3726,13.56,1.0789,Low,0,9,0.534,At Risk
22,17,0.7615,0.5438,0.8539,-0.0924,19.9086,45.67,1.6318,Medium,1,4,0.887,At Risk
21,15,0.7264,0.7446,0.8041,-0.0778,18.6541,48.38,1.4708,Medium,1,7,0.524,At Risk
25,16,0.6585,0.5508,0.7611,-0.1026,21.0223,20.5,3.0629,Medium,1,2,0.765,At Risk
3,1,0.4107,0.2248,0.4317,-0.0211,2.3162,41.27,0.9716,Low,0,1,0.936,On Track
13,9,0.6773,0.661,0.7398,-0.0625,12.1656,19.11,3.3678,Medium,1,2,0.677,At Risk
6,1,0.2289,0.4388,0.0981,0.1308,10.1954,78.13,0.2892,Low,0,2,0.513,At Risk
18,7,0.3712,0.3603,0.4568,-0.0856,15.3228,38.44,0.9413,Medium,1,3,0.73,At Risk
19,10,0.5247,0.4453,0.4706,0.0541,21.2492,87.31,0.5942,High,2,7,0.84,At Risk
3,1,0.1734,0.1203,0.3471,-0.1737,2.8813,9.34,1.6777,High,2,3,0.398,At Risk
10,7,0.705,0.6751,0.6645,0.0405,10.5338,50.23,1.3761,Medium,1,11,0.944,On Track
20,15,0.775,0.7345,0.8083,-0.0333,18.5574,61.83,1.2335,High,2,3,0.494,On Track
23,11,0.4964,0.5474,0.2902,0.2062,37.9074,42.56,1.1397,High,2,12,0.534,On Track
20,10,0.5209,0.409,0.5194,0.0015,19.2536,52.1,0.981,High,2,9,0.494,On Track
6,2,0.3001,0.283,0.396,-0.0959,5.0508,57.79,0.5104,Medium,1,9,0.863,At Risk
14,14,0.99,0.9151,0.878,0.112,15.9445,36.16,2.664,Low,0,8,0.889,Excellent
5,2,0.3361,0.4866,0.4861,-0.1499,4.1147,22.03,1.4597,Medium,1,6,0.927,At Risk
9,4,0.4188,0.4927,0.6258,-0.207,6.3914,15.8,2.4926,Low,0,4,0.294,At Risk
5,2,0.491,0.644,0.5488,-0.0579,3.6441,54.29,0.888,Medium,1,5,0.819,At Risk
25,4,0.1602,0.3801,0.3102,-0.15,12.8945,12.51,1.1863,Medium,1,3,0.65,At Risk
3,3,0.8607,0.6444,0.7667,0.094,3.9127,74.98,1.1328,High,2,5,0.812,On Track
11,9,0.8488,0.7538,0.7754,0.0735,11.6074,48.74,1.7065,High,2,2,0.883,On Track
4,3,0.6481,0.446,0.6937,-0.0457,4.3244,91.21,0.7028,Medium,1,4,0.729,At Risk
19,5,0.2771,0.3047,0.278,-0.0009,17.9844,56.73,0.48,High,2,1,0.812,At Risk
16,14,0.8539,0.7682,0.8099,0.044,17.2869,56.64,1.4813,Medium,1,9,0.935,On Track
14,10,0.7002,0.5515,0.6052,0.095,16.5222,18.96,3.5079,Medium,1,5,0.847,On Track
3,0,0.0019,0.2356,0.1946,-0.1927,0.0,69.8,0.0026,Low,0,6,0.729,At Risk
25,14,0.5531,0.5556,0.5763,-0.0232,24.2931,32.2,1.6657,Medium,1,1,0.964,On Track
23,20,0.8601,0.8584,0.7643,0.0959,26.1692,46.14,1.8246,Low,0,8,0.643,On Track
20,9,0.4304,0.5526,0.4322,-0.0018,20.826,11.14,3.5436,High,2,5,0.849,On Track
20,7,0.3406,0.1207,0.4883,-0.1476,14.3362,55.5,0.6029,Low,0,6,0.519,At Risk
25,19,0.768,0.6017,0.7551,0.013,25.1623,37.27,2.0068,Medium,1,7,0.639,On Track
25,11,0.449,0.526,0.6305,-0.1815,17.446,44.64,0.9837,Medium,1,5,0.779,At Risk
15,3,0.1829,0.0564,0.3719,-0.189,8.0671,66.54,0.2708,High,2,7,0.521,At Risk
13,6,0.4553,0.2228,0.4627,-0.0073,12.9687,40.95,1.0853,High,2,9,0.832,On Track
16,10,0.6044,0.7045,0.6136,-0.0092,16.2968,32.91,1.7826,High,2,7,0.616,On Track
7,4,0.511,0.3965,0.6027,-0.0917,6.6365,33.91,1.464,High,2,7,0.647,At Risk
15,9,0.596,0.7146,0.6673,-0.0713,13.4879,32.14,1.7985,High,2,7,0.697,At Risk
7,3,0.4484,0.5844,0.4094,0.039,7.3286,41.57,1.0532,Low,0,11,0.626,On Track
3,1,0.3682,0.3603,0.3213,0.0469,3.1121,16.5,2.1045,Medium,1,4,0.648,On Track
22,3,0.1352,0.1953,0.2037,-0.0685,14.7266,53.17,0.2496,High,2,9,0.608,At Risk
11,2,0.1666,0.1619,0.4622,-0.2956,4.3273,40.21,0.4043,High,2,12,0.263,At Risk
22,15,0.6984,0.8403,0.6691,0.0293,22.4174,21.51,3.1024,Medium,1,12,0.483,On Track
15,8,0.5593,0.3306,0.4574,0.1019,17.4894,74.44,0.7413,Low,0,4,0.777,At Risk
9,2,0.2455,0.0511,0.4009,-0.1554,4.9891,13.21,1.7282,Medium,1,11,0.788,At Risk
6,5,0.8216,0.9021,0.7166,0.1049,6.9771,43.71,1.8376,Low,0,2,0.506,Excellent
22,6,0.2796,0.1176,0.4569,-0.1773,13.1328,66.18,0.4162,Low,0,1,0.584,At Risk
25,22,0.8612,0.7792,0.7582,0.103,29.0172,48.55,1.7381,Medium,1,1,0.839,On Track
15,10,0.6386,0.6236,0.6607,-0.0221,15.1355,53.78,1.1658,Medium,1,12,0.706,On Track
20,8,0.4064,0.4512,0.3459,0.0605,23.1267,27.46,1.4281,High,2,6,0.663,On Track
24,2,0.0986,0.0194,0.3132,-0.2147,6.3847,39.03,0.2462,High,2,11,0.784,At Risk
17,13,0.773,0.8904,0.7511,0.0219,17.3087,51.11,1.4832,Medium,1,9,0.664,On Track
24,8,0.3444,0.1134,0.3077,0.0367,25.9996,41.93,0.8022,Medium,1,6,0.713,On Track
17,17,0.99,1.0,0.9473,0.0427,17.9459,45.28,2.1391,High,2,10,0.679,On Track
3,2,0.5873,0.653,0.6178,-0.0305,3.2375,3.0,14.682,High,2,8,0.633,On Track
23,21,0.9269,0.8544,0.815,0.1119,25.7676,74.59,1.2262,High,2,8,0.832,On Track
19,12,0.611,0.6691,0.3069,0.3041,39.1039,83.85,0.7201,High,2,6,0.577,At Risk
21,9,0.4415,0.5244,0.4852,-0.0437,18.5481,36.27,1.1846,Low,0,9,0.385,On Track
15,7,0.4643,0.6357,0.3761,0.0882,18.6124,34.11,1.3225,Medium,1,4,0.735,On Track
23,19,0.8062,0.7864,0.7338,0.0724,25.893,13.96,5.3875,Medium,1,12,0.814,On Track
15,10,0.6782,0.5402,0.6714,0.0068,14.8947,30.04,2.1851,Medium,1,6,0.73,On Track
25,6,0.2439,0.2316,0.3881,-0.1443,15.4582,7.42,2.8959,Medium,1,2,0.516,At Risk
15,2,0.1305,0.0,0.2775,-0.147,7.2072,17.04,0.7236,Medium,1,9,0.745,At Risk
11,8,0.6936,0.5686,0.5893,0.1043,13.5747,17.84,3.6816,Medium,1,10,0.887,On Track
24,17,0.6967,0.6118,0.5337,0.163,31.8542,36.91,1.8376,Medium,1,11,0.675,On Track
13,7,0.5713,0.5997,0.6187,-0.0474,11.3138,42.51,1.3131,Low,0,2,0.284,On Track
23,0,0.0145,0.3228,0.2582,-0.2437,0.0,55.29,0.0257,Medium,1,9,0.471,At Risk
24,5,0.2253,0.0212,0.1395,0.0858,35.8379,49.38,0.4473,High,2,4,0.734,At Risk
22,4,0.1722,0.0785,0.2623,-0.0901,15.2503,31.46,0.5305,Medium,1,5,0.942,At Risk
11,8,0.7179,0.7875,0.6935,0.0244,11.5355,23.31,2.9529,High,2,8,0.865,On Track
14,4,0.2893,0.2734,0.2346,0.0547,17.0512,40.3,0.7004,Low,0,9,0.517,At Risk
21,10,0.4744,0.5481,0.36,0.1144,27.7768,80.17,0.5844,Medium,1,8,0.721,At Risk
21,5,0.2576,0.1298,0.5354,-0.2778,9.3387,51.88,0.4871,Low,0,4,0.796,At Risk
7,1,0.1869,0.1712,0.1847,0.0023,5.4152,30.57,0.5922,Medium,1,2,0.576,At Risk
19,5,0.2655,0.2521,0.1728,0.0927,28.9401,10.78,2.2538,Low,0,6,0.494,On Track
19,10,0.5092,0.4419,0.2918,0.2174,34.2756,51.87,0.963,Low,0,4,0.592,On Track
19,15,0.8002,0.596,0.8648,-0.0646,17.3452,53.55,1.4668,Low,0,3,0.68,At Risk
14,10,0.6926,0.6501,0.6258,0.0667,15.9784,38.98,1.7323,Low,0,4,0.674,On Track
24,16,0.6572,0.6584,0.4981,0.1591,32.1234,84.92,0.7649,Low,0,3,0.46,At Risk
7,3,0.4835,0.319,0.3749,0.1086,8.0012,15.54,2.9225,Low,0,11,0.565,On Track
17,3,0.2015,0.2878,0.401,-0.1995,7.4806,39.35,0.4995,Low,0,3,0.777,At Risk
23,12,0.5291,0.736,0.5081,0.021,23.6165,77.25,0.6763,Medium,1,11,0.956,At Risk
4,2,0.4591,0.4296,0.7544,-0.2953,2.6511,69.53,0.6509,Medium,1,6,0.847,At Risk
15,6,0.4268,0.2511,0.5945,-0.1678,10.0923,78.52,0.5366,Low,0,6,0.872,At Risk
16,5,0.2986,0.0533,0.389,-0.0904,12.8532,53.23,0.5507,High,2,2,0.441,At Risk
16,12,0.7703,0.6704,0.7534,0.0169,15.9277,44.2,1.7042,Medium,1,3,0.925,On Track
25,10,0.3875,0.4255,0.4734,-0.0859,21.1252,4.49,7.0639,Medium,1,5,0.43,At Risk
15,9,0.5969,0.594,0.6601,-0.0632,13.6343,49.73,1.1767,Medium,1,2,0.602,At Risk
14,6,0.4522,0.39,0.3257,0.1264,18.4206,52.6,0.8436,Medium,1,6,0.603,On Track
24,14,0.5781,0.4957,0.4155,0.1626,33.6968,62.12,0.9159,Medium,1,9,0.876,On Track
19,7,0.3748,0.4535,0.3397,0.0351,20.6078,23.62,1.5221,Medium,1,5,0.879,On Track
17,9,0.5493,0.4652,0.7259,-0.1767,12.3976,47.15,1.1407,High,2,11,0.863,At Risk
5,3,0.5989,0.7478,0.7122,-0.1133,4.2124,61.57,0.9571,High,2,5,0.536,At Risk
15,9,0.6072,0.6162,0.4387,0.1685,20.5155,26.48,2.2101,Medium,1,5,0.667,On Track
17,8,0.4968,0.5076,0.4625,0.0343,17.2969,35.58,1.3583,High,2,12,0.716,On Track
6,3,0.4637,0.3141,0.2741,0.1897,10.9468,43.6,1.0399,High,2,8,0.806,On Track
23,5,0.2328,0.4526,0.3308,-0.0979,15.1161,9.64,2.1886,High,2,8,0.606,At Risk
8,5,0.6343,0.6865,0.6361,-0.0018,7.8605,22.6,2.6877,High,2,9,0.757,On Track
7,2,0.3086,0.4491,0.4666,-0.158,4.2868,40.61,0.7417,Medium,1,1,0.73,At Risk
24,10,0.4015,0.4367,0.5801,-0.1786,17.2388,49.0,0.803,High,2,3,0.616,At Risk
14,5,0.3286,0.394,0.3554,-0.0268,14.0688,54.67,0.5902,Medium,1,8,0.824,At Risk
19,3,0.1656,0.0,0.203,-0.0374,14.7751,14.81,1.0474,High,2,11,0.878,On Track
10,3,0.2693,0.2373,0.4141,-0.1448,7.2453,74.22,0.358,Medium,1,10,0.761,At Risk
14,7,0.5323,0.8382,0.8847,-0.3525,7.9122,48.3,1.0796,Medium,1,9,0.788,At Risk
13,6,0.4592,0.4629,0.4823,-0.023,12.4416,49.71,0.9056,Medium,1,7,0.832,On Track
11,10,0.8842,0.5928,0.6014,0.2828,16.6286,3.0,22.1048,Low,0,1,0.883,On Track
20,3,0.1711,0.0146,0.205,-0.0339,14.6346,46.17,0.3628,High,2,4,0.862,At Risk
3,1,0.3379,0.2638,0.4492,-0.1113,2.2262,60.53,0.5491,Medium,1,10,0.77,At Risk
11,7,0.6054,0.5563,0.6097,-0.0042,11.4818,53.7,1.1068,Medium,1,1,0.633,On Track
21,11,0.5093,0.4482,0.4673,0.042,23.5399,80.18,0.6274,Medium,1,3,0.686,At Risk
12,1,0.1009,0.0031,0.1246,-0.0236,8.0286,53.65,0.1847,Medium,1,12,0.919,At Risk
20,12,0.6205,0.6186,0.6703,-0.0498,17.9026,16.73,3.4986,Medium,1,5,0.867,On Track
13,7,0.5042,0.5188,0.3669,0.1373,19.0812,76.65,0.6493,High,2,5,0.749,At Risk
10,6,0.5876,0.4996,0.6402,-0.0526,9.3721,51.9,1.1109,Medium,1,5,0.907,At Risk
17,11,0.6189,0.5082,0.5713,0.0476,19.2557,68.97,0.8844,Medium,1,2,0.647,On Track
19,7,0.3904,0.5112,0.5002,-0.1098,13.9945,75.26,0.5119,High,2,11,0.736,At Risk
18,8,0.4628,0.562,0.3779,0.085,21.1721,37.68,1.1966,Medium,1,2,0.706,On Track
9,5,0.5969,0.5356,0.6598,-0.0629,7.5781,96.48,0.6124,Medium,1,3,0.607,At Risk
16,10,0.6054,0.446,0.4969,0.1085,20.1241,73.19,0.816,Medium,1,5,0.914,On Track
22,7,0.3083,0.0811,0.3291,-0.0208,21.2719,26.88,1.1056,Low,0,6,0.617,On Track
4,3,0.7174,0.8887,0.4831,0.2343,6.2104,51.43,1.3682,Medium,1,12,0.937,On Track
17,11,0.6504,0.733,0.6455,0.0049,17.0417,31.45,2.0042,Medium,1,7,0.792,On Track
14,5,0.3719,0.4856,0.5085,-0.1366,9.8336,4.17,7.198,High,2,1,0.744,At Risk
25,19,0.7423,0.8131,0.8001,-0.0578,23.7467,64.34,1.136,Medium,1,5,0.763,At Risk
16,14,0.8687,0.8207,0.6805,0.1883,20.5739,64.91,1.318,Low,0,7,0.755,On Track
23,6,0.2787,0.2263,0.292,-0.0133,20.5471,63.13,0.4346,Medium,1,10,0.751,At Risk
11,6,0.5476,0.5281,0.4582,0.0894,13.0934,35.22,1.5118,Low,0,6,0.718,On Track
10,3,0.2539,0.119,0.206,0.0479,14.5623,44.71,0.5553,High,2,7,0.827,At Risk
21,8,0.3864,0.2183,0.1882,0.1982,42.5008,44.96,0.8408,High,2,3,0.682,On Track
22,13,0.6007,0.7688,0.5315,0.0692,24.4609,95.38,0.6232,Medium,1,4,0.746,At Risk
25,10,0.4044,0.5882,0.5677,-0.1633,17.6152,40.34,0.9781,High,2,10,0.562,At Risk
14,9,0.6155,0.6934,0.4858,0.1297,18.526,32.72,1.8252,Low,0,2,0.883,On Track
24,13,0.5263,0.733,0.5879,-0.0616,22.112,15.46,3.1978,Low,0,4,0.574,At Risk
13,11,0.861,0.8596,0.7779,0.0831,14.1402,30.54,2.73,Medium,1,2,0.669,On Track
5,4,0.7561,0.6649,0.6817,0.0744,5.8676,4.44,13.8938,Medium,1,8,0.705,On Track
15,12,0.7982,0.6631,0.5173,0.2809,23.1992,10.32,7.0524,Medium,1,7,0.81,On Track
19,16,0.8572,0.918,0.8262,0.031,19.3661,73.32,1.1534,Medium,1,7,0.599,On Track
18,17,0.9446,1.0,0.9127,0.0318,18.6254,3.0,23.6144,Medium,1,11,0.841,On Track
3,2,0.6895,0.7001,0.4972,0.1922,4.0222,40.88,1.6463,Medium,1,2,0.436,On Track
21,4,0.1919,0.2163,0.1854,0.0064,21.5724,49.68,0.3786,Medium,1,10,0.766,At Risk
17,13,0.7627,0.74,0.5843,0.1784,22.2485,45.22,1.65,High,2,8,0.704,On Track
25,7,0.2834,0.4636,0.2236,0.0597,31.3032,60.36,0.4618,Low,0,7,0.494,At Risk
16,15,0.9603,0.971,0.5664,0.3939,26.4831,13.72,6.5256,High,2,8,0.92,Excellent
8,3,0.3771,0.4897,0.3925,-0.0155,7.6426,29.87,1.2214,High,2,2,0.773,On Track
17,13,0.7727,0.7315,0.7314,0.0413,17.7745,64.32,1.1829,Medium,1,7,0.745,On Track
18,13,0.7487,0.7068,0.6961,0.0526,18.6747,3.0,18.718,Low,0,3,0.829,On Track
19,1,0.0309,0.0245,0.1864,-0.1555,5.365,29.34,0.1019,Low,0,1,0.728,At Risk
24,23,0.962,0.8531,0.8008,0.1612,28.7227,35.25,2.6539,High,2,4,0.637,Excellent
9,4,0.4493,0.2779,0.5725,-0.1232,6.9873,45.75,0.961,Medium,1,7,0.92,At Risk
20,20,0.9786,0.9742,0.8778,0.1008,22.7831,52.82,1.8185,High,2,1,0.565,On Track
24,8,0.3162,0.3662,0.3472,-0.031,23.0446,67.93,0.4586,Medium,1,5,0.781,At Risk
20,2,0.1182,0.0105,0.1201,-0.0019,16.6534,32.26,0.3555,Medium,1,6,0.47,At Risk
15,14,0.9472,1.0,0.9662,-0.0189,14.4903,62.95,1.4813,High,2,8,0.813,On Track
6,2,0.375,0.5344,0.7049,-0.3298,2.8374,84.75,0.4374,High,2,2,0.742,At Risk
10,5,0.5393,0.6643,0.5461,-0.0069,9.155,33.12,1.5807,High,2,2,0.792,On Track
21,11,0.5437,0.3269,0.7699,-0.2262,14.2871,62.1,0.8618,High,2,1,0.808,At Risk
6,1,0.1629,0.3385,0.2974,-0.1345,3.3622,38.62,0.4111,High,2,8,0.882,At Risk
5,4,0.7409,0.9763,0.6773,0.0636,5.9058,42.44,1.7053,High,2,4,0.861,On Track
21,13,0.5968,0.6688,0.4027,0.1941,32.2835,28.82,2.0012,High,2,8,0.764,On Track
4,3,0.8347,0.823,0.749,0.0857,4.0051,47.19,1.7322,High,2,11,0.741,On Track
9,7,0.7987,0.8275,0.639,0.1597,10.9542,34.54,2.2474,Low,0,12,0.957,On Track
13,2,0.1469,0.0,0.0554,0.0915,36.0701,16.99,0.8167,High,2,8,0.8,On Track
4,2,0.5904,0.2096,0.6322,-0.0417,3.1636,87.92,0.664,Low,0,9,0.859,At Risk
25,14,0.5532,0.5425,0.6054,-0.0523,23.1239,37.94,1.4205,High,2,12,0.882,At Risk
16,11,0.7067,0.5992,0.5499,0.1569,20.0048,64.74,1.0751,Medium,1,10,0.774,On Track
7,3,0.497,0.314,0.5384,-0.0414,5.5717,76.02,0.6454,Medium,1,7,0.747,At Risk
4,2,0.4008,0.4894,0.3346,0.0662,5.9779,33.3,1.1686,High,2,11,0.807,On Track
7,2,0.3315,0.3615,0.3051,0.0264,6.5543,34.17,0.9426,High,2,6,0.761,On Track
13,5,0.4072,0.3839,0.3243,0.0829,15.4201,74.07,0.5424,Medium,1,4,0.748,At Risk
19,6,0.3095,0.2675,0.2802,0.0294,21.4151,70.92,0.4304,High,2,1,0.77,At Risk
8,8,0.9389,0.8211,0.6257,0.3132,12.7861,33.1,2.7534,Medium,1,9,0.499,On Track
11,0,0.0,0.0,0.1439,-0.1439,0.0,40.27,0.0,Medium,1,9,0.617,At Risk
11,5,0.4738,0.8809,0.505,-0.0313,9.9005,43.8,1.0575,Low,0,2,0.835,On Track
13,3,0.2344,0.1606,0.3218,-0.0874,9.3235,45.66,0.5023,Low,0,7,0.946,At Risk
11,3,0.2323,0.0439,0.3185,-0.0862,9.4193,38.44,0.589,Medium,1,11,0.795,At Risk
12,7,0.5787,0.5342,0.3131,0.2656,22.3568,72.77,0.7845,High,2,9,0.646,At Risk
15,15,0.99,1.0,0.9609,0.0291,15.6106,66.06,1.4763,High,2,9,0.67,On Track
16,12,0.7197,0.5845,0.6912,0.0285,17.3599,37.21,1.8838,High,2,11,0.688,On Track
4,4,0.99,0.8442,0.7135,0.2765,5.6058,58.57,1.6618,Low,0,5,0.25,On Track
12,4,0.2957,0.4211,0.3145,-0.0188,12.7185,33.58,0.8552,High,2,4,0.715,On Track
15,9,0.5753,0.4305,0.3983,0.177,22.5979,74.22,0.7647,Medium,1,7,0.686,At Risk
20,16,0.8053,0.6905,0.7878,0.0175,20.3096,49.37,1.5987,Medium,1,5,0.603,On Track
12,5,0.4205,0.4235,0.5331,-0.1126,9.3786,13.5,2.9002,Medium,1,4,0.708,At Risk
7,4,0.5126,0.4697,0.5834,-0.0707,6.8569,49.18,1.0216,Low,0,1,0.725,At Risk
9,5,0.5691,0.4046,0.671,-0.1019,7.4519,80.59,0.6975,High,2,9,0.679,At Risk
23,11,0.492,0.4986,0.5609,-0.0689,19.6108,27.19,1.7452,Medium,1,6,0.841,At Risk
17,8,0.4759,0.5792,0.3347,0.1413,23.9055,3.0,11.8984,Medium,1,11,0.85,On Track
18,8,0.4689,0.4155,0.2581,0.2108,30.995,39.15,1.1678,Medium,1,12,0.681,On Track
21,20,0.9678,1.0,0.9241,0.0437,21.6436,65.73,1.4503,High,2,3,0.555,On Track
14,8,0.5823,0.6953,0.7715,-0.1892,10.3695,36.7,1.5447,High,2,6,0.841,At Risk
9,3,0.3554,0.48,0.2942,0.0613,10.198,21.08,1.6095,High,2,8,0.718,On Track
25,16,0.6233,0.5313,0.6528,-0.0295,24.5091,83.6,0.7368,Low,0,9,0.563,At Risk
24,7,0.28,0.1989,0.344,-0.064,20.3503,36.28,0.7511,Low,0,1,0.644,At Risk
13,12,0.9433,1.0,0.9566,-0.0133,12.5442,100.55,0.9289,Medium,1,1,0.813,On Track
20,16,0.7796,0.6837,0.8945,-0.1149,17.8864,49.22,1.5524,Medium,1,2,0.918,At Risk
16,2,0.1354,0.1667,0.0478,0.0876,41.8206,48.64,0.2728,Medium,1,10,0.666,At Risk
13,10,0.7809,0.6275,0.98,-0.1991,10.2041,52.61,1.4566,High,2,1,0.442,At Risk
11,7,0.5925,0.5617,0.4509,0.1416,15.5236,17.94,3.1288,Medium,1,4,0.478,On Track
17,15,0.8775,0.892,0.8251,0.0524,18.1799,65.58,1.3178,Low,0,5,0.511,On Track
9,7,0.7973,0.6434,0.6495,0.1479,10.7783,4.12,15.5617,Low,0,12,0.745,On Track
9,1,0.1226,0.0066,0.4278,-0.3052,2.3374,21.25,0.5511,High,2,10,0.422,At Risk
22,11,0.4921,0.6473,0.6571,-0.1649,16.7408,16.63,2.791,High,2,8,0.734,At Risk
15,0,0.0,0.0,0.1762,-0.1762,0.0,67.07,0.0,Medium,1,12,0.748,At Risk
17,10,0.6172,0.5711,0.5932,0.0239,16.8564,9.15,6.0823,Low,0,4,0.501,On Track
9,6,0.6879,0.7706,0.5753,0.1127,10.4298,13.82,4.6411,High,2,1,0.718,On Track
8,1,0.0796,0.1064,0.1916,-0.112,5.2181,42.3,0.1838,High,2,7,0.56,At Risk
23,2,0.0709,0.0326,0.3034,-0.2326,6.5917,30.44,0.2254,Medium,1,2,0.79,At Risk
4,2,0.5198,0.8061,0.5512,-0.0314,3.6284,87.48,0.5874,High,2,3,0.586,At Risk
5,2,0.4659,0.3766,0.3731,0.0927,5.3603,53.8,0.8501,Medium,1,10,0.916,On Track
18,1,0.0689,0.089,0.2127,-0.1438,4.7012,37.54,0.1789,Medium,1,3,0.63,At Risk
3,2,0.5288,0.5191,0.6334,-0.1046,3.1575,46.97,1.1023,Low,0,12,0.257,At Risk
20,20,0.99,1.0,0.8054,0.1846,24.8313,37.05,2.6017,Medium,1,12,0.819,Excellent
8,6,0.7152,0.5859,0.6737,0.0415,8.9057,53.55,1.3111,Low,0,8,0.413,On Track
10,1,0.127,0.1179,0.1304,-0.0033,7.6707,49.5,0.2516,Medium,1,11,0.901,At Risk
24,24,0.99,1.0,0.729,0.261,32.923,52.81,1.8398,High,2,12,0.639,On Track
12,1,0.0678,0.159,0.1901,-0.1223,5.2608,12.0,0.5213,High,2,4,0.642,At Risk
20,11,0.5412,0.6036,0.6738,-0.1326,16.3262,48.33,1.097,Medium,1,3,0.672,At Risk
7,1,0.1509,0.1512,0.2571,-0.1062,3.8899,28.23,0.5162,Medium,1,12,0.8,At Risk
9,6,0.6998,0.6458,0.8142,-0.1144,7.3689,80.92,0.8542,Low,0,9,0.844,At Risk
6,3,0.4339,0.5036,0.2399,0.1941,12.5069,52.15,0.8164,Low,0,8,0.71,On Track
6,3,0.5474,0.4781,0.6746,-0.1272,4.447,30.03,1.7642,High,2,4,0.544,At Risk
5,3,0.5339,0.4278,0.4034,0.1305,7.4368,68.64,0.7667,High,2,1,0.764,At Risk
16,3,0.1956,0.2878,0.0801,0.1156,37.4737,11.42,1.5752,Low,0,4,0.845,On Track
24,15,0.6223,0.7852,0.3191,0.3031,47.0042,42.42,1.4331,High,2,5,0.63,On Track
25,13,0.5244,0.5025,0.37,0.1544,35.1364,27.33,1.851,Low,0,8,0.756,On Track
24,8,0.3241,0.5064,0.2759,0.0482,28.9974,39.34,0.8035,Medium,1,7,0.612,On Track
7,5,0.7525,0.846,0.8266,-0.0741,6.0486,15.6,4.5332,Low,0,1,0.854,At Risk
25,16,0.6215,0.6713,0.5068,0.1146,31.5676,31.67,1.9023,High,2,3,0.518,On Track
4,3,0.7789,0.7632,0.5578,0.2211,5.3784,11.96,6.0107,Medium,1,3,0.629,On Track
17,12,0.6779,0.8145,0.7549,-0.077,15.896,17.39,3.6853,Medium,1,5,0.556,At Risk
10,3,0.2522,0.3347,0.3151,-0.0629,9.5213,63.3,0.3922,Medium,1,10,0.561,At Risk
13,9,0.67,0.6915,0.7987,-0.1287,11.2679,55.68,1.1822,Medium,1,12,0.894,At Risk
20,20,0.99,1.0,0.8155,0.1745,24.5242,46.28,2.0937,Medium,1,12,0.694,Excellent
7,1,0.1777,0.1879,0.2176,-0.0399,4.5961,27.31,0.6279,Low,0,5,0.614,At Risk
11,7,0.6662,0.7165,0.6287,0.0374,11.1333,56.44,1.1598,Medium,1,6,0.963,On Track
20,0,0.0127,0.0,0.1562,-0.1436,0.0,71.99,0.0174,Medium,1,4,0.812,At Risk
7,3,0.4465,0.3128,0.6341,-0.1876,4.731,37.43,1.1616,Low,0,11,0.728,At Risk
10,6,0.6255,0.508,0.7098,-0.0843,8.4529,40.43,1.5098,High,2,7,0.671,At Risk
4,3,0.8088,0.7117,0.6184,0.1904,4.8509,28.34,2.7564,Medium,1,6,0.551,On Track
15,10,0.6497,0.3993,0.8274,-0.1777,12.0859,81.57,0.7868,Medium,1,3,0.62,At Risk
23,18,0.7869,0.5718,0.666,0.1209,27.027,52.73,1.4644,Low,0,5,0.79,On Track
10,3,0.259,0.1092,0.3384,-0.0794,8.8654,36.52,0.6902,Medium,1,11,0.52,At Risk
20,11,0.5348,0.2615,0.4095,0.1253,26.8609,61.88,0.8505,High,2,12,0.921,On Track
5,1,0.1525,0.068,0.135,0.0175,7.4059,63.18,0.2376,Low,0,4,0.784,At Risk
17,5,0.3188,0.3811,0.3951,-0.0763,12.6539,30.85,1.0009,Medium,1,3,0.785,At Risk
8,0,0.0,0.0,0.1615,-0.1615,0.0,51.06,0.0,Low,0,7,0.505,At Risk
13,8,0.6333,0.4802,0.5935,0.0398,13.4795,73.94,0.845,Low,0,11,0.491,On Track
15,11,0.7317,0.7628,0.4996,0.2321,22.0189,15.72,4.3754,High,2,2,0.786,On Track
4,3,0.8684,1.0,0.7372,0.1312,4.0693,43.44,1.9543,High,2,6,0.872,Excellent
6,4,0.5937,0.4981,0.575,0.0186,6.9561,27.78,2.0624,High,2,11,0.852,On Track
9,3,0.3887,0.1857,0.3241,0.0645,9.2558,52.7,0.7238,High,2,11,0.502,At Risk
19,11,0.5905,0.9531,0.5164,0.0741,21.2993,33.47,1.7134,Medium,1,9,0.727,On Track
5,1,0.2718,0.1903,0.3702,-0.0983,2.7016,62.44,0.4285,Medium,1,5,0.639,At Risk
18,8,0.4228,0.1964,0.6144,-0.1916,13.021,67.62,0.6161,Low,0,6,0.786,At Risk
3,2,0.5423,0.1859,0.5348,0.0076,3.74,62.24,0.8576,Medium,1,8,0.476,On Track
5,1,0.1831,0.2413,0.2689,-0.0858,3.7188,3.0,4.5782,Medium,1,4,0.688,At Risk
18,13,0.7489,0.6407,0.7461,0.0029,17.4246,56.57,1.3009,Low,0,5,0.719,On Track
12,5,0.4531,0.1599,0.4992,-0.0462,10.015,49.3,0.9008,Low,0,10,0.906,On Track
21,13,0.607,0.7538,0.7662,-0.1592,16.9674,95.35,0.63,Medium,1,9,0.561,At Risk
5,2,0.3844,0.5152,0.5495,-0.1651,3.6396,20.19,1.8141,High,2,4,0.545,At Risk
7,3,0.3707,0.1794,0.5886,-0.218,5.0966,68.69,0.5318,High,2,8,0.908,At Risk
11,7,0.6634,0.7825,0.6337,0.0297,11.0459,19.57,3.2248,Medium,1,4,0.69,On Track
21,9,0.4229,0.491,0.4902,-0.0673,18.3598,26.35,1.5462,Low,0,5,0.48,At Risk
4,1,0.3642,0.027,0.2666,0.0976,3.7511,53.86,0.6638,Medium,1,10,0.628,At Risk
22,8,0.3478,0.1956,0.2072,0.1406,38.6126,61.78,0.554,Medium,1,2,0.938,At Risk
3,1,0.1777,0.0619,0.2664,-0.0887,3.7543,50.35,0.346,Medium,1,6,0.78,At Risk
9,3,0.2851,0.4105,0.3338,-0.0488,8.9867,48.65,0.5742,High,2,3,0.631,At Risk
24,6,0.2584,0.358,0.2951,-0.0367,20.3318,33.59,0.747,Medium,1,5,0.787,At Risk
4,1,0.2133,0.3695,0.3179,-0.1045,3.146,37.73,0.5509,Low,0,3,0.383,At Risk
13,5,0.3612,0.3758,0.3863,-0.0251,12.9434,71.52,0.4981,Medium,1,6,0.489,At Risk
17,5,0.2687,0.2603,0.4424,-0.1737,11.3015,57.68,0.4579,High,2,8,0.866,At Risk
10,0,0.0073,0.1304,0.2016,-0.1944,0.0,28.55,0.0246,Low,0,6,0.879,At Risk
14,0,0.0,0.0,0.1834,-0.1834,0.0,42.44,0.0,Medium,1,3,0.802,At Risk
6,3,0.4603,0.1991,0.6995,-0.2392,4.2887,26.61,1.667,Medium,1,5,0.389,At Risk
5,3,0.5859,0.412,0.3336,0.2523,8.9924,8.48,6.1778,Medium,1,12,0.554,On Track
20,7,0.3563,0.5987,0.5212,-0.1649,13.4308,57.39,0.6102,Medium,1,8,0.783,At Risk
6,3,0.5252,0.4375,0.5572,-0.032,5.3844,15.03,3.2768,High,2,12,0.479,On Track
20,17,0.8284,0.7698,0.8586,-0.0303,19.7991,37.61,2.1454,Medium,1,2,0.852,On Track
8,4,0.488,0.6446,0.2771,0.211,14.4375,58.6,0.8189,Medium,1,10,0.807,On Track
15,9,0.6003,0.8389,0.5124,0.0879,17.5627,37.32,1.5665,Medium,1,8,0.688,On Track
4,2,0.4716,0.7222,0.4956,-0.024,4.0354,24.46,1.852,Low,0,1,0.839,On Track
4,1,0.2913,0.1427,0.2578,0.0335,3.8792,24.96,1.122,High,2,9,0.83,On Track
21,14,0.6851,0.7922,0.6663,0.0188,21.0129,20.34,3.2095,Medium,1,2,0.555,On Track
16,10,0.6498,0.5082,0.5299,0.1199,18.8698,43.99,1.4443,High,2,11,0.524,On Track
25,11,0.4477,0.5466,0.3984,0.0492,27.6072,36.57,1.1915,High,2,3,0.576,On Track
16,8,0.5134,0.7578,0.6973,-0.184,11.4725,73.64,0.6878,Low,0,10,0.94,At Risk
14,14,0.99,0.9581,0.7418,0.2482,18.8731,41.31,2.3399,High,2,2,0.771,Excellent
14,6,0.4596,0.4787,0.2923,0.1673,20.5282,26.74,1.6571,High,2,12,0.557,On Track
24,24,0.99,0.833,0.9256,0.0644,25.9281,30.31,3.1622,Medium,1,12,0.596,On Track
8,4,0.4527,0.3985,0.4211,0.0316,9.4991,57.07,0.7795,Low,0,6,0.759,At Risk
8,4,0.4743,0.3512,0.6243,-0.15,6.4074,70.82,0.6604,Medium,1,11,0.788,At Risk
5,1,0.1879,0.2838,0.1489,0.0389,6.7137,54.55,0.3381,Medium,1,6,0.555,At Risk
3,1,0.4417,0.3493,0.4843,-0.0426,2.0647,45.0,0.9603,Medium,1,11,0.616,On Track
18,10,0.5492,0.6786,0.3974,0.1517,25.1622,73.08,0.7413,Low,0,5,0.591,At Risk
7,4,0.6075,0.7456,0.4291,0.1784,9.3211,56.0,1.0659,Low,0,5,0.25,On Track
6,3,0.524,0.5505,0.5544,-0.0304,5.4109,68.33,0.7558,Medium,1,2,0.547,At Risk
10,7,0.6526,0.7709,0.5973,0.0553,11.7189,74.55,0.8639,High,2,2,0.776,On Track
7,5,0.6988,0.801,0.6486,0.0502,7.7083,39.54,1.724,Medium,1,8,0.641,On Track
11,11,0.99,0.9323,0.8888,0.1012,12.3764,93.46,1.048,Medium,1,9,0.849,On Track
20,18,0.9224,0.564,0.892,0.0304,20.1785,3.0,23.0598,Low,0,2,0.422,On Track
13,5,0.406,0.6593,0.5511,-0.1451,9.0731,74.46,0.538,High,2,8,0.679,At Risk
10,1,0.0795,0.0872,0.1797,-0.1002,5.5638,15.47,0.4825,Medium,1,3,0.552,At Risk
21,17,0.8125,0.9426,0.8647,-0.0522,19.6611,80.21,1.0005,Medium,1,9,0.728,At Risk
4,3,0.6985,0.9329,0.6007,0.0977,4.9938,26.78,2.5146,Medium,1,9,0.856,On Track
11,7,0.6074,0.6381,0.6624,-0.055,10.5683,54.58,1.0927,High,2,6,0.815,At Risk
9,5,0.5042,0.4375,0.4541,0.0501,11.0101,51.93,0.9526,High,2,5,0.787,On Track
15,9,0.583,0.6394,0.7284,-0.1454,12.3561,39.4,1.443,Low,0,9,0.932,At Risk
9,7,0.8068,0.6804,0.7106,0.0963,9.8512,46.51,1.6982,Low,0,3,0.527,On Track
10,7,0.6652,0.4632,0.8429,-0.1777,8.3047,36.31,1.7826,High,2,12,0.86,At Risk
20,13,0.6386,0.9701,0.712,-0.0734,18.2585,64.89,0.9692,Medium,1,9,0.523,At Risk
10,8,0.7821,0.8014,0.669,0.1131,11.9576,58.93,1.3051,High,2,2,0.741,On Track
3,1,0.28,0.1836,0.2185,0.0616,4.5776,46.01,0.5957,Medium,1,2,0.639,At Risk
4,1,0.2305,0.4541,0.1348,0.0957,7.4198,33.56,0.6668,Low,0,8,0.68,At Risk
25,3,0.1185,0.0,0.1931,-0.0746,15.5395,87.3,0.1342,Medium,1,10,0.942,At Risk
9,3,0.3851,0.2899,0.2277,0.1574,13.176,57.51,0.6581,Medium,1,12,0.74,At Risk
10,0,0.0246,0.0,0.226,-0.2014,0.0,58.2,0.0415,Low,0,2,0.589,At Risk
8,4,0.4796,0.6872,0.757,-0.2775,5.2839,69.8,0.6773,Medium,1,3,0.512,At Risk
11,5,0.4336,0.4484,0.5376,-0.1041,9.3003,34.08,1.236,Medium,1,1,0.641,At Risk
16,6,0.3535,0.3892,0.4487,-0.0952,13.3727,49.22,0.7039,Medium,1,7,0.982,At Risk
22,12,0.554,0.5193,0.6831,-0.1291,17.5682,70.4,0.7759,Low,0,9,0.749,At Risk
6,3,0.5237,0.5212,0.6472,-0.1235,4.6354,27.39,1.8445,Medium,1,5,0.276,At Risk
21,14,0.6437,0.5898,0.5945,0.0492,23.5492,29.72,2.0958,Medium,1,2,0.819,On Track
5,4,0.8862,0.6413,0.6923,0.194,5.7779,40.22,2.1502,High,2,11,0.399,On Track
21,11,0.5219,0.4056,0.5528,-0.0309,19.8992,54.72,0.9365,Medium,1,4,0.67,On Track
10,0,0.0302,0.0,0.1733,-0.1431,0.0,29.43,0.0993,High,2,4,0.428,At Risk
22,20,0.8986,0.7173,0.8536,0.045,23.4301,19.27,4.434,Medium,1,9,0.755,On Track
25,18,0.711,0.8364,0.7098,0.0012,25.36,51.01,1.367,High,2,1,0.607,On Track
10,9,0.943,0.9518,0.684,0.259,13.1585,54.52,1.6986,Medium,1,2,0.923,On Track
22,11,0.4996,0.5446,0.6506,-0.151,16.9072,70.32,0.7006,Medium,1,6,0.394,At Risk
6,1,0.1318,0.1662,0.1154,0.0163,8.6629,40.05,0.321,Medium,1,1,0.721,At Risk
9,7,0.7934,0.7385,0.854,-0.0605,8.1971,26.62,2.873,Medium,1,10,0.824,At Risk
25,12,0.4697,0.6173,0.5345,-0.0648,22.4526,12.12,3.5798,Medium,1,3,0.771,At Risk
12,4,0.2925,0.2452,0.4603,-0.1678,8.6906,62.01,0.4643,High,2,6,0.668,At Risk
5,2,0.3306,0.5764,0.4778,-0.1472,4.1857,36.72,0.8764,Low,0,8,0.875,At Risk
21,14,0.6631,0.6206,0.7479,-0.0848,18.7183,73.02,0.8958,Medium,1,3,0.823,At Risk
3,2,0.6071,0.7884,0.5055,0.1016,3.9565,40.28,1.4706,Medium,1,6,0.522,On Track
16,5,0.2817,0.2571,0.3726,-0.0908,13.4208,54.91,0.5039,Low,0,7,0.784,At Risk
4,3,0.8143,1.0,0.6893,0.1251,4.3525,46.94,1.6985,Low,0,2,0.844,Excellent
10,6,0.577,0.4587,0.6829,-0.1059,8.7861,54.2,1.0453,Medium,1,3,0.397,At Risk
19,6,0.2899,0.0657,0.5732,-0.2833,10.4669,39.91,0.7086,Medium,1,11,0.607,At Risk
8,0,0.04,0.48,0.071,-0.031,0.0,49.55,0.0791,High,2,3,0.773,At Risk
14,8,0.5793,0.6671,0.7415,-0.1622,10.7886,43.83,1.2921,Medium,1,3,0.733,At Risk
9,5,0.5171,0.4978,0.6157,-0.0986,8.1207,43.81,1.1538,Low,0,4,0.499,At Risk
10,6,0.5916,0.7861,0.4947,0.0968,12.1281,42.41,1.3628,High,2,11,0.748,On Track
13,3,0.2385,0.1283,0.416,-0.1775,7.2112,29.41,0.7844,Medium,1,12,0.963,At Risk
5,2,0.4478,0.4031,0.3854,0.0624,5.1901,58.69,0.7502,Medium,1,1,0.842,At Risk
18,15,0.8601,0.6602,0.7835,0.0765,19.1443,70.69,1.1998,High,2,1,0.711,On Track
18,8,0.4482,0.419,0.5403,-0.0921,14.807,39.8,1.0985,Medium,1,9,0.935,At Risk
13,5,0.3977,0.4522,0.5946,-0.1968,8.4094,51.27,0.761,High,2,2,0.977,At Risk
22,10,0.4697,0.444,0.6259,-0.1561,15.9783,43.22,1.0621,Medium,1,11,0.84,At Risk
5,4,0.7604,1.0,0.7684,-0.008,5.2059,32.55,2.2666,Medium,1,4,0.763,On Track
23,0,0.0,0.1761,0.0894,-0.0894,0.0,32.71,0.0,High,2,1,0.877,At Risk
14,9,0.6231,0.7373,0.3285,0.2946,27.3973,31.61,1.9109,Medium,1,7,0.804,On Track
5,4,0.8866,0.8907,0.474,0.4126,8.4384,53.78,1.6187,Medium,1,11,0.523,On Track
25,16,0.6339,0.5021,0.7346,-0.1007,21.7798,35.59,1.7326,Medium,1,6,0.857,At Risk
21,4,0.187,0.2679,0.2051,-0.0181,19.5027,46.57,0.3931,Medium,1,3,0.699,At Risk
18,5,0.2564,0.3334,0.2216,0.0348,22.5601,94.0,0.2699,Medium,1,11,0.701,At Risk
18,6,0.306,0.4259,0.263,0.043,22.8148,86.74,0.3488,High,2,3,0.452,At Risk
11,6,0.5481,0.4826,0.511,0.0371,11.7419,23.66,2.2225,High,2,12,0.634,On Track
12,6,0.5377,0.6567,0.4555,0.0822,13.1714,37.66,1.3908,Low,0,1,0.742,On Track
17,10,0.584,0.6261,0.6547,-0.0707,15.2751,54.94,1.0439,High,2,11,0.93,At Risk
21,5,0.2539,0.1766,0.1673,0.0866,29.8866,9.58,2.4004,Medium,1,3,0.413,On Track
16,11,0.7076,0.6445,0.6327,0.0749,17.3862,56.31,1.2348,High,2,7,0.785,On Track
23,13,0.5644,0.5359,0.7467,-0.1823,17.4096,76.24,0.7307,Medium,1,9,0.746,At Risk
12,4,0.3736,0.4978,0.3639,0.0097,10.9909,77.57,0.4756,Medium,1,12,0.549,At Risk
21,12,0.5752,0.8232,0.6145,-0.0393,19.5293,3.0,14.3798,High,2,9,0.889,On Track
23,23,0.99,0.8805,0.891,0.099,25.815,40.85,2.3653,Medium,1,11,0.458,On Track
6,2,0.4163,0.4868,0.4743,-0.0579,4.2171,89.51,0.46,Medium,1,2,0.828,At Risk
11,7,0.648,0.4737,0.5557,0.0923,12.5972,19.64,3.1386,Medium,1,4,0.845,On Track
10,6,0.5758,0.9235,0.7384,-0.1627,8.1255,67.89,0.8358,High,2,4,0.732,At Risk
21,13,0.609,0.5529,0.7677,-0.1586,16.9345,43.94,1.3551,Medium,1,8,0.471,At Risk
20,0,0.0,0.0,0.0613,-0.0613,0.0,47.79,0.0,Medium,1,4,0.361,At Risk
18,3,0.1741,0.3646,0.1763,-0.0023,17.0146,34.69,0.4877,Medium,1,10,0.786,At Risk
24,7,0.2937,0.4272,0.7029,-0.4092,9.959,53.93,0.5347,Low,0,12,0.717,At Risk
4,3,0.8417,1.0,0.662,0.1797,4.5319,75.14,1.1055,High,2,7,0.725,On Track
24,15,0.6385,0.3662,0.7749,-0.1364,19.3575,58.96,1.0647,Medium,1,7,0.773,At Risk
23,12,0.521,0.5616,0.2701,0.251,44.433,35.51,1.427,Medium,1,11,0.601,On Track
13,7,0.5038,0.7431,0.5934,-0.0896,11.7962,50.48,0.9787,Low,0,7,0.898,At Risk
15,13,0.8726,1.0,0.8776,-0.005,14.8127,63.5,1.3529,High,2,2,0.625,On Track
10,2,0.2448,0.2422,0.512,-0.2672,3.9061,34.44,0.6908,High,2,11,0.752,At Risk
24,14,0.587,0.6462,0.5439,0.0431,25.7419,12.67,4.2939,Low,0,6,0.815,On Track
24,3,0.1401,0.0082,0.2588,-0.1187,11.5919,66.47,0.2076,High,2,10,0.713,At Risk
16,4,0.2559,0.1225,0.4525,-0.1965,8.8407,53.1,0.4731,Low,0,5,0.662,At Risk
3,1,0.3444,0.2217,0.4039,-0.0594,2.4761,44.4,0.7586,Medium,1,5,0.818,At Risk
18,11,0.5911,0.6673,0.475,0.1161,23.1588,33.42,1.717,Medium,1,10,0.411,On Track
3,1,0.4943,0.5932,0.501,-0.0067,1.996,25.2,1.8868,Low,0,2,0.625,On Track
18,16,0.8887,0.8059,0.8075,0.0812,19.815,28.59,3.0032,Medium,1,7,0.735,On Track
16,9,0.5458,0.5683,0.5631,-0.0173,15.9844,26.96,1.9519,Medium,1,10,0.341,On Track
12,12,0.99,0.9371,0.751,0.239,15.9777,31.24,3.071,High,2,8,0.69,Excellent
7,5,0.682,0.4949,0.5996,0.0824,8.3385,57.78,1.1603,High,2,6,0.797,On Track
20,18,0.9228,0.9386,0.8512,0.0716,21.146,71.16,1.2787,Low,0,4,0.696,On Track
5,1,0.1191,0.3642,0.2563,-0.1373,3.901,27.18,0.4226,High,2,6,0.823,At Risk
15,3,0.212,0.0941,0.3606,-0.1485,8.3195,30.8,0.6668,Low,0,8,0.482,At Risk
22,14,0.6452,0.8219,0.641,0.0042,21.8407,46.4,1.3613,Medium,1,1,0.883,On Track
12,3,0.2586,0.4338,0.3032,-0.0446,9.8939,44.89,0.5635,High,2,6,0.797,At Risk
5,2,0.3967,0.328,0.4798,-0.0832,4.1681,59.04,0.6607,Medium,1,5,0.763,At Risk
8,1,0.1074,0.2274,0.0457,0.0616,21.8661,45.62,0.2303,High,2,12,0.615,At Risk
17,17,0.99,1.0,0.8175,0.1725,20.7963,92.58,1.0579,Low,0,7,0.465,On Track
24,20,0.8296,0.9198,0.7272,0.1024,27.502,60.6,1.3468,Medium,1,9,0.803,On Track
10,0,0.0,0.0037,0.2843,-0.2843,0.0,56.39,0.0,Medium,1,2,0.614,At Risk
9,4,0.4751,0.5819,0.4165,0.0586,9.6029,51.98,0.8968,Medium,1,11,0.657,On Track
23,19,0.836,0.7818,0.5743,0.2617,33.0844,71.3,1.1562,High,2,1,0.821,On Track
15,3,0.1952,0.2672,0.2901,-0.0949,10.3429,38.89,0.4892,Low,0,3,0.695,At Risk
15,11,0.7371,0.7369,0.5831,0.1541,18.8657,84.69,0.8602,Medium,1,5,0.424,On Track
13,1,0.1016,0.3605,0.0669,0.0347,14.9534,23.15,0.4206,Low,0,3,0.746,At Risk
14,2,0.154,0.0,0.0847,0.0693,23.6169,61.25,0.2473,Low,0,3,0.707,At Risk
10,8,0.8379,0.909,0.8901,-0.0521,8.988,92.94,0.892,Medium,1,6,0.779,At Risk
22,8,0.368,0.353,0.5772,-0.2092,13.8594,81.24,0.4474,High,2,7,0.628,Delayed
12,7,0.6037,0.6449,0.5773,0.0264,12.1253,46.28,1.2768,Medium,1,8,0.877,On Track
13,6,0.4263,0.4377,0.354,0.0723,16.9505,42.94,0.9702,Low,0,9,0.368,On Track
22,11,0.4951,0.5145,0.4819,0.0132,22.8243,21.65,2.1857,Medium,1,4,0.924,On Track
8,3,0.3762,0.4623,0.2936,0.0826,10.2169,48.15,0.7654,Medium,1,7,0.683,At Risk
19,5,0.2529,0.2401,0.3607,-0.1078,13.861,30.64,0.7993,Low,0,1,0.843,At Risk
3,2,0.8182,1.0,0.9246,-0.1063,2.1632,89.8,0.9012,High,2,3,0.25,At Risk
6,2,0.2732,0.0841,0.2154,0.0579,9.287,56.41,0.4759,Low,0,4,0.873,At Risk
17,6,0.3622,0.3714,0.4683,-0.1061,12.8129,46.34,0.765,High,2,10,0.769,At Risk
24,17,0.7268,0.8032,0.8971,-0.1704,18.9495,47.79,1.4896,Medium,1,5,0.738,At Risk
14,7,0.5347,0.5539,0.5114,0.0234,13.6887,44.8,1.1676,Low,0,11,0.506,On Track
6,3,0.5552,0.6197,0.5332,0.022,5.6263,86.89,0.6317,Medium,1,9,0.645,At Risk
19,0,0.0,0.0369,0.0694,-0.0694,0.0,3.0,0.0,Medium,1,11,0.497,At Risk
15,8,0.5593,0.6089,0.5417,0.0176,14.7676,37.19,1.4647,Medium,1,3,0.845,On Track
11,10,0.8728,0.9782,0.7287,0.1442,13.7236,3.0,21.8208,High,2,11,0.82,Excellent
16,9,0.5765,0.4056,0.5366,0.0399,16.7712,57.26,0.9896,High,2,2,0.537,On Track
19,7,0.3493,0.2571,0.3246,0.0248,21.5673,38.65,0.881,Low,0,10,0.317,On Track
13,5,0.3591,0.3951,0.5384,-0.1792,9.2875,60.89,0.5803,High,2,8,0.967,At Risk
11,4,0.3472,0.3157,0.275,0.0722,14.5481,12.96,2.486,Medium,1,5,0.731,On Track
14,5,0.3856,0.5485,0.2126,0.173,23.5225,50.02,0.7557,High,2,5,0.841,At Risk
24,17,0.7012,0.7211,0.921,-0.2199,18.4573,52.54,1.3096,High,2,12,0.604,At Risk
23,15,0.6542,0.6291,0.5068,0.1474,29.5987,29.45,2.1486,Low,0,11,0.875,On Track
15,9,0.6213,0.4326,0.5257,0.0957,17.1213,33.82,1.7846,High,2,9,0.879,On Track
24,7,0.2956,0.089,0.5091,-0.2135,13.7486,92.84,0.315,Medium,1,1,0.458,Delayed
23,15,0.6587,0.5989,0.5242,0.1345,28.6128,22.34,2.8225,Medium,1,8,0.95,On Track
18,10,0.5332,0.4175,0.6896,-0.1564,14.5016,33.67,1.5378,High,2,6,0.336,At Risk
25,9,0.3722,0.2171,0.2351,0.1371,38.2799,41.31,0.8797,High,2,1,0.819,On Track
4,0,0.0508,0.1967,0.1118,-0.061,0.0,40.89,0.1213,Medium,1,11,0.848,At Risk
6,4,0.6734,0.3134,0.5416,0.1318,7.3857,64.31,1.0311,High,2,9,0.46,On Track
15,10,0.6454,0.6383,0.6663,-0.021,15.0077,66.83,0.9515,Low,0,8,0.572,On Track
12,8,0.6579,0.7165,0.8239,-0.166,9.7101,62.69,1.0329,Medium,1,9,0.874,At Risk
7,4,0.5399,0.4111,0.5389,0.001,7.4221,64.78,0.8208,Low,0,12,0.699,On Track
22,1,0.0674,0.0806,0.2695,-0.2021,3.711,51.44,0.1285,Low,0,12,0.706,At Risk
17,8,0.4765,0.4944,0.5665,-0.09,14.1213,49.26,0.9481,Medium,1,1,0.72,At Risk
13,5,0.4146,0.7732,0.4803,-0.0657,10.4104,72.82,0.5617,Medium,1,8,0.485,At Risk
7,5,0.6669,0.7524,0.3989,0.268,12.5352,50.91,1.2847,Medium,1,1,0.293,On Track
11,9,0.8121,0.8482,0.8516,-0.0395,10.5679,26.24,2.9809,High,2,3,0.937,On Track
9,8,0.9193,0.8595,0.9535,-0.0343,8.3897,59.47,1.5202,Medium,1,10,0.633,On Track
21,15,0.725,0.6899,0.5342,0.1907,28.0785,55.4,1.2854,High,2,9,0.811,On Track
4,2,0.5671,0.7993,0.5862,-0.0191,3.4118,52.63,1.0575,Medium,1,7,0.752,On Track
8,2,0.3077,0.2018,0.4223,-0.1146,4.7363,58.21,0.5196,Low,0,12,0.773,At Risk
21,13,0.5987,0.5269,0.7219,-0.1232,18.0092,73.69,0.8015,High,2,11,0.622,At Risk
11,7,0.6357,0.5362,0.654,-0.0183,10.7033,44.54,1.3959,High,2,11,0.748,On Track
10,9,0.8781,0.8945,0.8344,0.0437,10.7866,43.63,1.9673,Medium,1,5,0.848,On Track
20,12,0.591,0.5748,0.6238,-0.0328,19.2382,9.95,5.3963,Medium,1,1,0.518,On Track
16,4,0.267,0.4899,0.6207,-0.3538,6.4442,71.56,0.3679,High,2,9,0.644,Delayed
16,14,0.8832,0.7611,0.9519,-0.0687,14.7072,27.86,3.0598,Medium,1,11,0.864,At Risk
5,3,0.5452,0.3155,0.5504,-0.0051,5.4509,45.03,1.1847,High,2,11,0.78,On Track
23,4,0.1545,0.2615,0.3508,-0.1963,11.4024,88.05,0.1735,Low,0,7,0.597,At Risk
18,1,0.0612,0.2219,0.2472,-0.186,4.0452,24.63,0.2388,Medium,1,12,0.64,At Risk
14,9,0.6772,0.9066,0.7039,-0.0267,12.7859,20.46,3.1558,High,2,12,0.817,On Track
11,4,0.3755,0.2353,0.2204,0.1551,18.1503,29.27,1.2404,Low,0,6,0.772,On Track
8,5,0.5938,0.5326,0.8785,-0.2847,5.6912,50.25,1.1587,Medium,1,10,0.502,At Risk
18,1,0.038,0.1577,0.198,-0.1601,5.0496,24.97,0.1463,High,2,1,0.648,At Risk
20,9,0.4682,0.3081,0.6356,-0.1674,14.1607,98.76,0.4693,Low,0,6,0.838,At Risk
7,5,0.7394,0.8092,0.7806,-0.0412,6.4054,63.72,1.1423,Medium,1,4,0.377,On Track
19,14,0.7252,0.6819,0.5589,0.1662,25.0471,51.27,1.3873,Medium,1,1,0.625,On Track
8,4,0.52,0.4195,0.7178,-0.1978,5.5729,63.84,0.8019,Low,0,5,0.566,At Risk
19,8,0.4391,0.3078,0.5295,-0.0903,15.1097,53.7,0.8029,Low,0,3,0.892,At Risk
24,6,0.2533,0.1766,0.2275,0.0258,26.3753,55.03,0.4521,Medium,1,5,0.606,At Risk
4,3,0.8274,0.8511,0.8856,-0.0583,3.3874,43.08,1.8772,High,2,10,0.671,At Risk
12,7,0.5895,0.6434,0.5902,-0.0007,11.8604,48.05,1.2017,Low,0,7,0.782,On Track
14,12,0.8866,1.0,0.9662,-0.0796,12.4204,57.23,1.5225,Medium,1,12,0.554,At Risk
8,2,0.2733,0.0886,0.4402,-0.1669,4.5438,28.94,0.9128,Low,0,5,0.811,At Risk
12,10,0.86,0.9002,0.7746,0.0854,12.91,7.96,9.5981,Low,0,8,0.779,On Track
9,2,0.2259,0.3405,0.3572,-0.1312,5.5994,90.79,0.2462,Low,0,10,0.836,At Risk
13,11,0.8472,1.0,0.6926,0.1546,15.8819,73.29,1.1403,Medium,1,8,0.632,On Track
15,8,0.5317,0.4875,0.5225,0.0093,15.3121,49.43,1.0544,Low,0,2,0.501,On Track
24,20,0.838,0.6856,0.6834,0.1546,29.2639,55.09,1.4941,Medium,1,5,0.633,On Track
14,11,0.7552,0.9075,0.5146,0.2406,21.3757,52.14,1.4212,Medium,1,7,0.653,On Track
13,3,0.2516,0.247,0.2766,-0.025,10.8466,43.35,0.5673,Low,0,7,0.931,At Risk
18,0,0.0027,0.0,0.2673,-0.2647,0.0,20.29,0.0125,High,2,5,0.446,At Risk
6,4,0.6838,0.2096,0.6488,0.035,6.165,23.56,2.784,High,2,4,0.685,On Track
22,13,0.6015,0.5798,0.5336,0.0679,24.3645,36.83,1.59,Low,0,8,0.852,On Track
19,9,0.4533,0.4604,0.1662,0.2871,54.1454,49.06,0.9055,Medium,1,7,0.882,On Track
23,16,0.6855,0.6321,0.6918,-0.0064,23.127,48.96,1.3719,Medium,1,3,0.657,On Track
13,10,0.7568,0.6552,0.3229,0.4339,30.9649,75.23,0.9928,Low,0,1,0.441,On Track
7,5,0.6842,0.6412,0.7289,-0.0447,6.86,65.7,1.0258,Medium,1,5,0.916,On Track
20,16,0.7908,0.8109,0.7504,0.0403,21.321,43.37,1.7823,Low,0,8,0.91,On Track
24,10,0.4172,0.3403,0.4443,-0.0271,22.5087,17.41,2.2657,Low,0,9,0.732,On Track
24,4,0.1612,0.2561,0.2297,-0.0685,17.4159,54.6,0.2898,High,2,7,0.96,At Risk
5,2,0.3507,0.4893,0.3462,0.0046,5.7772,64.15,0.5384,Medium,1,5,0.862,At Risk
15,8,0.5355,0.5961,0.7177,-0.1822,11.1464,51.83,1.0137,Low,0,6,0.789,At Risk
25,5,0.2186,0.2082,0.3499,-0.1313,14.2906,34.95,0.6081,High,2,7,0.827,At Risk
19,12,0.653,0.6296,0.4166,0.2364,28.8032,43.98,1.4517,Medium,1,5,0.873,On Track
23,11,0.4885,0.5385,0.4764,0.0122,23.0901,93.91,0.5147,High,2,2,0.951,At Risk
11,10,0.8924,0.7709,0.6195,0.2729,16.1413,46.4,1.8829,Medium,1,8,0.775,On Track
3,3,0.9123,1.0,0.8609,0.0513,3.4847,48.06,1.8596,Low,0,1,0.725,On Track
20,8,0.3802,0.544,0.4981,-0.1179,16.0624,51.62,0.7225,Medium,1,12,0.735,At Risk
21,6,0.2697,0.2644,0.2607,0.009,23.0156,59.62,0.4449,Medium,1,5,0.457,At Risk
14,9,0.6765,0.7153,0.8034,-0.1269,11.2023,84.82,0.7883,Low,0,10,0.694,At Risk
14,10,0.7141,0.7701,0.769,-0.0549,13.0043,41.74,1.6706,High,2,5,0.821,At Risk
10,9,0.9017,0.7891,0.7737,0.1281,11.6326,6.91,11.4003,Medium,1,2,0.836,On Track
20,8,0.3907,0.4341,0.5174,-0.1267,15.4624,30.2,1.2521,High,2,2,0.815,At Risk
22,17,0.7811,1.0,0.7691,0.0119,22.103,32.64,2.3216,Medium,1,11,0.768,On Track
16,13,0.8168,0.9188,0.7925,0.0243,16.4034,38.47,2.0692,High,2,12,0.746,On Track
6,3,0.5464,0.7076,0.5338,0.0126,5.6203,55.1,0.9741,High,2,5,0.656,On Track
8,4,0.4461,0.3974,0.4167,0.0295,9.6004,46.73,0.9348,Medium,1,11,0.5,On Track
8,5,0.5877,0.574,0.5362,0.0515,9.3241,50.02,1.1519,Low,0,12,0.603,On Track
23,7,0.3194,0.3418,0.143,0.1764,48.9551,7.32,3.8378,High,2,12,0.856,On Track
25,9,0.3792,0.255,0.468,-0.0888,19.2301,38.98,0.9484,Medium,1,2,0.827,At Risk
15,5,0.313,0.4515,0.1515,0.1615,33.0139,19.61,1.5186,High,2,7,0.708,On Track
13,7,0.5156,0.7726,0.5081,0.0076,13.7774,32.14,1.5559,Low,0,7,0.839,On Track
15,15,0.99,1.0,0.8494,0.1406,17.6595,63.46,1.5359,Medium,1,8,0.475,On Track
13,1,0.0397,0.0,0.1515,-0.1118,6.6014,55.12,0.0708,High,2,6,0.875,At Risk
8,3,0.3341,0.2355,0.5133,-0.1792,5.8441,55.72,0.5891,High,2,12,0.554,At Risk
7,7,0.99,0.9162,0.8642,0.1258,8.1003,54.53,1.7827,Medium,1,9,0.638,On Track
19,5,0.248,0.1014,0.2795,-0.0315,17.8882,66.47,0.3676,Medium,1,7,0.843,At Risk
24,13,0.5497,0.6248,0.8214,-0.2718,15.8262,31.65,1.6837,High,2,5,0.799,At Risk
7,1,0.141,0.0,0.1078,0.0333,9.2786,21.2,0.6353,High,2,4,0.316,At Risk
13,5,0.3499,0.5297,0.2914,0.0584,17.1557,20.5,1.6269,Low,0,11,0.716,On Track
5,3,0.5356,0.5579,0.5785,-0.0429,5.1856,35.55,1.4654,High,2,7,0.551,On Track
5,4,0.793,0.8099,0.7808,0.0122,5.1229,76.79,1.0194,Medium,1,9,0.914,On Track
3,1,0.3298,0.6155,0.4138,-0.084,2.4167,10.84,2.7844,Medium,1,10,0.573,At Risk
24,12,0.4824,0.6376,0.5954,-0.113,20.1552,8.41,5.1237,High,2,4,0.94,At Risk
21,10,0.4543,0.5427,0.3529,0.1014,28.3374,70.45,0.6359,Medium,1,7,0.815,At Risk
15,7,0.4786,0.6894,0.4802,-0.0016,14.5772,49.04,0.9565,Low,0,4,0.379,On Track
21,19,0.8816,0.6005,0.5625,0.319,33.7759,42.35,2.0336,Medium,1,12,0.782,On Track
11,8,0.7707,0.7133,0.6651,0.1057,12.0292,33.08,2.2612,Low,0,11,0.918,On Track
7,0,0.0287,0.2205,0.2576,-0.2289,0.0,68.0,0.0415,Medium,1,3,0.676,At Risk
10,3,0.2827,0.3417,0.4249,-0.1421,7.061,68.54,0.4066,Low,0,11,0.854,At Risk
10,7,0.6606,0.8405,0.6933,-0.0327,10.0966,40.95,1.5746,Medium,1,9,0.806,On Track
6,1,0.2059,0.2933,0.4484,-0.2425,2.2301,89.35,0.2279,High,2,5,0.815,Delayed
4,4,0.9381,0.8836,0.9255,0.0126,4.3221,34.88,2.6142,Low,0,12,0.851,On Track
23,11,0.4723,0.727,0.4632,0.0091,23.7487,34.26,1.3395,Medium,1,7,0.831,On Track
12,2,0.198,0.2341,0.0712,0.1268,28.0869,59.14,0.3293,Medium,1,3,0.459,At Risk
23,17,0.7334,0.7761,0.8159,-0.0825,20.8362,32.98,2.1587,High,2,12,0.788,At Risk
25,1,0.045,0.0,0.2127,-0.1677,4.7007,23.12,0.1867,High,2,7,0.445,At Risk
22,22,0.99,1.0,0.9613,0.0287,22.8848,27.8,3.4369,High,2,5,0.778,On Track
25,4,0.1641,0.2477,0.459,-0.295,8.714,55.72,0.2892,Low,0,2,0.879,At Risk
22,5,0.218,0.1491,0.2725,-0.0545,18.3508,64.72,0.3316,Medium,1,10,0.73,At Risk
19,8,0.4249,0.6273,0.4477,-0.0228,17.8705,26.02,1.5727,Low,0,5,0.911,On Track
22,16,0.7167,0.6283,0.8123,-0.0956,19.6971,92.19,0.7691,High,2,4,0.914,At Risk
10,7,0.7228,0.5775,0.5628,0.1601,12.4385,3.0,18.071,Medium,1,5,0.952,On Track
6,0,0.0644,0.0192,0.3688,-0.3044,0.0,37.05,0.1692,Medium,1,6,0.789,At Risk
24,4,0.1718,0.1511,0.1373,0.0345,29.1256,22.67,0.7258,High,2,10,0.902,At Risk
5,0,0.0959,0.0,0.0717,0.0242,0.0,4.95,1.6097,Medium,1,6,0.624,On Track
3,1,0.2677,0.375,0.0963,0.1714,10.3865,42.42,0.6166,Medium,1,12,0.429,At Risk
19,7,0.3513,0.0792,0.1945,0.1568,35.9873,32.17,1.0591,High,2,2,0.612,On Track
6,2,0.3873,0.2842,0.3721,0.0152,5.3747,22.38,1.6564,Medium,1,6,0.885,On Track
9,4,0.4528,0.4008,0.1663,0.2865,24.0468,16.52,2.5843,High,2,1,0.449,On Track
17,5,0.2733,0.5392,0.4044,-0.1311,12.3648,60.94,0.4412,Medium,1,11,0.621,At Risk
7,5,0.7788,0.614,0.4316,0.3472,11.5848,70.21,1.0937,Medium,1,8,0.962,On Track
11,7,0.6253,0.5152,0.6419,-0.0166,10.9054,43.47,1.4061,Low,0,9,0.837,On Track
4,2,0.5316,0.2784,0.4384,0.0932,4.5618,48.44,1.0754,Medium,1,8,0.731,On Track
21,6,0.3023,0.53,0.2721,0.0303,22.0524,13.93,2.0246,High,2,9,0.819,On Track
22,15,0.6994,0.7803,0.5297,0.1697,28.3185,57.32,1.1993,Medium,1,1,0.74,On Track
4,1,0.291,0.3868,0.3798,-0.0887,2.6331,65.83,0.4355,Medium,1,9,0.953,At Risk
17,4,0.2321,0.0186,0.1421,0.09,28.1399,46.53,0.4884,High,2,2,0.841,At Risk
18,10,0.5431,0.4127,0.4226,0.1205,23.6656,5.73,8.069,Medium,1,4,0.951,On Track
12,2,0.1688,0.2738,0.1418,0.027,14.101,57.98,0.2862,Medium,1,11,0.589,At Risk
13,7,0.524,0.24,0.2387,0.2853,29.3264,31.73,1.6007,Medium,1,6,0.459,On Track
19,5,0.2868,0.3505,0.275,0.0118,18.1795,29.04,0.9549,Medium,1,10,0.821,On Track
10,5,0.5192,0.6038,0.4726,0.0466,10.5803,77.09,0.6649,High,2,4,0.886,At Risk
20,10,0.4994,0.4839,0.4722,0.0272,21.1792,34.82,1.3939,High,2,4,0.761,On Track
12,7,0.5984,0.4301,0.4597,0.1387,15.2261,36.59,1.5921,Medium,1,10,0.837,On Track
20,10,0.5214,0.408,0.4005,0.121,24.9711,65.98,0.7785,Medium,1,12,0.726,At Risk
3,2,0.5457,0.5043,0.5207,0.025,3.8408,62.91,0.8538,Medium,1,4,0.715,On Track
8,3,0.3675,0.5338,0.4302,-0.0626,6.9742,69.28,0.523,Low,0,1,0.742,At Risk
19,10,0.5483,0.6447,0.4676,0.0807,21.3865,49.73,1.0808,Medium,1,5,0.681,On Track
16,0,0.002,0.0347,0.1869,-0.1849,0.0,29.59,0.0064,High,2,6,0.653,At Risk
5,0,0.0658,0.2328,0.083,-0.0172,0.0,47.79,0.1349,Medium,1,11,0.763,At Risk
11,4,0.3409,0.3503,0.3883,-0.0474,10.3021,38.27,0.8682,Low,0,12,0.936,On Track
5,2,0.3867,0.546,0.2577,0.129,7.7604,32.71,1.1472,High,2,10,0.648,On Track
6,3,0.5376,0.6577,0.5074,0.0302,5.9126,3.0,13.4404,Medium,1,7,0.528,On Track
15,9,0.63,0.5311,0.7086,-0.0787,12.7003,60.51,1.0241,Low,0,9,0.918,At Risk
21,16,0.7766,0.7094,0.8369,-0.0603,19.1187,63.35,1.2068,High,2,7,0.743,At Risk
10,5,0.4813,0.2661,0.301,0.1802,16.6088,64.45,0.7354,Medium,1,11,0.737,At Risk
4,2,0.4942,0.3357,0.3953,0.0988,5.0589,43.24,1.1171,High,2,6,0.727,On Track
20,1,0.0509,0.0336,0.0759,-0.025,13.1757,53.38,0.0935,Low,0,6,0.877,At Risk
24,6,0.2367,0.1119,0.4027,-0.166,14.9008,28.7,0.797,Low,0,5,0.902,At Risk
5,5,0.9326,1.0,0.7526,0.18,6.6436,38.2,2.379,High,2,11,0.808,Excellent
18,11,0.5861,0.641,0.4926,0.0935,22.3319,86.46,0.6701,High,2,10,0.986,At Risk
7,1,0.1714,0.3525,0.0843,0.0871,11.863,33.23,0.5009,Low,0,7,0.915,At Risk
17,0,0.0069,0.222,0.3123,-0.3054,0.0,35.83,0.0186,Medium,1,11,0.736,At Risk
25,21,0.8417,0.7061,0.7575,0.0842,27.7231,75.46,1.1009,High,2,10,0.832,On Track
17,0,0.0117,0.0,0.274,-0.2624,0.0,28.96,0.039,Low,0,4,0.575,At Risk
13,3,0.1973,0.414,0.2249,-0.0276,13.3382,66.16,0.2938,Low,0,10,0.639,At Risk
9,5,0.5689,0.6489,0.3935,0.1754,12.7051,14.51,3.6693,Medium,1,2,0.832,On Track
15,13,0.8893,1.0,0.8118,0.0775,16.0147,56.43,1.5484,Medium,1,3,0.853,On Track
12,9,0.77,0.9071,0.7208,0.0492,12.4856,62.59,1.2108,Medium,1,4,0.728,On Track
5,2,0.4846,0.4369,0.5444,-0.0598,3.674,124.91,0.3849,High,2,12,0.636,At Risk
19,8,0.4165,0.2061,0.5578,-0.1413,14.3423,25.92,1.547,Low,0,1,0.603,At Risk
17,8,0.499,0.7792,0.6411,-0.1421,12.478,53.57,0.9144,High,2,4,0.633,At Risk
25,17,0.6756,0.8854,0.6803,-0.0047,24.9906,58.42,1.1369,Low,0,12,0.794,On Track
9,2,0.2146,0.1672,0.3079,-0.0933,6.4946,19.68,1.0378,High,2,5,0.52,At Risk
9,7,0.7516,0.8226,0.7981,-0.0464,8.7711,35.53,2.0578,Medium,1,9,0.477,On Track
25,0,0.0072,0.2287,0.0895,-0.0823,0.0,3.0,0.1806,Medium,1,5,0.947,At Risk
3,2,0.8229,0.6632,0.9057,-0.0828,2.2082,92.47,0.8804,Medium,1,12,0.905,At Risk
22,14,0.6311,0.393,0.5316,0.0995,26.3364,36.34,1.6902,Medium,1,12,0.645,On Track
3,2,0.7694,0.6134,0.5442,0.2252,3.6755,69.45,1.0921,Low,0,2,0.78,On Track
14,2,0.1365,0.0951,0.1391,-0.0026,14.378,32.43,0.4083,Medium,1,4,0.727,At Risk
16,3,0.214,0.2436,0.1242,0.0898,24.1494,45.38,0.4615,Medium,1,1,0.735,At Risk
23,22,0.9677,1.0,0.8105,0.1572,27.1452,48.72,1.9461,Medium,1,12,0.684,Excellent
23,20,0.8778,0.9707,0.891,-0.0131,22.4479,18.53,4.4941,Medium,1,9,0.54,On Track
11,11,0.99,0.8709,0.8788,0.1112,12.5171,77.75,1.2572,High,2,9,0.812,On Track
14,13,0.898,0.761,0.8148,0.0832,15.9555,43.46,2.0196,Medium,1,11,0.738,On Track
8,4,0.558,0.8282,0.4724,0.0857,8.468,44.58,1.2243,High,2,10,0.667,On Track
23,7,0.3147,0.4604,0.3222,-0.0076,21.7237,25.6,1.183,High,2,6,0.301,On Track
14,7,0.4909,0.6901,0.7081,-0.2172,9.8863,18.71,2.4908,Medium,1,5,0.389,At Risk
6,2,0.4019,0.4746,0.5289,-0.127,3.7817,24.55,1.5728,Medium,1,1,0.8,At Risk
8,0,0.0091,0.0046,0.0814,-0.0723,0.0,23.2,0.0375,Low,0,12,0.578,At Risk
14,4,0.2563,0.3294,0.5569,-0.3006,7.1825,43.8,0.572,High,2,7,0.931,At Risk
3,2,0.5153,0.5108,0.6912,-0.1759,2.8936,89.42,0.5699,High,2,12,0.905,At Risk
17,7,0.4297,0.5672,0.6558,-0.2261,10.6745,48.66,0.8651,Medium,1,2,0.829,At Risk
13,5,0.398,0.4162,0.2409,0.1572,20.7571,13.02,2.838,High,2,2,0.466,On Track
7,1,0.204,0.1105,0.2044,-0.0004,4.8923,22.43,0.8705,Low,0,6,0.763,On Track
18,8,0.4578,0.4778,0.49,-0.0322,16.3277,66.25,0.6808,High,2,8,0.906,At Risk
5,2,0.4992,0.6895,0.5721,-0.0729,3.4959,55.16,0.8888,Medium,1,6,0.751,At Risk
13,10,0.7462,0.8816,0.7159,0.0304,13.9692,83.73,0.8807,Medium,1,8,0.683,On Track
7,4,0.5874,0.7327,0.5508,0.0366,7.2618,44.21,1.2994,Low,0,2,0.748,On Track
19,15,0.8113,0.6406,0.5515,0.2598,27.2004,34.51,2.2848,High,2,10,0.669,On Track
11,4,0.3826,0.2079,0.375,0.0076,10.6677,3.0,9.5643,Low,0,9,0.809,On Track
15,9,0.5692,0.7389,0.5668,0.0025,15.8798,52.47,1.0645,High,2,4,0.779,On Track
14,5,0.3902,0.5833,0.5683,-0.1782,8.7976,8.84,3.9653,Medium,1,5,0.621,At Risk
24,0,0.0,0.0,0.075,-0.075,0.0,38.84,0.0,Medium,1,1,0.411,At Risk
9,4,0.3995,0.4616,0.5022,-0.1027,7.9654,49.06,0.7981,Low,0,12,0.5,At Risk
11,6,0.5004,0.3944,0.8568,-0.3564,7.0027,38.51,1.2666,Low,0,9,0.439,At Risk
16,10,0.5986,0.7576,0.5257,0.0729,19.0213,39.6,1.4743,Medium,1,12,0.727,On Track
15,11,0.7368,0.4777,0.6609,0.0759,16.6449,60.51,1.1977,Medium,1,3,0.883,On Track
16,8,0.4868,0.1558,0.4845,0.0023,16.5128,17.76,2.5948,Low,0,3,0.594,On Track
7,4,0.6401,0.5679,0.7236,-0.0835,5.5279,34.29,1.8139,Medium,1,1,0.555,At Risk
6,4,0.6923,0.5661,0.8473,-0.1549,4.7212,70.29,0.9711,Medium,1,4,0.791,At Risk
21,0,0.0,0.3024,0.1036,-0.1036,0.0,24.91,0.0,High,2,9,0.556,At Risk
15,6,0.4091,0.3462,0.1566,0.2526,38.3202,64.84,0.6214,Medium,1,1,0.973,At Risk
3,3,0.99,1.0,0.8582,0.1318,3.4955,67.11,1.4536,Medium,1,2,0.826,On Track
17,13,0.7635,0.8069,0.8499,-0.0864,15.2956,53.47,1.4017,Medium,1,1,0.463,At Risk
9,8,0.898,0.8316,0.7579,0.1401,10.556,89.66,0.9905,Low,0,10,0.546,On Track
20,12,0.5909,0.5662,0.7738,-0.1829,15.5072,62.94,0.9242,Medium,1,2,0.686,At Risk
13,0,0.0086,0.0006,0.2611,-0.2526,0.0,10.82,0.0724,Medium,1,6,0.623,At Risk
22,8,0.3564,0.0726,0.2629,0.0935,30.4306,84.65,0.4161,Medium,1,9,0.666,At Risk
17,1,0.0586,0.0864,0.5103,-0.4517,1.9596,59.07,0.0975,Low,0,8,0.9,At Risk
23,12,0.5311,0.6209,0.6032,-0.0721,19.8925,66.07,0.7919,Medium,1,4,0.838,At Risk
3,2,0.6744,1.0,0.6669,0.0075,2.9991,14.99,4.2176,Low,0,4,0.417,On Track
9,6,0.6758,0.9774,0.5324,0.1434,11.2697,38.21,1.7235,Medium,1,6,0.803,Excellent
15,14,0.9661,1.0,0.8517,0.1144,16.4375,44.72,2.1129,Medium,1,2,0.942,Excellent
6,4,0.7009,0.596,0.8297,-0.1288,4.8208,53.63,1.2829,High,2,10,0.802,At Risk
7,1,0.1944,0.1257,0.5174,-0.323,1.9328,58.25,0.3281,Low,0,4,0.726,At Risk
17,9,0.5003,0.5642,0.4284,0.0719,21.008,42.56,1.1485,High,2,8,0.879,On Track
21,13,0.64,0.4736,0.7193,-0.0793,18.0725,70.37,0.8967,Medium,1,10,0.743,At Risk
23,9,0.3776,0.3482,0.2224,0.1552,40.4649,60.88,0.6102,Medium,1,11,0.619,At Risk
25,13,0.5264,0.5794,0.5555,-0.0291,23.4018,54.75,0.9442,Medium,1,8,0.433,On Track
5,3,0.6546,0.6951,0.5166,0.138,5.8072,54.99,1.1693,High,2,10,0.78,On Track
4,2,0.5007,0.0545,0.6337,-0.133,3.1562,78.69,0.6283,Low,0,8,0.84,At Risk
8,6,0.7758,0.7817,0.5928,0.1829,10.1208,58.03,1.3141,High,2,7,0.664,On Track
23,13,0.554,0.5847,0.8035,-0.2495,16.1787,46.25,1.1725,Low,0,11,0.734,At Risk
25,11,0.4311,0.4059,0.3902,0.041,28.1928,43.99,0.9584,High,2,4,0.918,On Track
25,16,0.6599,0.6399,0.6451,0.0148,24.8022,38.98,1.6505,Medium,1,11,0.314,On Track
18,8,0.4475,0.4737,0.3412,0.1064,23.4478,71.49,0.6174,Medium,1,12,0.401,At Risk
18,9,0.4794,0.5021,0.3533,0.1261,25.4755,4.86,8.1798,Medium,1,10,0.714,On Track
7,3,0.4371,0.4653,0.455,-0.0179,6.5936,63.53,0.6772,High,2,2,0.695,At Risk
18,18,0.99,1.0,0.9027,0.0873,19.9409,63.45,1.536,Low,0,10,0.854,On Track
15,15,0.9808,0.9166,0.8457,0.1352,17.7375,67.04,1.4415,High,2,2,0.558,On Track
25,13,0.5038,0.489,0.5024,0.0014,25.878,15.22,3.1049,Low,0,4,0.827,On Track
10,6,0.6397,0.4566,0.6086,0.0311,9.8593,31.63,1.9604,Low,0,1,0.704,On Track
15,12,0.7884,0.7396,0.7219,0.0665,16.6237,16.96,4.3898,Medium,1,10,0.888,On Track
10,5,0.5471,0.6623,0.2999,0.2473,16.675,62.27,0.8647,Medium,1,11,0.559,On Track
23,14,0.6303,0.7376,0.7738,-0.1435,18.0929,62.83,0.9875,Low,0,1,0.548,At Risk
10,5,0.4623,0.7097,0.5945,-0.1321,8.4111,16.56,2.6329,Medium,1,2,0.962,At Risk
9,4,0.4884,0.508,0.5241,-0.0358,7.6315,33.55,1.4134,High,2,1,0.578,On Track
4,2,0.54,0.3393,0.6031,-0.0631,3.3164,38.61,1.363,High,2,8,0.314,At Risk
4,2,0.6043,0.7107,0.487,0.1173,4.1065,48.48,1.2212,Medium,1,7,0.687,On Track
10,8,0.8481,1.0,0.6112,0.2369,13.0887,52.08,1.5978,Low,0,4,0.614,On Track
24,10,0.4126,0.5595,0.4903,-0.0777,20.3954,16.2,2.3994,High,2,1,0.736,At Risk
20,20,0.99,1.0,0.9464,0.0436,21.1318,57.92,1.6802,Low,0,11,0.853,On Track
21,2,0.1078,0.0039,0.1308,-0.023,15.285,24.0,0.4314,Medium,1,7,0.462,At Risk
11,5,0.4576,0.5346,0.3612,0.0964,13.8437,52.55,0.8544,Medium,1,1,0.525,On Track
7,4,0.5287,0.3792,0.7082,-0.1795,5.6481,61.34,0.8481,Low,0,8,0.459,At Risk
3,2,0.7998,0.6758,0.7107,0.0891,2.8141,45.68,1.7134,Medium,1,8,0.95,On Track
6,4,0.6833,0.7538,0.4121,0.2712,9.7066,41.54,1.6061,Medium,1,12,0.574,On Track
6,1,0.2458,0.0657,0.4589,-0.2131,2.179,34.44,0.6935,Low,0,3,0.655,At Risk
7,3,0.3591,0.3571,0.2896,0.0695,10.3599,37.54,0.9317,Medium,1,9,0.629,On Track
8,7,0.8133,0.9291,0.8644,-0.0511,8.0983,48.63,1.6388,High,2,10,0.937,At Risk
19,7,0.3542,0.4965,0.2317,0.1225,30.2175,46.68,0.7429,Low,0,6,0.931,At Risk
6,6,0.9883,0.9525,0.879,0.1093,6.8256,50.02,1.9372,Low,0,9,0.791,On Track
15,14,0.9013,0.8723,0.7362,0.165,19.0154,45.78,1.9268,Medium,1,1,0.667,Excellent
5,3,0.5524,0.6102,0.7555,-0.2031,3.9709,60.84,0.8933,Medium,1,1,0.681,At Risk
20,6,0.3037,0.3679,0.3827,-0.0789,15.6799,35.0,0.8437,High,2,11,0.791,At Risk
5,4,0.7193,0.9837,0.4511,0.2682,8.8671,37.53,1.8669,High,2,9,0.616,Excellent
20,4,0.1931,0.3347,0.2677,-0.0746,14.9434,66.83,0.2847,Medium,1,10,0.605,At Risk
22,17,0.753,0.9667,0.8238,-0.0708,20.635,80.92,0.9193,Medium,1,10,0.837,At Risk
20,7,0.3446,0.0986,0.3663,-0.0217,19.1109,51.61,0.655,Low,0,2,0.919,At Risk
25,15,0.5806,0.5459,0.5609,0.0198,26.7444,32.44,1.7365,Medium,1,1,0.499,On Track
24,18,0.7398,0.5362,0.8001,-0.0604,22.4962,46.92,1.5437,Medium,1,9,0.398,At Risk
22,9,0.4118,0.4692,0.5651,-0.1533,15.9259,17.89,2.1807,Medium,1,5,0.9,At Risk
17,9,0.5511,0.605,0.511,0.0401,17.6129,34.83,1.538,Low,0,7,0.865,On Track
24,19,0.7759,1.0,0.5424,0.2335,35.0305,47.96,1.5847,High,2,1,0.764,Excellent
20,13,0.6639,0.4169,0.4818,0.182,26.9801,44.9,1.4464,High,2,12,0.879,On Track
9,6,0.7165,0.6936,0.9216,-0.2051,6.5102,64.1,1.1007,High,2,1,0.88,At Risk
8,8,0.959,1.0,0.8794,0.0796,9.0967,89.85,1.0557,High,2,9,0.742,On Track
17,0,0.0,0.0,0.0748,-0.0748,0.0,35.7,0.0,Medium,1,4,0.773,At Risk
6,3,0.5239,0.4547,0.4169,0.107,7.1958,55.64,0.9249,Medium,1,12,0.725,On Track
23,1,0.0283,0.3171,0.0877,-0.0594,11.4015,33.3,0.0826,Medium,1,12,0.91,At Risk
9,4,0.3996,0.4573,0.5163,-0.1167,7.7473,42.2,0.925,Medium,1,11,0.505,At Risk
16,9,0.5537,0.4417,0.392,0.1618,22.9605,45.99,1.1783,Medium,1,2,0.666,On Track
22,8,0.3611,0.2873,0.4142,-0.0531,19.3137,11.79,2.824,Medium,1,2,0.815,At Risk
20,13,0.6729,0.5017,0.5179,0.155,25.1006,61.28,1.0805,High,2,9,0.756,On Track
14,3,0.2117,0.3564,0.4558,-0.244,6.5821,50.94,0.4077,Medium,1,11,0.797,At Risk
6,2,0.2812,0.5069,0.2804,0.0008,7.1328,43.6,0.6305,Low,0,2,0.825,At Risk
10,3,0.311,0.3629,0.496,-0.185,6.0489,84.36,0.3643,Medium,1,2,0.893,At Risk
5,0,0.0,0.0,0.321,-0.321,0.0,41.95,0.0,Medium,1,6,0.501,At Risk
11,4,0.3859,0.3795,0.5894,-0.2035,6.7863,53.58,0.7071,Low,0,5,0.574,At Risk
12,7,0.5696,0.9083,0.5875,-0.0179,11.9141,62.23,0.901,Medium,1,5,0.923,On Track
7,6,0.8256,1.0,0.6231,0.2025,9.629,42.19,1.9117,Medium,1,8,0.4,Excellent
22,11,0.4927,0.3451,0.4078,0.0849,26.9746,54.0,0.8957,Medium,1,10,0.713,On Track
13,10,0.7718,0.8837,0.8137,-0.0419,12.2895,47.67,1.5859,Medium,1,4,0.874,On Track
3,2,0.6744,0.8326,0.55,0.1244,3.6362,59.71,1.1109,Medium,1,2,0.624,On Track
5,2,0.4404,0.2433,0.2521,0.1883,7.9335,86.7,0.5021,High,2,1,0.541,At Risk
6,4,0.7459,0.8372,0.7173,0.0286,5.5768,41.97,1.7357,Medium,1,11,0.718,On Track
25,25,0.99,0.9104,0.7628,0.2272,32.7758,59.92,1.625,Medium,1,10,0.735,On Track
9,7,0.7756,0.6718,0.6233,0.1523,11.231,72.64,1.0533,Low,0,9,0.699,On Track
15,7,0.4577,0.3201,0.7753,-0.3176,9.029,35.44,1.256,High,2,8,0.611,At Risk
16,14,0.8873,0.8434,0.6322,0.2551,22.1465,66.89,1.3069,Low,0,10,0.632,On Track
21,12,0.5573,0.8346,0.7075,-0.1502,16.96,64.26,0.854,Medium,1,11,0.756,At Risk
9,5,0.5524,0.687,0.4647,0.0877,10.7587,64.33,0.8456,High,2,12,0.715,On Track
5,0,0.0,0.0,0.1855,-0.1855,0.0,78.07,0.0,Low,0,1,0.622,At Risk
4,2,0.4514,0.4702,0.5047,-0.0533,3.9629,64.78,0.6862,High,2,12,0.462,At Risk
3,2,0.5796,0.5809,0.6955,-0.116,2.8755,31.36,1.7909,Medium,1,11,0.364,At Risk
24,13,0.5338,0.4729,0.3873,0.1465,33.5639,52.83,0.9916,Medium,1,3,0.511,On Track
16,5,0.2951,0.3099,0.4198,-0.1247,11.9101,3.0,7.377,High,2,1,0.768,At Risk
8,6,0.7567,0.8957,0.8015,-0.0448,7.4861,68.66,1.0863,High,2,10,0.724,On Track
12,11,0.906,0.8229,0.9282,-0.0222,11.851,89.65,0.9994,High,2,8,0.793,On Track
11,11,0.99,1.0,0.7905,0.1995,13.9149,3.0,24.75,Medium,1,12,0.335,Excellent
7,4,0.5747,0.3479,0.712,-0.1373,5.6179,57.44,0.9834,Low,0,5,0.899,At Risk
12,12,0.99,0.807,0.8075,0.1825,14.8609,38.49,2.507,Low,0,6,0.567,On Track
3,2,0.5686,0.4894,0.6466,-0.078,3.0932,54.09,1.032,Low,0,6,0.9,At Risk
15,9,0.5782,0.6183,0.4774,0.1008,18.8531,47.62,1.1892,Medium,1,2,0.481,On Track
8,0,0.0301,0.0,0.2179,-0.1879,0.0,36.11,0.0811,Low,0,8,0.735,At Risk
8,3,0.4224,0.5105,0.3933,0.0291,7.6278,68.97,0.6037,High,2,11,0.382,At Risk
23,7,0.2992,0.2185,0.1893,0.1099,36.985,46.94,0.6241,Medium,1,8,0.824,At Risk
22,5,0.2092,0.3592,0.2621,-0.0529,19.0767,51.9,0.3955,Medium,1,6,0.519,At Risk
11,6,0.5539,0.8049,0.5354,0.0185,11.2066,18.81,2.7954,High,2,4,0.859,On Track
3,2,0.6989,0.628,0.5745,0.1244,3.4815,36.65,1.8562,High,2,7,0.901,On Track
20,6,0.296,0.4135,0.3189,-0.0229,18.817,38.87,0.7423,Medium,1,1,0.753,At Risk
13,3,0.2021,0.1926,0.331,-0.1289,9.0631,33.73,0.582,High,2,4,0.62,At Risk
20,7,0.3318,0.5116,0.2224,0.1094,31.4737,22.69,1.4005,High,2,6,0.924,On Track
13,10,0.7354,0.8646,0.6884,0.047,14.5267,54.8,1.318,High,2,1,0.724,On Track
10,8,0.782,0.7743,0.8782,-0.0962,9.1098,72.12,1.0695,Medium,1,6,0.816,At Risk
5,2,0.3636,0.284,0.158,0.2056,12.6583,26.44,1.3252,Medium,1,9,0.632,On Track
8,3,0.3762,0.3106,0.6654,-0.2893,4.5085,97.33,0.3826,Medium,1,2,0.672,Delayed
4,2,0.409,0.45,0.4187,-0.0098,4.7765,37.77,1.0549,Medium,1,6,0.915,On Track
16,6,0.3839,0.354,0.4511,-0.0672,13.3015,27.06,1.3682,Medium,1,11,0.611,At Risk
13,9,0.6624,0.4486,0.5535,0.1089,16.2597,50.72,1.2808,Medium,1,6,0.934,On Track
5,2,0.4929,0.546,0.5094,-0.0165,3.926,66.92,0.7257,Low,0,9,0.428,At Risk
6,1,0.2327,0.2148,0.3404,-0.1077,2.938,60.97,0.3755,Medium,1,8,0.561,At Risk
8,2,0.2585,0.0033,0.247,0.0116,8.0981,98.49,0.2599,High,2,4,0.928,At Risk
19,6,0.3387,0.4546,0.3843,-0.0456,15.6127,47.39,0.7,High,2,1,0.836,At Risk
23,3,0.135,0.1078,0.2022,-0.0672,14.8348,68.95,0.193,High,2,11,0.79,At Risk
20,4,0.2222,0.0631,0.1811,0.041,22.0812,39.71,0.5458,Medium,1,4,0.597,At Risk
16,7,0.4098,0.4234,0.5276,-0.1178,13.2679,44.62,0.8983,Medium,1,9,0.607,At Risk
25,1,0.05,0.0,0.1295,-0.0795,7.7239,109.84,0.0451,High,2,11,0.331,At Risk
5,4,0.7477,0.6842,0.5412,0.2065,7.3904,66.18,1.113,Medium,1,11,0.804,On Track
9,6,0.7182,0.5682,0.5983,0.12,10.029,68.59,1.0321,Low,0,4,0.857,On Track
12,9,0.7396,0.4651,0.7394,0.0002,12.1713,78.61,0.929,Medium,1,1,0.786,On Track
25,14,0.5687,0.3782,0.4978,0.0709,28.1222,46.79,1.1899,Medium,1,5,0.636,On Track
16,4,0.2529,0.1829,0.3155,-0.0626,12.6796,32.8,0.7483,High,2,12,0.402,At Risk
6,2,0.3401,0.3256,0.3632,-0.0231,5.5071,63.62,0.5264,Medium,1,3,0.653,At Risk
22,6,0.2634,0.0,0.0809,0.1825,74.1969,20.16,1.2446,Low,0,8,0.441,On Track
22,15,0.6732,0.5985,0.4032,0.27,37.2056,36.16,1.8114,Low,0,11,0.737,On Track
8,7,0.9175,0.8166,0.8305,0.087,8.4291,3.0,22.9375,Medium,1,12,0.629,On Track
12,4,0.3148,0.229,0.3931,-0.0783,10.176,36.5,0.8394,Low,0,7,0.621,At Risk
10,6,0.5566,0.8837,0.6458,-0.0893,9.2902,73.03,0.7519,Medium,1,6,0.675,At Risk
11,8,0.7057,0.6175,0.6044,0.1012,13.2352,46.44,1.4874,High,2,1,0.972,On Track
5,2,0.4986,0.3165,0.2134,0.2852,9.3702,42.03,1.1587,High,2,12,0.668,On Track
9,2,0.1763,0.1729,0.0804,0.0959,24.868,6.71,2.2879,Low,0,11,0.299,On Track
11,9,0.7877,0.6025,0.6715,0.1162,13.4029,16.7,4.451,Medium,1,10,0.664,On Track
23,18,0.8037,0.7777,0.9214,-0.1177,19.535,17.6,4.322,Low,0,11,0.607,At Risk
21,5,0.26,0.2343,0.3862,-0.1263,12.9453,65.56,0.3906,High,2,3,0.842,At Risk
23,23,0.99,1.0,0.7946,0.1954,28.9455,58.5,1.6638,Medium,1,2,0.483,On Track
22,7,0.3188,0.2483,0.3177,0.0011,22.0324,54.54,0.5741,Low,0,2,0.76,At Risk
25,9,0.3422,0.545,0.5656,-0.2235,15.9115,34.48,0.9644,High,2,7,0.477,At Risk
12,4,0.3013,0.3821,0.4504,-0.1491,8.8809,54.36,0.5443,Low,0,2,0.872,At Risk
5,3,0.6145,0.6284,0.6896,-0.075,4.3506,52.78,1.1426,Medium,1,12,0.546,At Risk
5,4,0.8227,0.9602,0.9573,-0.1345,4.1785,42.21,1.9041,High,2,9,0.704,At Risk
3,1,0.4804,0.5827,0.3041,0.1763,3.2885,58.59,0.8062,Medium,1,2,0.589,On Track
14,6,0.4299,0.6713,0.4822,-0.0524,12.4419,63.05,0.6711,Low,0,2,0.42,At Risk
7,3,0.4646,0.2888,0.5753,-0.1107,5.2147,32.89,1.3709,Medium,1,9,0.718,At Risk
6,2,0.3482,0.6314,0.2617,0.0866,7.6433,31.32,1.0775,Medium,1,12,0.469,On Track
18,16,0.9024,0.8045,0.9145,-0.0121,17.4964,52.63,1.6826,Medium,1,11,0.62,On Track
19,6,0.2965,0.3516,0.2679,0.0286,22.394,81.52,0.3593,High,2,12,0.628,At Risk
11,8,0.6947,0.6495,0.6352,0.0594,12.5938,40.82,1.6611,Medium,1,8,0.766,On Track
8,7,0.8143,0.9919,0.612,0.2023,11.4383,73.31,1.0958,High,2,2,0.738,On Track
11,3,0.307,0.3944,0.2423,0.0647,12.3818,35.1,0.8504,Low,0,5,0.572,On Track
15,10,0.6761,0.6253,0.65,0.0261,15.3845,18.11,3.5381,Low,0,7,0.808,On Track
25,4,0.1454,0.2129,0.0763,0.0691,52.4301,5.63,2.1909,High,2,12,0.483,On Track
8,7,0.8209,0.8002,0.4825,0.3384,14.5077,61.33,1.3171,Medium,1,8,0.853,On Track
6,3,0.5433,0.6146,0.5075,0.0358,5.9114,45.16,1.177,Medium,1,8,0.422,On Track
13,11,0.8547,1.0,0.8451,0.0096,13.0162,65.06,1.2937,Low,0,6,0.567,On Track
9,4,0.4056,0.3676,0.4554,-0.0498,8.7832,49.88,0.7972,High,2,1,0.699,At Risk
15,6,0.4236,0.4884,0.4588,-0.0352,13.077,53.03,0.784,Low,0,4,0.841,At Risk
6,3,0.5445,0.6203,0.5289,0.0155,5.6719,14.13,3.5989,High,2,4,0.714,On Track
14,11,0.7991,0.7361,0.9351,-0.136,11.7629,16.34,4.6097,Medium,1,11,0.827,At Risk
13,10,0.7891,0.8143,0.7579,0.0312,13.194,34.83,2.2026,High,2,5,0.598,On Track
22,6,0.2823,0.2297,0.4259,-0.1435,14.0894,35.66,0.7702,Medium,1,1,0.69,At Risk
9,4,0.4484,0.3471,0.8762,-0.4278,4.5651,29.71,1.46,Medium,1,2,0.683,At Risk
5,2,0.4346,0.4238,0.3789,0.0557,5.278,16.92,2.4258,Medium,1,3,0.682,On Track
24,15,0.634,0.5803,0.5798,0.0543,25.8723,3.0,15.8508,Low,0,11,0.902,On Track
21,14,0.6495,0.7904,0.5871,0.0624,23.8472,39.81,1.5914,Medium,1,5,0.671,On Track
24,6,0.2432,0.1494,0.425,-0.1818,14.1177,28.84,0.8152,High,2,5,0.658,At Risk
8,3,0.3825,0.461,0.3478,0.0346,8.6246,67.2,0.5608,High,2,1,0.538,At Risk
7,6,0.8354,0.76,0.8285,0.0069,7.2417,68.65,1.1994,Medium,1,8,0.605,On Track
6,5,0.7866,0.676,0.7932,-0.0066,6.3037,71.57,1.0838,Low,0,1,0.528,On Track
15,5,0.3443,0.5955,0.2135,0.1308,23.4147,39.52,0.8499,High,2,5,0.671,On Track
23,8,0.3442,0.6789,0.3097,0.0345,25.8345,37.02,0.9053,Medium,1,2,0.492,On Track
21,14,0.668,0.4897,0.4555,0.2125,30.733,51.75,1.2665,Low,0,10,0.687,On Track
10,6,0.5779,0.6093,0.6797,-0.1018,8.8273,68.66,0.8296,Low,0,1,0.875,At Risk
5,4,0.8994,0.8668,0.67,0.2294,5.97,49.5,1.7808,Medium,1,5,0.894,Excellent
3,0,0.0,0.1269,0.2331,-0.2331,0.0,24.84,0.0,Medium,1,5,0.912,At Risk
7,1,0.1222,0.0563,0.3567,-0.2345,2.8035,48.96,0.2445,Medium,1,6,0.668,At Risk
14,6,0.3957,0.5918,0.3481,0.0475,17.2341,13.81,2.6726,High,2,9,0.932,On Track
8,6,0.7588,1.0,0.8091,-0.0503,7.4158,21.9,3.3131,Medium,1,3,0.682,At Risk
14,8,0.5443,0.5127,0.4445,0.0998,17.9992,59.85,0.8944,Medium,1,12,0.342,On Track
11,6,0.554,0.4388,0.6254,-0.0714,9.5935,36.01,1.4967,Low,0,6,0.44,At Risk
14,7,0.4851,0.5871,0.2905,0.1946,24.097,32.79,1.4356,Medium,1,3,0.651,On Track
19,8,0.425,0.4433,0.5334,-0.1084,14.997,34.82,1.1864,Medium,1,11,0.97,At Risk
6,2,0.3411,0.2069,0.218,0.1231,9.1755,30.59,1.0796,Low,0,4,0.901,On Track
8,6,0.7454,1.0,0.7027,0.0427,8.5387,54.04,1.3543,High,2,5,0.935,On Track
15,5,0.3634,0.3237,0.6216,-0.2582,8.0437,38.73,0.9145,High,2,1,0.887,At Risk
10,3,0.2755,0.1044,0.2221,0.0534,13.5097,53.75,0.5031,High,2,11,0.856,At Risk
9,4,0.4308,0.2611,0.1681,0.2627,23.7957,30.66,1.3608,Low,0,4,0.572,On Track
15,8,0.5575,0.5899,0.4573,0.1002,17.4957,13.94,3.7311,Low,0,6,0.36,On Track
10,0,0.0107,0.0177,0.2926,-0.282,0.0,56.78,0.0185,Medium,1,11,0.685,At Risk
18,8,0.452,0.3314,0.4593,-0.0072,17.4195,76.73,0.5816,High,2,5,0.599,At Risk
3,1,0.2876,0.3302,0.5132,-0.2256,1.9485,51.8,0.5447,High,2,1,0.63,At Risk
6,5,0.9014,0.9591,0.5367,0.3647,9.3158,3.0,22.535,Medium,1,11,0.934,Excellent
15,3,0.1737,0.0093,0.3862,-0.2125,7.7675,29.06,0.5781,Medium,1,6,0.829,At Risk
10,5,0.5355,0.4643,0.4823,0.0532,10.3679,48.83,1.0746,Medium,1,5,0.28,On Track
3,0,0.0,0.0,0.328,-0.328,0.0,36.83,0.0,Medium,1,8,0.526,At Risk
17,5,0.2887,0.0545,0.2956,-0.0069,16.9137,58.38,0.4863,Medium,1,8,0.308,At Risk
6,0,0.0,0.0,0.1191,-0.1191,0.0,26.36,0.0,High,2,2,0.794,At Risk
17,12,0.7272,0.6173,0.6569,0.0702,18.2666,43.91,1.6191,Low,0,9,0.88,On Track
25,13,0.516,0.4567,0.3297,0.1863,39.4341,29.57,1.6879,High,2,8,0.666,On Track
5,2,0.441,0.3585,0.4817,-0.0407,4.1519,96.57,0.452,Medium,1,7,0.901,At Risk
6,4,0.7197,0.5627,0.7584,-0.0387,5.2739,52.89,1.3356,Low,0,8,0.933,On Track
18,5,0.297,0.5979,0.4305,-0.1335,11.6138,7.3,3.5789,High,2,3,0.982,At Risk
10,4,0.4048,0.3661,0.4185,-0.0137,9.5587,93.36,0.429,High,2,7,0.764,At Risk
17,10,0.605,0.3647,0.772,-0.1671,12.9529,56.86,1.0455,Medium,1,1,0.661,At Risk
6,4,0.7152,0.7708,0.6392,0.0759,6.2575,69.85,1.0095,Medium,1,4,0.902,On Track
5,4,0.8033,0.8443,0.7832,0.0201,5.1071,57.6,1.3709,Medium,1,5,0.808,On Track
14,7,0.5254,0.6067,0.5293,-0.0039,13.224,37.27,1.373,Medium,1,8,0.705,On Track
18,3,0.1537,0.0,0.413,-0.2593,7.2646,19.57,0.747,Medium,1,4,0.565,At Risk
13,2,0.1848,0.0669,0.2863,-0.1015,6.9868,53.48,0.3392,Medium,1,9,0.598,At Risk
4,2,0.5266,0.4404,0.3986,0.128,5.017,3.0,13.1661,Low,0,2,0.835,On Track
19,5,0.2749,0.0642,0.3944,-0.1195,12.679,41.0,0.6544,Low,0,4,0.899,At Risk
18,12,0.6536,0.4859,0.404,0.2496,29.705,82.35,0.7841,Medium,1,12,0.782,At Risk
9,3,0.304,0.4084,0.2815,0.0225,10.6562,51.48,0.5793,Medium,1,10,0.655,At Risk
22,11,0.5203,0.4933,0.3585,0.1618,30.6799,50.95,1.0016,Low,0,7,0.649,On Track
6,6,0.99,1.0,0.846,0.144,7.0926,110.94,0.8844,Low,0,1,0.575,On Track
16,12,0.7229,1.0,0.5986,0.1244,20.0475,47.24,1.4985,Medium,1,9,0.606,Excellent
4,1,0.3665,0.3839,0.414,-0.0475,2.4154,56.98,0.6321,Low,0,4,0.719,At Risk
19,6,0.325,0.4068,0.1248,0.2002,48.0585,35.02,0.9023,High,2,3,0.759,On Track
19,7,0.346,0.5,0.2871,0.059,24.3856,59.56,0.5713,High,2,6,0.601,At Risk
9,8,0.8463,0.9689,0.7704,0.0759,10.3846,61.5,1.3541,High,2,2,0.632,On Track
5,1,0.2437,0.0576,0.2243,0.0193,4.4581,94.74,0.2545,Medium,1,8,0.498,At Risk
11,5,0.4364,0.417,0.421,0.0154,11.8766,75.02,0.574,Medium,1,8,0.898,At Risk
17,2,0.1061,0.0781,0.1304,-0.0243,15.342,44.99,0.2306,High,2,12,0.916,At Risk
7,1,0.1227,0.0,0.3725,-0.2498,2.6843,44.27,0.271,Medium,1,2,0.293,At Risk
17,11,0.6528,0.6443,0.5025,0.1503,21.8909,59.15,1.0852,High,2,11,0.636,On Track
13,7,0.5239,0.8198,0.4696,0.0543,14.9062,28.59,1.7701,Medium,1,2,0.779,On Track
9,9,0.9666,0.8429,0.5791,0.3875,15.5412,26.82,3.4749,Low,0,5,0.611,On Track
24,19,0.7748,0.9114,0.6426,0.1322,29.5655,47.2,1.6074,Medium,1,6,0.582,Excellent
5,2,0.3787,0.2889,0.38,-0.0013,5.2637,67.02,0.5567,Low,0,2,0.868,At Risk
25,16,0.6451,0.3598,0.5474,0.0976,29.2265,74.82,0.8508,High,2,8,0.757,On Track
18,3,0.1549,0.2039,0.3152,-0.1603,9.5182,14.1,1.0259,High,2,5,0.831,At Risk
8,3,0.3441,0.383,0.288,0.0562,10.4185,48.06,0.7013,Low,0,9,0.704,At Risk
3,1,0.3366,0.3769,0.3398,-0.0032,2.9432,47.92,0.6879,Low,0,11,0.781,At Risk
23,18,0.7824,0.6585,0.7213,0.0611,24.9563,50.48,1.5198,Low,0,9,0.773,On Track
3,2,0.5814,0.5612,0.5024,0.079,3.9807,40.51,1.4006,Low,0,11,0.841,On Track
18,8,0.463,0.1911,0.6042,-0.1412,13.2403,74.19,0.6158,Low,0,11,0.431,At Risk
4,2,0.4758,0.2284,0.7764,-0.3006,2.5758,23.64,1.9307,Medium,1,9,0.688,At Risk
23,17,0.7194,0.5814,0.6452,0.0743,26.3497,72.09,0.9843,Medium,1,4,0.71,On Track
18,8,0.4322,0.3001,0.1645,0.2677,48.6286,29.75,1.4059,High,2,11,0.577,On Track
22,15,0.6949,0.6204,0.8755,-0.1806,17.1339,49.42,1.3781,Low,0,3,0.534,At Risk
23,22,0.9729,0.9491,0.6231,0.3498,35.3093,48.19,1.9779,Medium,1,6,0.642,Excellent
7,3,0.3843,0.3503,0.5129,-0.1285,5.8496,44.88,0.8376,High,2,7,0.649,At Risk
13,9,0.7256,0.7221,0.438,0.2875,20.5469,26.93,2.5976,Medium,1,12,0.696,On Track
4,0,0.0741,0.1954,0.2734,-0.1993,0.0,50.94,0.1428,High,2,6,0.74,At Risk
24,4,0.1709,0.4515,0.1025,0.0685,39.0352,29.19,0.5661,Medium,1,11,0.808,At Risk
8,8,0.99,1.0,0.9793,0.0107,8.1693,45.81,2.115,Medium,1,12,0.928,On Track
10,3,0.2688,0.3709,0.201,0.0678,14.9223,26.11,0.9917,High,2,1,0.633,On Track
22,11,0.5038,0.5162,0.3474,0.1564,31.6679,6.08,7.118,Low,0,8,0.66,On Track
5,4,0.723,0.5423,0.686,0.0369,5.8307,44.1,1.603,High,2,8,0.598,On Track
9,3,0.3856,0.2848,0.2714,0.1141,11.0527,3.0,9.6391,Medium,1,1,0.627,On Track
12,3,0.2649,0.154,0.5191,-0.2543,5.7789,69.53,0.3755,Medium,1,8,0.571,At Risk
7,4,0.5951,0.6852,0.7002,-0.1051,5.7127,52.64,1.1095,Medium,1,4,0.745,At Risk
12,12,0.99,0.8186,0.8425,0.1475,14.2436,30.85,3.108,Medium,1,12,0.889,On Track
13,6,0.4634,0.0591,0.4926,-0.0292,12.1794,37.05,1.2178,Medium,1,10,0.794,On Track
9,4,0.4456,0.589,0.5081,-0.0624,7.8732,27.91,1.5415,High,2,2,0.896,At Risk
15,1,0.0628,0.0,0.396,-0.3332,2.525,4.18,1.2115,Low,0,1,0.808,At Risk
24,15,0.624,0.4716,0.5765,0.0474,26.0168,3.0,15.5989,High,2,3,0.865,On Track
3,1,0.415,0.4289,0.4687,-0.0536,2.1337,43.24,0.9382,High,2,6,0.754,At Risk
18,13,0.7383,0.6833,0.3159,0.4224,41.1545,54.63,1.327,Low,0,4,0.905,On Track
5,4,0.8875,0.9803,0.8206,0.0669,4.8744,84.63,1.0364,High,2,8,0.566,On Track
14,3,0.179,0.1429,0.1763,0.0027,17.0145,7.03,2.2287,Low,0,9,0.873,On Track
18,12,0.6533,0.7693,0.5449,0.1084,22.0225,62.11,1.0352,Medium,1,11,0.531,On Track
9,7,0.8263,0.6825,0.8424,-0.0161,8.3094,84.83,0.9628,Low,0,10,0.906,On Track
9,4,0.4792,0.7459,0.3916,0.0876,10.2155,31.17,1.4897,Medium,1,4,0.473,On Track
18,16,0.8877,0.6928,0.6904,0.1974,23.1757,51.39,1.6944,Medium,1,4,0.913,On Track
12,8,0.659,0.839,0.6463,0.0127,12.3781,36.38,1.7631,Medium,1,8,0.706,On Track
11,5,0.416,0.3428,0.4673,-0.0514,10.6991,28.54,1.4082,High,2,4,0.948,At Risk
13,3,0.2294,0.1074,0.2972,-0.0678,10.0953,45.47,0.4936,High,2,1,0.616,At Risk
16,4,0.2721,0.5529,0.4125,-0.1404,9.6964,93.87,0.2868,Low,0,3,0.781,At Risk
13,3,0.2355,0.4611,0.3991,-0.1637,7.5163,31.5,0.7245,Low,0,7,0.452,At Risk
24,22,0.9148,1.0,0.8158,0.099,26.967,35.07,2.5362,Medium,1,12,0.616,On Track
3,1,0.3952,0.4968,0.5901,-0.1949,1.6946,43.37,0.8907,Low,0,10,0.912,At Risk
14,3,0.1944,0.118,0.1133,0.0811,26.4798,30.05,0.626,Medium,1,3,0.806,At Risk
10,2,0.2357,0.2562,0.2067,0.029,9.6772,47.51,0.4858,High,2,1,0.595,At Risk
7,4,0.6184,0.4871,0.4164,0.202,9.606,44.66,1.3542,Medium,1,10,0.926,On Track
11,6,0.5416,0.6051,0.4806,0.061,12.4835,34.37,1.5311,High,2,10,0.693,On Track
17,5,0.2779,0.5898,0.5111,-0.2332,9.7825,67.08,0.4082,High,2,8,0.804,At Risk
20,16,0.8142,0.855,0.7214,0.0928,22.1795,46.81,1.7029,High,2,9,0.666,On Track
25,12,0.4654,0.6247,0.5014,-0.036,23.9311,41.41,1.0974,Low,0,7,0.833,On Track
7,5,0.7479,0.6271,0.7688,-0.0209,6.5037,22.05,3.2452,High,2,5,0.642,On Track
10,6,0.6183,0.8943,0.5022,0.1161,11.9466,22.63,2.6165,Medium,1,9,0.499,Excellent
6,2,0.2883,0.1004,0.1159,0.1724,17.2561,29.39,0.9486,Low,0,5,0.553,On Track
16,5,0.2963,0.42,0.3402,-0.0439,14.6968,57.34,0.5079,Low,0,3,0.722,At Risk
7,3,0.4117,0.5256,0.707,-0.2953,4.2433,32.7,1.2218,Medium,1,9,0.959,At Risk
7,4,0.5529,0.6613,0.5891,-0.0361,6.7904,31.37,1.7081,Medium,1,10,0.851,On Track
13,5,0.3629,0.5471,0.4407,-0.0778,11.345,79.82,0.449,High,2,1,0.661,At Risk
8,2,0.1884,0.6237,0.3687,-0.1802,5.425,54.6,0.3389,Medium,1,4,0.577,At Risk
16,12,0.7255,0.6475,0.4989,0.2266,24.0548,57.03,1.2502,High,2,3,0.794,On Track
5,3,0.5881,0.5667,0.5485,0.0396,5.4694,61.57,0.94,Medium,1,10,0.736,On Track
17,10,0.5781,0.7392,0.5275,0.0506,18.958,85.6,0.6675,Medium,1,7,0.935,At Risk
11,4,0.3611,0.2957,0.3194,0.0417,12.5252,50.46,0.7016,High,2,10,0.97,At Risk
24,13,0.5476,0.4789,0.4046,0.143,32.1314,21.48,2.4359,Low,0,4,0.857,On Track
7,6,0.9036,1.0,0.7442,0.1593,8.062,98.04,0.9123,Low,0,12,0.817,On Track
11,8,0.7535,0.8827,0.7987,-0.0452,10.0166,21.84,3.2986,Medium,1,12,0.829,On Track
16,12,0.7507,1.0,0.6318,0.1189,18.9936,69.25,1.0687,High,2,2,0.835,On Track
4,2,0.4756,0.5384,0.3201,0.1555,6.2489,21.1,2.1516,Low,0,7,0.873,On Track
6,3,0.5243,0.5606,0.4796,0.0447,6.255,56.28,0.9153,Low,0,1,0.694,On Track
12,6,0.4641,0.6011,0.4798,-0.0157,12.5053,41.47,1.0928,High,2,2,0.517,On Track
12,11,0.8892,0.899,0.9542,-0.065,11.5283,63.4,1.3807,Medium,1,3,0.856,At Risk
7,6,0.8927,0.9731,0.7126,0.1801,8.4198,72.38,1.2166,Medium,1,7,0.869,On Track
5,3,0.677,0.4822,0.6299,0.0471,4.7628,68.51,0.974,Medium,1,9,0.913,On Track
15,6,0.3711,0.3754,0.6281,-0.257,9.5533,35.99,1.0032,Medium,1,5,0.25,At Risk
24,3,0.1056,0.1027,0.366,-0.2604,8.1967,56.49,0.1837,Low,0,11,0.406,At Risk
25,25,0.99,1.0,0.752,0.238,33.2447,65.46,1.4896,Medium,1,9,0.896,On Track
21,21,0.99,1.0,0.8551,0.1349,24.5593,45.54,2.1271,Medium,1,2,0.669,Excellent
17,6,0.3476,0.3613,0.2433,0.1043,24.6624,55.26,0.6178,High,2,4,0.753,At Risk
18,3,0.1762,0.1854,0.4613,-0.2851,6.5037,33.96,0.504,Medium,1,11,0.825,At Risk
19,8,0.4129,0.1998,0.5269,-0.1139,15.1837,69.0,0.5899,High,2,10,0.669,At Risk
24,22,0.9057,0.8982,0.765,0.1407,28.7577,58.89,1.5123,High,2,6,0.843,On Track
19,5,0.2671,0.2345,0.1335,0.1336,37.441,3.0,6.6782,High,2,9,0.609,On Track
9,0,0.0,0.0,0.1841,-0.1841,0.0,3.0,0.0,Medium,1,7,0.901,At Risk
5,2,0.4011,0.1643,0.398,0.0031,5.0252,55.56,0.7092,Medium,1,10,0.888,At Risk
11,8,0.7071,0.721,0.7495,-0.0424,10.6734,77.52,0.9005,High,2,10,0.641,On Track
15,3,0.2068,0.1513,0.2387,-0.0319,12.5685,27.21,0.7331,High,2,3,0.611,At Risk
25,17,0.6945,0.778,0.6748,0.0197,25.1924,60.48,1.1297,Low,0,5,0.868,On Track
23,0,0.0,0.0,0.1934,-0.1934,0.0,51.66,0.0,High,2,4,0.659,At Risk
16,6,0.3871,0.2877,0.3176,0.0695,18.8911,10.64,3.3244,Low,0,6,0.6,On Track
19,19,0.99,0.8766,0.8101,0.1799,23.455,48.74,1.9902,Medium,1,5,0.712,Excellent
24,13,0.5364,0.6468,0.4593,0.0771,28.3011,62.21,0.8486,Low,0,2,0.846,On Track
25,22,0.8823,0.8146,0.7772,0.105,28.3059,45.34,1.9039,Medium,1,12,0.322,On Track
4,3,0.6709,0.8162,0.7548,-0.0839,3.9746,60.42,1.0923,High,2,10,0.578,At Risk
24,21,0.878,0.762,0.6427,0.2353,32.6722,46.97,1.8305,High,2,8,0.644,On Track
9,5,0.5368,0.3972,0.6039,-0.0671,8.2801,18.58,2.7411,Medium,1,11,0.677,At Risk
13,3,0.242,0.1686,0.3215,-0.0796,9.3304,18.79,1.2229,High,2,1,0.897,At Risk
17,10,0.5683,0.6355,0.5861,-0.0178,17.0626,35.53,1.5556,High,2,8,0.717,On Track
13,4,0.3311,0.146,0.5449,-0.2138,7.3413,37.56,0.8585,Medium,1,11,0.664,At Risk
25,2,0.0647,0.0,0.1632,-0.0986,12.2525,49.54,0.1279,Low,0,11,0.782,At Risk
8,3,0.3519,0.2536,0.3574,-0.0055,8.3943,90.62,0.384,Medium,1,8,0.555,At Risk
13,3,0.2107,0.2866,0.2779,-0.0672,10.7945,28.48,0.7148,Medium,1,4,0.766,At Risk
16,0,0.0,0.1085,0.1087,-0.1087,0.0,58.68,0.0,Medium,1,2,0.739,At Risk
9,6,0.6444,0.9288,0.5715,0.0728,10.4984,69.56,0.9132,Low,0,9,0.621,On Track
16,8,0.5006,0.5732,0.4899,0.0107,16.3298,58.54,0.8407,Medium,1,7,0.925,On Track
7,7,0.99,1.0,0.9357,0.0543,7.4812,38.94,2.4787,Medium,1,12,0.81,On Track
10,2,0.1719,0.2593,0.1725,-0.0006,11.5974,31.17,0.5342,High,2,6,0.703,At Risk
25,1,0.0569,0.0,0.0831,-0.0262,12.0343,35.02,0.1579,Medium,1,6,0.732,At Risk
15,4,0.2831,0.4066,0.2972,-0.0141,13.4592,51.66,0.5376,Low,0,11,0.588,At Risk
18,4,0.2373,0.1813,0.2847,-0.0473,14.0517,55.38,0.4209,Medium,1,6,0.809,At Risk
7,1,0.1949,0.0,0.3068,-0.1119,3.2592,23.12,0.808,Medium,1,4,0.622,At Risk
23,0,0.0,0.0,0.1586,-0.1586,0.0,33.69,0.0,Medium,1,4,0.885,At Risk
11,4,0.406,0.6084,0.4267,-0.0207,9.3743,34.85,1.1325,Medium,1,2,0.677,On Track
4,2,0.5512,0.4052,0.3814,0.1698,5.2433,45.21,1.1929,High,2,9,0.938,On Track
7,6,0.8657,0.8304,0.4859,0.3799,12.349,72.8,1.1732,Medium,1,7,0.74,On Track
22,16,0.7239,0.6722,0.8241,-0.1002,19.4161,65.74,1.0846,Medium,1,7,0.586,At Risk
23,7,0.3108,0.4385,0.5571,-0.2463,12.5643,14.59,1.9943,Low,0,2,0.745,At Risk
18,8,0.4581,0.4785,0.5094,-0.0513,15.7042,15.83,2.7218,High,2,10,0.951,At Risk
17,3,0.1586,0.1799,0.2507,-0.0921,11.9645,17.99,0.8352,Low,0,6,0.784,At Risk
21,21,0.99,0.7988,0.7332,0.2568,28.6426,52.18,1.8617,Medium,1,9,0.556,On Track
14,13,0.9287,0.954,0.7658,0.1629,16.9753,76.77,1.1941,High,2,6,0.886,On Track
25,13,0.5151,0.5591,0.6875,-0.1724,18.908,52.58,0.9615,Medium,1,7,0.676,At Risk
13,7,0.5126,0.2177,0.5095,0.0031,13.7385,34.23,1.4549,Medium,1,3,0.496,On Track
18,10,0.5603,0.5344,0.5648,-0.0045,17.7052,30.9,1.7566,High,2,12,0.96,On Track
3,1,0.4461,0.5417,0.6057,-0.1595,1.6511,34.9,1.2427,Low,0,11,0.531,At Risk
24,24,0.99,1.0,0.8385,0.1515,28.6236,49.02,1.9794,Medium,1,3,0.784,Excellent
15,12,0.8161,0.7206,0.8189,-0.0028,14.6544,75.05,1.0731,Medium,1,6,0.92,On Track
6,3,0.5825,0.616,0.5168,0.0657,5.8045,65.99,0.8696,High,2,11,0.901,On Track
12,12,0.985,1.0,0.6593,0.3257,18.2007,43.78,2.1996,Medium,1,9,0.647,Excellent
23,3,0.1357,0.2441,0.0721,0.0636,41.6137,53.3,0.2499,Medium,1,4,0.589,At Risk
23,16,0.707,0.4125,0.5422,0.1648,29.5082,42.26,1.6343,Medium,1,4,0.568,On Track
25,15,0.618,0.8843,0.5141,0.1039,29.179,47.32,1.279,Low,0,10,0.812,Excellent
9,2,0.2662,0.317,0.4368,-0.1706,4.5785,79.66,0.3301,High,2,6,0.522,At Risk
12,10,0.8492,0.8253,0.843,0.0062,11.8619,65.42,1.2785,High,2,11,0.617,On Track
11,1,0.1321,0.2543,0.1771,-0.0451,5.645,37.97,0.3389,Medium,1,3,0.473,At Risk
5,5,0.9683,1.0,0.8733,0.095,5.7254,62.02,1.5365,High,2,10,0.366,On Track
17,15,0.869,0.9253,0.6324,0.2365,23.7182,90.61,0.9485,High,2,11,0.837,On Track
21,13,0.6108,0.5219,0.6457,-0.0349,20.1344,50.81,1.1788,Medium,1,1,0.932,On Track
9,6,0.66,0.785,0.8121,-0.1521,7.3883,84.02,0.7763,High,2,1,0.609,At Risk
22,7,0.3088,0.2423,0.3983,-0.0895,17.5763,29.31,1.0189,High,2,9,0.673,At Risk
16,8,0.5172,0.5918,0.609,-0.0918,13.1356,3.0,12.931,Low,0,12,0.67,At Risk
20,7,0.3277,0.0342,0.5676,-0.2399,12.3319,21.19,1.4767,Medium,1,5,0.897,At Risk
3,1,0.2025,0.0788,0.3546,-0.152,2.8201,20.26,0.9529,Low,0,2,0.493,At Risk
3,1,0.241,0.2108,0.329,-0.0881,3.0393,51.06,0.4629,Low,0,3,0.402,At Risk
5,3,0.6033,0.873,0.6612,-0.058,4.5369,31.1,1.8794,Low,0,12,0.869,At Risk
10,5,0.5275,0.6578,0.6119,-0.0844,8.1706,21.22,2.374,High,2,1,0.661,At Risk
8,5,0.5986,0.6259,0.8141,-0.2155,6.1416,47.58,1.2323,High,2,4,0.615,At Risk
8,5,0.673,0.7278,0.4792,0.1938,10.435,89.27,0.7456,Low,0,5,0.903,At Risk
25,10,0.412,0.4135,0.1111,0.3008,89.997,14.17,2.7157,Low,0,4,0.682,On Track
3,1,0.4822,0.3388,0.6506,-0.1683,1.5371,35.88,1.3077,Low,0,1,0.608,At Risk
6,5,0.7831,0.9914,0.7571,0.026,6.6039,66.8,1.1549,Low,0,2,0.558,On Track
5,1,0.2435,0.1886,0.4326,-0.1892,2.3114,61.86,0.3874,Low,0,4,0.813,At Risk
7,3,0.3935,0.2707,0.4054,-0.0119,7.4009,65.52,0.5915,High,2,8,0.841,At Risk
13,10,0.7358,0.8957,0.4953,0.2405,20.1892,59.82,1.2097,Medium,1,2,0.973,On Track
19,9,0.4563,0.5321,0.2988,0.1575,30.1251,3.0,11.4064,Low,0,6,0.804,On Track
13,8,0.6365,0.6904,0.5805,0.056,13.7806,65.73,0.9538,High,2,5,0.831,On Track
16,13,0.7874,0.739,0.6922,0.0952,18.7804,78.54,0.99,High,2,12,0.477,On Track
18,0,0.0,0.0,0.1947,-0.1947,0.0,25.99,0.0,High,2,5,0.845,At Risk
13,3,0.2585,0.1174,0.3459,-0.0874,8.6737,58.24,0.4364,High,2,1,0.495,At Risk
5,2,0.4217,0.4293,0.2865,0.1351,6.9807,66.0,0.6294,Medium,1,5,0.82,At Risk
8,6,0.7199,0.5787,0.7169,0.003,8.3695,19.79,3.4621,Medium,1,5,0.825,On Track
5,4,0.7317,0.9694,0.6558,0.0759,6.0991,69.26,1.0415,Medium,1,2,0.63,On Track
22,14,0.6428,0.4972,0.6781,-0.0353,20.6449,52.52,1.2012,Low,0,1,0.796,On Track
25,9,0.3623,0.2844,0.3872,-0.0249,23.246,31.4,1.1183,High,2,5,0.387,On Track
7,7,0.99,0.8707,0.8109,0.1791,8.6324,73.06,1.3368,Medium,1,12,0.397,On Track
13,1,0.1148,0.0,0.2508,-0.136,3.9867,66.91,0.169,Medium,1,6,0.801,At Risk
19,1,0.0381,0.0411,0.1812,-0.1431,5.5196,36.05,0.1027,Medium,1,8,0.581,At Risk
7,1,0.1229,0.1377,0.5532,-0.4304,1.8075,35.72,0.3347,High,2,4,0.677,At Risk
22,14,0.6285,0.7409,0.4992,0.1292,28.0442,51.69,1.1927,High,2,9,0.921,On Track
4,2,0.3803,0.5282,0.204,0.1763,9.8026,36.55,1.0128,Medium,1,3,0.622,On Track
25,7,0.2749,0.4652,0.2788,-0.004,25.1042,30.4,0.8752,Low,0,7,0.602,On Track
15,6,0.396,0.3792,0.4138,-0.0178,14.5004,57.4,0.678,High,2,5,0.594,At Risk
25,4,0.1577,0.0,0.4057,-0.248,9.8592,46.62,0.3312,Medium,1,1,0.275,At Risk
10,0,0.0448,0.0,0.0891,-0.0444,0.0,25.9,0.1665,High,2,5,0.652,At Risk
5,2,0.4585,0.5663,0.4812,-0.0227,4.1564,14.66,2.9276,Medium,1,8,0.379,On Track
6,2,0.3455,0.2784,0.371,-0.0255,5.3911,45.07,0.7499,High,2,2,0.899,At Risk
21,3,0.1444,0.0,0.3561,-0.2117,8.4242,17.3,0.7889,High,2,3,0.886,At Risk
9,6,0.6751,0.7055,0.5129,0.1621,11.6972,26.04,2.4965,Medium,1,12,0.8,On Track
17,8,0.4803,0.4304,0.5054,-0.0251,15.8304,52.25,0.902,High,2,8,0.892,On Track
10,3,0.3411,0.2135,0.2189,0.1222,13.7042,51.63,0.648,Medium,1,10,0.656,At Risk
5,4,0.7628,0.8488,0.7336,0.0292,5.4526,48.15,1.5518,Medium,1,11,0.399,On Track
18,15,0.8162,0.6238,0.6388,0.1774,23.482,43.1,1.8509,Medium,1,10,0.25,On Track
16,9,0.5737,0.7911,0.5206,0.0532,17.2894,31.25,1.7788,Low,0,3,0.517,On Track
3,3,0.8704,0.7344,0.6174,0.253,4.859,73.35,1.1708,Low,0,4,0.819,On Track
21,18,0.8427,0.8312,0.8665,-0.0237,20.7743,63.51,1.3063,Medium,1,4,0.827,On Track
6,1,0.1538,0.1803,0.3311,-0.1773,3.0202,3.0,3.8447,Low,0,11,0.841,At Risk
17,12,0.6819,0.7002,0.5587,0.1232,21.4795,62.02,1.0821,Medium,1,4,0.782,On Track
11,4,0.3728,0.5765,0.3502,0.0226,11.4217,36.82,0.9856,Medium,1,9,0.496,On Track
16,10,0.6383,0.5837,0.6124,0.0259,16.3282,44.82,1.3931,Medium,1,9,0.796,On Track
20,6,0.2812,0.576,0.1872,0.094,32.0484,37.86,0.7235,Low,0,6,0.551,At Risk
4,3,0.7623,0.8179,0.862,-0.0997,3.4803,63.63,1.1796,Low,0,1,0.482,At Risk
10,9,0.8629,0.5723,0.6615,0.2014,13.6062,50.09,1.689,Medium,1,12,0.545,On Track
3,3,0.9789,0.7652,0.7955,0.1834,3.7712,48.72,1.9689,High,2,4,0.874,On Track
19,18,0.9654,0.8872,0.8788,0.0866,20.4814,48.79,1.939,Medium,1,5,0.592,On Track
9,5,0.5183,0.4156,0.5264,-0.0082,9.4981,45.41,1.1167,High,2,11,0.583,On Track
25,8,0.3374,0.5056,0.2519,0.0855,31.7604,24.88,1.3039,High,2,12,0.632,On Track
17,9,0.5163,0.5011,0.5532,-0.0369,16.2692,58.77,0.8638,Low,0,10,0.76,On Track
9,4,0.4317,0.4838,0.5445,-0.1128,7.3467,5.87,6.2862,Medium,1,3,0.816,At Risk
9,0,0.0453,0.0,0.1514,-0.1062,0.0,82.16,0.0544,High,2,5,0.803,At Risk
24,14,0.6012,0.5956,0.7428,-0.1416,18.8473,22.99,2.5065,Medium,1,5,0.881,At Risk
7,3,0.4952,0.1506,0.46,0.0352,6.5214,34.78,1.3842,Medium,1,3,0.936,On Track
4,1,0.3573,0.2419,0.6018,-0.2445,1.6617,38.17,0.912,Medium,1,4,0.65,At Risk
17,5,0.3008,0.1913,0.1625,0.1383,30.7774,42.98,0.6839,Medium,1,6,0.838,At Risk
25,15,0.5875,0.8466,0.6573,-0.0698,22.8191,66.09,0.8757,Medium,1,12,0.793,At Risk
24,6,0.2316,0.3677,0.4022,-0.1706,14.9174,63.73,0.3578,Low,0,12,0.887,At Risk
12,7,0.5874,0.5761,0.4287,0.1587,16.3285,50.61,1.1381,Medium,1,7,0.675,On Track
13,8,0.6449,0.2732,0.7295,-0.0846,10.9669,65.42,0.9709,Low,0,9,0.887,At Risk
12,3,0.2796,0.2232,0.4407,-0.1612,6.8068,52.27,0.5248,High,2,1,0.791,At Risk
22,13,0.5922,0.5368,0.547,0.0452,23.7643,36.8,1.5665,Low,0,6,0.579,On Track
5,3,0.5217,0.7575,0.4208,0.1009,7.1299,75.89,0.6785,High,2,5,0.8,At Risk
4,4,0.99,0.9998,0.8996,0.0904,4.4463,58.92,1.6522,Medium,1,6,0.729,On Track
19,1,0.0467,0.0,0.0817,-0.035,12.2379,27.63,0.1631,Low,0,4,0.902,At Risk
7,3,0.4501,0.3138,0.533,-0.083,5.6281,57.95,0.7635,Low,0,3,0.771,At Risk
23,20,0.8821,1.0,0.9102,-0.0281,21.9727,42.46,2.0296,Medium,1,4,0.782,On Track
17,7,0.4347,0.3358,0.417,0.0177,16.7856,54.52,0.783,High,2,1,0.519,At Risk
9,8,0.8426,1.0,0.7495,0.0931,10.6736,22.87,3.5304,Medium,1,6,0.724,On Track
6,3,0.5249,0.5171,0.3665,0.1584,8.1851,28.42,1.7844,Medium,1,9,0.74,On Track
25,14,0.5545,0.6224,0.5538,0.0007,25.2792,28.13,1.9033,Medium,1,9,0.334,On Track
14,9,0.6183,0.9092,0.6418,-0.0235,14.0226,46.52,1.3011,Low,0,11,0.471,On Track
25,7,0.2756,0.194,0.2422,0.0333,28.897,22.38,1.1785,Medium,1,8,0.684,On Track
19,9,0.4488,0.7289,0.5147,-0.0659,17.4864,38.26,1.143,Medium,1,5,0.398,At Risk
5,0,0.0313,0.0,0.2137,-0.1824,0.0,46.67,0.0658,Medium,1,2,0.605,At Risk
24,14,0.5871,0.5575,0.7195,-0.1324,19.4578,81.69,0.7101,Medium,1,2,0.713,At Risk
22,17,0.7638,0.9276,0.4388,0.325,38.7424,66.4,1.1333,Medium,1,7,0.709,On Track
16,12,0.7582,0.75,0.801,-0.0428,14.9804,54.37,1.3693,High,2,8,0.858,On Track
5,2,0.3391,0.5441,0.2434,0.0957,8.2174,68.46,0.4882,Medium,1,5,0.672,At Risk
24,13,0.5549,0.6392,0.4811,0.0738,27.0191,66.53,0.8218,High,2,9,0.818,On Track
10,10,0.99,1.0,0.917,0.073,10.9055,41.15,2.3486,Medium,1,8,0.543,On Track
13,4,0.3448,0.3657,0.4181,-0.0733,9.5672,33.88,0.9885,High,2,8,0.467,At Risk
25,22,0.8847,1.0,0.8576,0.0271,25.6517,57.43,1.5142,Medium,1,7,0.422,On Track
25,23,0.9237,1.0,0.8539,0.0698,26.9357,89.96,1.0155,High,2,6,0.565,On Track
20,5,0.2736,0.1081,0.2352,0.0385,21.2618,70.68,0.3818,Low,0,8,0.95,At Risk
13,10,0.741,0.7492,0.9193,-0.1783,10.8776,49.21,1.4757,High,2,10,0.682,At Risk
4,2,0.5362,0.4433,0.6375,-0.1013,3.1371,26.1,1.9784,Medium,1,2,0.794,At Risk
17,14,0.7982,0.6662,0.7861,0.0121,17.809,31.2,2.4793,Low,0,2,0.794,On Track
23,13,0.5633,0.4764,0.5991,-0.0358,21.6999,64.27,0.8631,Medium,1,5,0.725,On Track
7,4,0.5832,0.4579,0.6951,-0.1119,5.7549,36.39,1.5598,Low,0,1,0.797,At Risk
20,10,0.5241,0.6473,0.4032,0.1208,24.7994,55.78,0.9229,Medium,1,3,0.386,On Track
5,4,0.7402,0.8698,0.7025,0.0377,5.6941,51.6,1.4072,Medium,1,8,0.461,On Track
24,11,0.4609,0.3267,0.4006,0.0603,27.4611,40.68,1.1058,Medium,1,10,0.776,On Track
4,2,0.4117,0.6488,0.1033,0.3084,19.3671,56.22,0.7195,Low,0,5,0.641,At Risk
24,4,0.1744,0.0397,0.0791,0.0953,50.5723,43.78,0.3894,Medium,1,2,0.83,At Risk
24,16,0.6636,0.7289,0.6761,-0.0125,23.6639,44.14,1.47,Medium,1,6,0.616,On Track
16,10,0.6131,0.3868,0.6884,-0.0753,14.5267,11.12,5.0564,High,2,9,0.622,At Risk
5,4,0.794,0.8815,0.5127,0.2813,7.8011,50.43,1.544,Low,0,3,0.629,On Track
15,5,0.3049,0.325,0.3219,-0.017,15.5326,60.5,0.4957,Low,0,12,0.575,At Risk
6,3,0.5587,0.581,0.4761,0.0825,6.3008,22.4,2.3875,Medium,1,12,0.593,On Track
4,3,0.8432,0.6919,0.4717,0.3715,6.3602,26.94,3.0181,Medium,1,1,0.556,On Track
12,3,0.2341,0.1367,0.2104,0.0237,14.2578,61.57,0.3741,Medium,1,11,0.703,At Risk
7,6,0.872,0.7717,0.8029,0.0691,7.4728,43.81,1.9462,Low,0,9,0.598,On Track
6,4,0.6195,0.775,0.4666,0.1529,8.5735,17.48,3.3526,Medium,1,12,0.704,On Track
5,2,0.3491,0.2418,0.252,0.0972,7.9379,18.98,1.7477,Low,0,6,0.908,On Track
8,0,0.0135,0.182,0.165,-0.1515,0.0,53.11,0.0249,High,2,9,0.735,At Risk
22,11,0.5205,0.5931,0.4452,0.0752,24.7076,54.38,0.9399,High,2,7,0.754,On Track
8,5,0.5758,0.5291,0.6612,-0.0854,7.5624,31.32,1.7815,Medium,1,4,0.736,At Risk
8,5,0.6264,0.7275,0.4246,0.2019,11.7771,38.11,1.6017,Low,0,7,0.927,On Track
16,5,0.2929,0.2281,0.2951,-0.0022,16.9434,29.8,0.9512,Medium,1,12,0.691,On Track
13,8,0.6286,0.4667,0.4155,0.2131,19.2533,62.01,0.9976,Low,0,6,0.652,On Track
6,5,0.8716,1.0,0.566,0.3056,8.8334,60.59,1.4153,High,2,4,0.618,On Track
17,6,0.3777,0.5141,0.1802,0.1975,33.2918,3.0,9.442,High,2,9,0.607,On Track
6,2,0.348,0.0606,0.5881,-0.2401,3.4007,47.37,0.7195,Low,0,2,0.704,At Risk
11,7,0.6786,0.6141,0.552,0.1266,12.6821,75.04,0.8924,Medium,1,12,0.602,On Track
15,3,0.1768,0.2401,0.1905,-0.0137,15.744,49.37,0.3511,Low,0,8,0.947,At Risk
10,0,0.0,0.0396,0.1576,-0.1576,0.0,27.55,0.0,Low,0,3,0.877,At Risk
22,12,0.544,0.7352,0.7729,-0.2289,15.5256,55.15,0.9688,Medium,1,5,0.481,At Risk
17,3,0.1944,0.2604,0.2314,-0.037,12.9662,92.6,0.2076,Medium,1,7,0.688,At Risk
25,18,0.7175,0.9251,0.6296,0.088,28.5909,33.5,2.0796,Medium,1,4,0.621,On Track
7,3,0.4681,0.4456,0.6468,-0.1787,4.6382,67.14,0.6869,High,2,12,0.559,At Risk
9,1,0.0775,0.0,0.1157,-0.0382,8.6436,40.56,0.1865,Medium,1,8,0.856,At Risk
6,5,0.7987,0.9848,0.561,0.2377,8.9121,82.4,0.9577,Medium,1,9,0.479,On Track
13,1,0.08,0.0902,0.3039,-0.2239,3.2908,64.2,0.1227,Medium,1,4,0.7,At Risk
3,1,0.4518,0.4733,0.4366,0.0152,2.2907,80.67,0.5532,Medium,1,5,0.507,At Risk
19,7,0.3845,0.3678,0.5634,-0.1789,12.4249,20.05,1.8266,Medium,1,8,0.755,At Risk
25,13,0.5386,0.399,0.2869,0.2517,45.3166,46.53,1.1332,Medium,1,3,0.477,On Track
22,14,0.6221,0.2061,0.7674,-0.1453,18.243,42.39,1.434,Low,0,6,0.73,At Risk
13,13,0.99,0.8802,0.9285,0.0615,14.0018,42.21,2.2912,High,2,3,0.679,On Track
13,7,0.532,0.5537,0.4891,0.0429,14.3124,58.39,0.8958,Low,0,11,0.901,On Track
9,2,0.1856,0.2523,0.1931,-0.0075,10.3597,46.88,0.3876,Medium,1,11,0.805,At Risk
16,11,0.6784,1.0,0.7093,-0.0309,15.5081,25.26,2.5833,Medium,1,1,0.541,On Track
3,1,0.2654,0.1811,0.277,-0.0116,3.6096,63.45,0.4118,Medium,1,4,0.744,At Risk
21,19,0.9095,0.7455,0.7789,0.1306,24.3926,54.47,1.6396,High,2,6,0.57,On Track
3,1,0.3077,0.1444,0.5798,-0.2721,1.7248,36.44,0.8219,High,2,5,0.764,At Risk
22,12,0.5281,0.5921,0.4768,0.0513,25.1687,48.54,1.0661,High,2,1,0.897,On Track
4,2,0.5974,0.6895,0.6183,-0.021,3.2344,44.18,1.3222,Medium,1,6,0.564,On Track
10,7,0.6508,0.8388,0.7056,-0.0549,9.9199,14.07,4.319,High,2,6,0.534,At Risk
11,7,0.667,0.6563,0.6951,-0.0281,10.0701,53.38,1.2265,Medium,1,6,0.659,On Track
12,8,0.6831,0.5947,0.8667,-0.1836,9.23,47.2,1.4172,Low,0,6,0.499,At Risk
22,6,0.2889,0.1861,0.3505,-0.0616,17.118,32.71,0.8571,High,2,6,0.971,At Risk
15,0,0.0,0.0,0.0993,-0.0993,0.0,37.87,0.0,Medium,1,7,0.982,At Risk
12,3,0.2145,0.1821,0.3156,-0.101,9.5061,108.41,0.1961,Medium,1,2,0.337,At Risk
10,8,0.7827,0.8885,0.8867,-0.1041,9.0221,59.8,1.2874,Medium,1,1,0.543,At Risk
24,6,0.2558,0.1475,0.4473,-0.1914,13.4149,60.2,0.4181,Low,0,7,0.828,At Risk
23,13,0.5748,0.3316,0.6957,-0.1209,18.6875,73.07,0.7759,Low,0,10,0.596,At Risk
10,4,0.3972,0.2879,0.7226,-0.3254,5.5357,33.26,1.1594,High,2,11,0.478,At Risk
4,3,0.8115,0.7816,0.7104,0.1011,4.2232,49.77,1.5983,Medium,1,12,0.67,On Track
8,6,0.7516,0.587,0.5978,0.1538,10.0369,33.76,2.1619,High,2,3,0.459,On Track
12,11,0.8846,0.7489,0.7117,0.1728,15.4554,43.11,2.0054,High,2,5,0.482,On Track
19,16,0.835,0.8851,0.7466,0.0883,21.4294,53.58,1.5298,Low,0,11,0.913,On Track
13,8,0.6299,0.351,0.604,0.0259,13.2456,16.92,3.5159,High,2,7,0.584,On Track
16,5,0.3044,0.3535,0.4671,-0.1627,10.7038,38.63,0.7682,Medium,1,5,0.47,At Risk
7,3,0.4797,0.3579,0.5777,-0.098,5.1928,61.67,0.7655,Medium,1,4,0.569,At Risk
20,3,0.1593,0.2414,0.4008,-0.2415,7.4854,49.02,0.3185,Medium,1,12,0.807,At Risk
13,13,0.99,0.8914,0.794,0.196,16.373,50.96,1.9053,Low,0,11,0.674,On Track
4,1,0.3171,0.0936,0.5334,-0.2163,1.8748,85.89,0.365,High,2,6,0.908,Delayed
8,6,0.6967,0.7993,0.5852,0.1115,10.2528,3.0,17.4182,Medium,1,6,0.835,On Track
7,2,0.2659,0.2356,0.1947,0.0711,10.2702,26.24,0.9762,Medium,1,12,0.495,On Track
24,9,0.3701,0.2687,0.5619,-0.1918,16.0171,46.59,0.7775,High,2,9,0.735,At Risk
23,18,0.7766,0.6136,0.7938,-0.0172,22.6761,37.27,2.0291,Medium,1,1,0.632,On Track
20,6,0.3083,0.0512,0.3215,-0.0132,18.6611,44.29,0.6807,High,2,8,0.871,At Risk
13,5,0.4079,0.2211,0.3751,0.0328,13.3297,28.28,1.3933,High,2,8,0.631,On Track
17,8,0.4823,0.3741,0.4142,0.0681,19.3151,39.81,1.182,Low,0,12,0.847,On Track
9,4,0.3941,0.4248,0.5567,-0.1626,7.1853,55.05,0.7031,High,2,12,0.705,At Risk
13,10,0.7879,0.7839,0.3359,0.452,29.7674,47.34,1.63,High,2,6,0.889,On Track
10,7,0.7178,0.9455,0.678,0.0398,10.3243,53.21,1.3241,High,2,2,0.517,On Track
6,3,0.4796,0.5243,0.5608,-0.0811,5.3499,57.97,0.8133,Medium,1,2,0.698,At Risk
13,6,0.4553,0.3887,0.5766,-0.1213,10.405,3.0,11.3831,High,2,1,0.962,At Risk
3,2,0.7918,0.9451,0.6269,0.1649,3.1905,47.69,1.6263,Low,0,4,0.389,Excellent
14,4,0.3214,0.1184,0.4318,-0.1104,9.2643,60.56,0.522,Low,0,2,0.568,At Risk
22,22,0.99,0.851,0.8869,0.1031,24.8059,23.24,4.0844,Medium,1,2,0.737,Excellent
18,10,0.5515,0.706,0.6696,-0.1181,14.9354,54.07,1.0015,Medium,1,12,0.449,At Risk
4,4,0.99,0.9786,0.9248,0.0652,4.325,55.0,1.768,Medium,1,4,0.569,On Track
17,7,0.3892,0.0,0.5225,-0.1333,13.3975,31.32,1.2042,High,2,11,0.821,At Risk
15,2,0.107,0.0225,0.1122,-0.0053,17.8184,31.46,0.3296,Medium,1,5,0.755,At Risk
18,1,0.0468,0.2934,0.0445,0.0024,22.4918,49.15,0.0934,High,2,7,0.633,At Risk
12,1,0.1122,0.253,0.2845,-0.1722,3.5153,30.84,0.3526,Low,0,11,0.619,At Risk
23,18,0.7706,0.7584,0.7106,0.06,25.329,54.39,1.3911,Medium,1,10,0.782,On Track
18,13,0.7272,0.5844,0.8155,-0.0883,15.941,64.83,1.1048,Medium,1,6,0.496,At Risk
14,2,0.1734,0.2327,0.3792,-0.2058,5.2742,43.29,0.3915,Medium,1,12,0.837,At Risk
12,4,0.3016,0.372,0.1736,0.128,23.0414,3.0,7.5395,Low,0,12,0.846,On Track
14,6,0.3967,0.3878,0.2928,0.1039,20.4914,47.35,0.8205,Low,0,10,0.803,On Track
6,1,0.2402,0.3064,0.2106,0.0296,4.7477,77.76,0.305,High,2,10,0.795,At Risk
21,7,0.3397,0.4644,0.1904,0.1493,36.7568,3.0,8.4925,Medium,1,9,0.519,On Track
5,3,0.6779,0.6018,0.874,-0.1961,3.4324,74.74,0.8951,Medium,1,8,0.547,At Risk
17,7,0.413,0.0959,0.3906,0.0224,17.9215,74.34,0.5481,Low,0,7,0.576,At Risk
3,0,0.0052,0.0992,0.0222,-0.0171,0.0,52.81,0.0096,Low,0,11,0.5,At Risk
10,5,0.4971,0.3602,0.6033,-0.1062,8.2875,25.91,1.8476,Medium,1,4,0.724,At Risk
9,1,0.091,0.0,0.3096,-0.2186,3.23,59.22,0.1511,Low,0,6,0.594,At Risk
20,14,0.6754,0.734,0.6293,0.0461,22.2472,37.49,1.7546,Medium,1,6,0.766,On Track
24,5,0.2011,0.1524,0.3451,-0.144,14.4878,70.02,0.2832,Medium,1,12,0.368,At Risk
6,3,0.5008,0.5829,0.442,0.0588,6.7867,3.6,10.8768,Low,0,11,0.833,On Track
21,14,0.6634,0.5816,0.6078,0.0556,23.0336,70.72,0.9251,Low,0,1,0.786,On Track
17,8,0.445,0.6564,0.4559,-0.011,17.5469,36.55,1.185,High,2,10,0.844,On Track
21,4,0.2029,0.0741,0.352,-0.1491,11.3621,45.71,0.4345,Low,0,7,0.421,At Risk
3,1,0.3944,0.5343,0.5447,-0.1503,1.8359,65.07,0.5969,High,2,12,0.393,At Risk
7,5,0.7498,0.6023,0.6971,0.0528,7.1731,49.01,1.4994,Medium,1,7,0.989,On Track
5,5,0.99,0.7983,0.9153,0.0747,5.4629,28.54,3.3515,Medium,1,3,0.752,On Track
19,6,0.3276,0.1951,0.4493,-0.1217,13.3537,97.16,0.3338,Low,0,5,0.921,At Risk
19,4,0.2214,0.3128,0.2802,-0.0588,14.278,10.99,1.8464,Medium,1,12,0.484,At Risk
14,8,0.5985,0.3667,0.4417,0.1569,18.1132,10.96,5.0038,High,2,2,0.787,On Track
10,6,0.6092,0.7404,0.4964,0.1128,12.0882,69.76,0.8609,High,2,12,0.642,On Track
22,5,0.2153,0.4833,0.5744,-0.3592,8.7045,29.19,0.713,Medium,1,1,0.619,At Risk
10,4,0.3688,0.1095,0.5556,-0.1869,7.1989,66.92,0.5429,Low,0,6,0.497,At Risk
16,7,0.4218,0.3117,0.331,0.0908,21.1474,61.22,0.6779,High,2,3,0.741,At Risk
15,0,0.0,0.0,0.1524,-0.1524,0.0,6.05,0.0,Medium,1,11,0.79,At Risk
25,0,0.0,0.0,0.1314,-0.1314,0.0,56.1,0.0,Low,0,2,0.928,At Risk
16,15,0.9264,0.7639,0.8496,0.0768,17.6562,34.69,2.5955,Medium,1,4,0.684,On Track
13,7,0.5064,0.6677,0.5358,-0.0294,13.0646,15.82,3.0112,Medium,1,5,0.786,On Track
13,6,0.4471,0.5582,0.2696,0.1775,22.254,41.21,1.0593,Medium,1,9,0.872,On Track
8,3,0.3542,0.3068,0.3892,-0.035,7.7083,74.33,0.4702,Medium,1,8,0.818,At Risk
20,10,0.5045,0.6062,0.5287,-0.0242,18.9154,67.03,0.7416,Medium,1,9,0.491,At Risk
3,1,0.4243,0.453,0.5009,-0.0767,1.9963,10.91,3.5615,High,2,11,0.788,At Risk
7,5,0.6976,0.968,0.7212,-0.0236,6.9327,64.64,1.0628,High,2,10,0.667,On Track
15,1,0.0928,0.2398,0.2963,-0.2036,3.3746,35.7,0.2527,Medium,1,9,0.722,At Risk
8,6,0.7251,1.0,0.4981,0.2269,12.0447,14.32,4.7315,High,2,3,0.437,Excellent
3,2,0.6573,0.7067,0.6051,0.0521,3.305,65.91,0.9823,Low,0,11,0.48,On Track
20,7,0.3466,0.1172,0.3688,-0.0222,18.9819,55.3,0.6155,Medium,1,2,0.831,At Risk
21,6,0.2839,0.4969,0.2947,-0.0108,20.3598,39.77,0.6963,Medium,1,6,0.573,At Risk
4,0,0.0766,0.0281,0.0444,0.0322,0.0,22.54,0.3254,Medium,1,1,0.734,At Risk
9,2,0.2259,0.3972,0.2485,-0.0227,8.0469,7.3,2.7202,Low,0,9,0.782,On Track
3,2,0.6428,0.5932,0.5876,0.0552,3.4038,56.23,1.1232,Medium,1,9,0.423,On Track
25,18,0.729,0.6742,0.6994,0.0296,25.7374,77.3,0.931,Low,0,12,0.492,On Track
9,8,0.874,0.5271,0.7659,0.1081,10.445,31.02,2.7295,Medium,1,9,0.571,On Track
17,11,0.632,0.6651,0.6548,-0.0228,16.7994,29.64,2.0629,High,2,3,0.595,On Track
20,12,0.5809,0.3669,0.8806,-0.2997,13.6269,41.28,1.374,Low,0,4,0.781,At Risk
7,3,0.4123,0.246,0.2904,0.1219,10.3322,20.3,1.9361,High,2,3,0.713,On Track
23,14,0.6071,0.8146,0.7209,-0.1137,19.421,63.28,0.9446,Low,0,8,0.83,At Risk
3,3,0.99,1.0,0.8674,0.1226,3.4586,46.67,2.0767,Medium,1,7,0.791,Excellent
7,3,0.3728,0.6689,0.2843,0.0885,10.5515,52.51,0.6967,Medium,1,10,0.687,At Risk
25,13,0.5176,0.0,0.6237,-0.1061,20.844,44.95,1.1263,Medium,1,5,0.464,At Risk
22,13,0.5838,0.4676,0.5957,-0.0119,21.8215,69.85,0.824,High,2,5,0.549,On Track
10,9,0.9299,0.7031,0.6797,0.2502,13.241,56.62,1.6137,Low,0,7,0.573,On Track
9,2,0.2495,0.2678,0.2864,-0.0368,6.9842,68.68,0.3581,Medium,1,9,0.718,At Risk
23,7,0.3004,0.3645,0.4005,-0.1001,17.4763,34.66,0.8424,Low,0,8,0.875,At Risk
4,2,0.4345,0.4806,0.4661,-0.0316,4.2913,30.37,1.3851,High,2,2,0.702,On Track
3,1,0.4571,0.5227,0.4721,-0.0151,2.118,68.66,0.6561,Medium,1,6,0.917,At Risk
25,1,0.0222,0.0,0.15,-0.1278,6.6664,35.83,0.0602,Low,0,3,0.832,At Risk
10,4,0.4219,0.5898,0.1772,0.2447,22.5719,57.76,0.718,Medium,1,9,0.9,At Risk
11,8,0.7113,0.8757,0.6633,0.048,12.0608,50.07,1.3928,Low,0,4,0.871,On Track
19,13,0.6789,0.6016,0.6691,0.0098,19.4298,33.29,1.9801,Medium,1,3,0.534,On Track
10,4,0.4416,0.2962,0.5675,-0.1259,7.0491,68.97,0.6311,Medium,1,10,0.424,At Risk
8,4,0.5272,0.795,0.4734,0.0538,8.45,77.62,0.6706,High,2,4,0.745,At Risk
21,8,0.3756,0.0006,0.4116,-0.036,19.4354,41.86,0.8764,High,2,12,0.749,On Track
6,1,0.215,0.3498,0.1951,0.0199,5.1248,3.0,5.3758,Medium,1,12,0.748,On Track
17,2,0.1001,0.427,0.2039,-0.1037,9.8111,55.44,0.1774,Medium,1,12,0.42,At Risk
22,11,0.499,0.6227,0.1708,0.3282,64.4071,32.42,1.4929,Medium,1,12,0.73,On Track
9,6,0.6312,0.648,0.3544,0.2768,16.9312,3.0,15.7805,Medium,1,5,0.723,On Track
16,1,0.0884,0.0,0.1514,-0.063,6.6067,67.25,0.1295,High,2,9,0.65,At Risk
4,2,0.3845,0.3752,0.3256,0.059,6.1434,44.32,0.8486,Medium,1,8,0.87,On Track
3,3,0.9073,1.0,0.8099,0.0975,3.7042,38.92,2.2731,Low,0,8,0.326,On Track
5,2,0.3111,0.2518,0.4701,-0.159,4.2545,3.9,6.3484,Low,0,2,0.895,At Risk
20,16,0.7882,0.3212,0.7317,0.0565,21.8663,45.86,1.682,High,2,11,0.388,On Track
16,6,0.3636,0.4681,0.5241,-0.1605,11.4482,8.6,3.7871,Medium,1,3,0.649,At Risk
13,8,0.5886,0.4636,0.4011,0.1875,19.9456,46.28,1.245,Medium,1,8,0.942,On Track
8,6,0.7135,0.6471,0.353,0.3605,16.9972,21.24,3.2077,High,2,11,0.524,On Track
9,7,0.7743,0.6011,0.8223,-0.0481,8.5124,56.09,1.3562,Medium,1,9,0.619,On Track
13,6,0.4595,0.6152,0.499,-0.0395,12.0239,29.24,1.5197,Low,0,7,0.383,On Track
10,10,0.9597,0.8756,0.7912,0.1685,12.6383,61.68,1.5311,Low,0,4,0.809,On Track
10,5,0.523,0.6563,0.6642,-0.1412,7.5274,33.42,1.5197,Medium,1,3,0.664,At Risk
16,2,0.1523,0.2718,0.4419,-0.2896,4.5262,18.93,0.764,Medium,1,6,0.736,At Risk
22,12,0.5314,0.394,0.7873,-0.2559,15.2422,55.03,0.9485,Low,0,7,0.745,At Risk
12,5,0.4434,0.3238,0.3505,0.0929,14.2649,88.85,0.4935,Medium,1,5,0.485,At Risk
8,1,0.1525,0.0,0.3325,-0.18,3.0071,21.46,0.679,Medium,1,11,0.86,At Risk
9,5,0.5744,0.4483,0.5417,0.0326,9.2297,48.34,1.1642,High,2,8,0.719,On Track
5,1,0.244,0.2871,0.4176,-0.1736,2.3949,49.72,0.481,High,2,3,0.922,At Risk
9,6,0.6907,0.7926,0.7324,-0.0416,8.1925,84.19,0.8108,High,2,10,0.501,On Track
13,5,0.4091,0.5785,0.4214,-0.0123,11.8645,34.73,1.1451,Low,0,2,0.952,On Track
19,11,0.576,0.4648,0.5707,0.0053,19.2757,39.92,1.4076,Low,0,5,0.88,On Track
8,4,0.5105,0.3789,0.3333,0.1773,12.0028,80.06,0.6298,High,2,7,0.281,At Risk
18,6,0.3182,0.4841,0.2591,0.0591,23.1563,56.55,0.5529,Medium,1,8,0.831,At Risk
21,10,0.4618,0.604,0.4961,-0.0344,20.1564,57.75,0.7859,Low,0,8,0.901,At Risk
18,18,0.99,0.7807,0.9041,0.0859,19.909,25.86,3.686,High,2,5,0.734,On Track
18,10,0.5495,0.8087,0.4238,0.1257,23.5957,19.64,2.6627,High,2,9,0.854,On Track
9,5,0.6094,0.6058,0.4605,0.1488,10.8569,88.24,0.6828,High,2,8,0.732,At Risk
21,9,0.441,0.2155,0.6567,-0.2158,13.7047,50.04,0.864,Low,0,9,0.464,At Risk
7,2,0.3287,0.3286,0.4748,-0.1461,4.2124,47.87,0.6726,Medium,1,9,0.59,At Risk
8,2,0.2634,0.3526,0.0807,0.1827,24.7684,16.68,1.49,Medium,1,4,0.714,On Track
5,3,0.6813,0.4706,0.3474,0.3339,8.6352,26.49,2.4782,Low,0,6,0.886,On Track
25,13,0.5262,0.322,0.611,-0.0848,21.2767,53.01,0.9743,High,2,7,0.751,At Risk
5,2,0.4293,0.5297,0.5721,-0.1428,3.4961,3.0,10.7319,Medium,1,7,0.725,At Risk
6,1,0.1894,0.0002,0.321,-0.1315,3.1156,74.71,0.2502,Medium,1,6,0.78,At Risk
16,8,0.502,0.7137,0.7172,-0.2151,11.155,3.0,12.5512,Medium,1,6,0.592,At Risk
14,12,0.8437,0.6763,0.6354,0.2082,18.8844,26.31,3.0891,Medium,1,12,0.831,On Track
25,12,0.4732,0.8379,0.2543,0.2188,47.1804,53.81,0.8632,Medium,1,7,0.876,On Track
23,9,0.3729,0.207,0.4809,-0.108,18.7154,4.7,6.5449,Medium,1,3,0.742,At Risk
17,10,0.5853,0.7058,0.6134,-0.0281,16.303,36.35,1.567,Low,0,10,0.25,On Track
20,8,0.4091,0.374,0.4126,-0.0035,19.3904,14.66,2.6123,Medium,1,1,0.55,On Track
4,2,0.546,0.6127,0.6485,-0.1025,3.084,41.58,1.2822,Medium,1,12,0.514,At Risk
18,16,0.9106,1.0,0.9007,0.0099,17.7634,81.52,1.1036,Low,0,6,0.369,On Track
19,6,0.3045,0.128,0.2224,0.0821,26.9755,28.85,1.0203,Low,0,11,0.843,On Track
25,18,0.7198,0.6706,0.5852,0.1346,30.7573,31.17,2.2373,Low,0,11,0.726,On Track
15,13,0.8335,1.0,0.7979,0.0356,16.2933,80.16,1.027,Low,0,7,0.619,On Track
22,22,0.99,0.8598,0.9435,0.0465,23.3183,79.85,1.2245,Medium,1,5,0.741,On Track
8,6,0.7434,0.688,0.4742,0.2691,12.6525,32.98,2.1875,High,2,9,0.722,On Track
23,3,0.14,0.1956,0.3188,-0.1788,9.4096,47.87,0.2865,Medium,1,11,0.778,At Risk
3,2,0.593,0.4349,0.6759,-0.0829,2.9589,50.2,1.1581,High,2,11,0.784,At Risk
7,4,0.5473,0.2741,0.3983,0.149,10.0433,32.94,1.6126,Medium,1,11,0.933,On Track
14,11,0.7947,0.93,0.6959,0.0989,15.807,54.38,1.4351,High,2,11,0.683,On Track
15,0,0.0187,0.0,0.1973,-0.1786,0.0,59.08,0.0311,High,2,6,0.567,At Risk
21,20,0.9527,1.0,0.901,0.0517,22.1965,46.33,2.0128,Low,0,10,0.873,On Track
24,2,0.099,0.0,0.1457,-0.0467,13.7256,23.75,0.4001,Medium,1,4,0.569,At Risk
13,2,0.1322,0.2717,0.2061,-0.0739,9.7062,28.52,0.4479,Low,0,3,0.891,At Risk
20,15,0.769,0.7537,0.6066,0.1623,24.7272,53.4,1.4136,Medium,1,9,0.575,On Track
15,7,0.494,0.4858,0.6958,-0.2018,10.0598,24.89,1.9081,Low,0,11,0.566,At Risk
8,5,0.6147,0.5539,0.5944,0.0203,8.4119,69.16,0.8762,Medium,1,5,0.828,On Track
6,2,0.3075,0.4055,0.4669,-0.1594,4.284,70.35,0.4309,Low,0,3,0.907,At Risk
3,2,0.6839,0.6663,0.6135,0.0704,3.26,27.7,2.3832,Low,0,10,0.85,On Track
13,11,0.8676,0.8266,0.8511,0.0165,12.9239,79.73,1.0747,Medium,1,8,0.889,On Track
17,6,0.3786,0.0,0.2315,0.1471,25.9141,44.44,0.8332,High,2,8,0.691,On Track
11,7,0.605,0.5843,0.4459,0.1592,15.6997,3.0,15.1261,Medium,1,6,0.748,On Track
19,15,0.7752,0.743,0.699,0.0761,21.4584,52.39,1.452,High,2,1,0.801,On Track
14,6,0.4311,0.4644,0.309,0.1222,19.4201,19.69,2.0835,Medium,1,9,0.739,On Track
20,16,0.7897,0.5891,0.9006,-0.1109,17.766,50.93,1.5207,Medium,1,6,0.81,At Risk
23,0,0.0,0.0,0.2168,-0.2168,0.0,64.08,0.0,High,2,8,0.597,At Risk
6,2,0.2552,0.4895,0.2542,0.001,7.869,49.52,0.5051,Low,0,6,0.612,At Risk
11,5,0.4094,0.5835,0.4808,-0.0714,10.4001,42.23,0.9471,High,2,7,0.531,At Risk
22,12,0.5482,0.4688,0.524,0.0242,22.9014,34.6,1.54,Medium,1,10,0.726,On Track
21,10,0.4783,0.4416,0.599,-0.1207,16.6948,36.2,1.2856,Medium,1,5,0.844,At Risk
3,2,0.7776,0.8914,0.719,0.0586,2.7816,31.23,2.4129,High,2,6,0.944,On Track
15,7,0.481,0.4105,0.5292,-0.0483,13.2266,70.55,0.6722,Medium,1,2,0.844,At Risk
14,3,0.1808,0.1758,0.3832,-0.2024,7.8285,9.74,1.6835,Low,0,11,0.602,At Risk
20,15,0.7649,0.8114,0.8429,-0.078,17.795,47.37,1.5814,Medium,1,1,0.827,At Risk
11,2,0.1757,0.0,0.3093,-0.1335,6.4668,56.58,0.3052,Medium,1,6,0.348,At Risk
12,0,0.0,0.0,0.0886,-0.0886,0.0,40.18,0.0,High,2,8,0.724,At Risk
8,7,0.8515,0.8175,0.7851,0.0665,8.9166,15.95,5.0238,Low,0,12,0.531,On Track
15,11,0.7267,0.7828,0.669,0.0576,16.4418,48.27,1.4749,High,2,1,0.543,On Track
5,3,0.516,0.7126,0.5264,-0.0104,5.6995,33.66,1.4886,High,2,4,0.343,On Track
9,4,0.4688,0.7424,0.3557,0.1131,11.246,36.8,1.2402,Medium,1,1,0.932,On Track
7,1,0.114,0.2204,0.0575,0.0565,17.3871,47.33,0.2359,Medium,1,3,0.85,At Risk
12,2,0.1474,0.2875,0.2421,-0.0947,8.2594,30.3,0.4711,High,2,4,0.498,At Risk
10,8,0.7629,0.8045,0.6217,0.1412,12.8689,53.22,1.4069,High,2,1,0.794,On Track
16,1,0.0874,0.0148,0.2028,-0.1154,4.9306,3.0,2.1854,Medium,1,5,0.721,At Risk
6,2,0.3196,0.3209,0.4373,-0.1178,4.5731,55.29,0.5678,Low,0,12,0.639,At Risk
6,6,0.9316,0.7947,0.6308,0.3008,9.5118,78.14,1.1771,High,2,3,0.458,On Track
20,3,0.1382,0.1321,0.1026,0.0357,29.2407,18.34,0.7149,High,2,9,0.655,At Risk
5,4,0.7073,0.8837,0.3184,0.389,12.5633,43.32,1.5961,Medium,1,3,0.699,Excellent
16,7,0.4359,0.7724,0.5664,-0.1305,12.3585,63.56,0.6753,Medium,1,4,0.716,At Risk
4,3,0.763,0.5529,0.6495,0.1135,4.619,44.27,1.6853,Medium,1,12,0.72,On Track
18,4,0.2216,0.1297,0.343,-0.1215,11.6604,71.12,0.3073,Medium,1,12,0.848,At Risk
15,7,0.4795,0.3718,0.3027,0.1768,23.1259,61.32,0.7694,Medium,1,7,0.665,At Risk
5,2,0.4529,0.3365,0.4219,0.031,4.7402,35.7,1.2343,Medium,1,11,0.91,On Track
25,9,0.3659,0.1626,0.1833,0.1826,49.1021,60.19,0.5979,Medium,1,3,0.745,At Risk
22,10,0.4585,0.5323,0.526,-0.0675,19.0105,35.15,1.2685,Low,0,3,0.682,At Risk
12,12,0.99,0.9745,0.8408,0.1492,14.2725,34.58,2.7824,Medium,1,1,0.834,Excellent
5,1,0.1519,0.0,0.3078,-0.1558,3.2493,3.0,3.7979,Low,0,1,0.671,At Risk
8,4,0.4727,0.6746,0.2886,0.1841,13.8613,56.04,0.8287,High,2,2,0.655,On Track
4,3,0.6935,0.7337,0.4018,0.2917,7.467,61.24,1.1141,Medium,1,1,0.767,On Track
13,5,0.4098,0.3263,0.5926,-0.1828,8.4376,47.56,0.8438,Medium,1,12,0.799,At Risk
25,11,0.4472,0.3566,0.2582,0.189,42.605,3.0,11.1808,Medium,1,11,0.532,On Track
8,3,0.3642,0.2317,0.2789,0.0854,10.7579,25.18,1.3915,High,2,2,0.823,On Track
17,2,0.1409,0.3658,0.0994,0.0416,20.1254,42.49,0.324,Medium,1,3,0.92,At Risk
6,5,0.7581,0.9719,0.6155,0.1426,8.1234,54.0,1.3783,Medium,1,3,0.925,On Track
9,5,0.5328,0.4074,0.6161,-0.0833,8.1154,42.58,1.2228,Low,0,10,0.812,At Risk
14,10,0.7105,1.0,0.7718,-0.0613,12.9563,65.45,1.0693,Medium,1,11,0.367,At Risk
9,6,0.6322,0.6144,0.3488,0.2834,17.2011,31.79,1.9281,Low,0,6,0.703,On Track
6,3,0.5221,0.432,0.2902,0.2319,10.3383,21.38,2.3331,Medium,1,7,0.729,On Track
13,9,0.7214,0.7627,0.406,0.3155,22.1694,20.12,3.4162,Medium,1,7,0.674,On Track
16,4,0.2458,0.1668,0.2269,0.0189,17.627,31.07,0.7664,Medium,1,5,0.649,At Risk
17,0,0.0061,0.0,0.088,-0.0819,0.0,31.47,0.0187,High,2,4,0.583,At Risk
18,12,0.6801,0.5677,0.5462,0.134,21.972,45.21,1.4717,Low,0,1,0.25,On Track
24,14,0.5691,0.5101,0.7707,-0.2016,18.1656,74.12,0.7576,Low,0,12,0.93,At Risk
8,4,0.4931,0.2951,0.4615,0.0316,8.6681,28.19,1.689,Medium,1,3,0.853,On Track
8,5,0.6738,0.8161,0.479,0.1948,10.4388,37.79,1.737,High,2,3,0.907,On Track
14,4,0.2883,0.1101,0.2121,0.0762,18.859,50.9,0.5555,High,2,11,0.386,At Risk
23,11,0.4588,0.6545,0.4076,0.0512,26.9878,61.8,0.7306,Low,0,1,0.929,At Risk
17,11,0.6211,0.5516,0.4616,0.1596,23.832,25.82,2.3161,High,2,9,0.488,On Track
22,6,0.2614,0.1292,0.4991,-0.2377,12.0208,30.74,0.8237,High,2,11,0.877,At Risk
4,0,0.0761,0.2398,0.1101,-0.034,0.0,32.77,0.2254,High,2,8,0.37,At Risk
20,9,0.4663,0.3898,0.3405,0.1258,26.4281,25.02,1.7923,High,2,10,0.436,On Track
3,2,0.7269,0.54,0.7728,-0.0459,2.5881,29.37,2.3933,Low,0,8,0.753,On Track
17,9,0.5218,0.7482,0.4917,0.0301,18.3032,74.8,0.6884,Medium,1,1,0.707,At Risk
22,19,0.8697,1.0,0.6567,0.213,28.9337,57.77,1.4798,Medium,1,11,0.925,On Track
13,5,0.3763,0.3341,0.4866,-0.1104,10.2748,24.52,1.4743,Medium,1,11,0.788,At Risk
15,3,0.1928,0.0881,0.3956,-0.2027,7.5842,77.05,0.2471,High,2,9,0.66,Delayed
7,3,0.4492,0.5952,0.5709,-0.1218,5.2545,31.92,1.3642,High,2,1,0.834,At Risk
20,12,0.6222,0.6411,0.4564,0.1658,26.2952,61.54,0.9949,Medium,1,9,0.595,On Track
7,0,0.0655,0.1347,0.1683,-0.1028,0.0,70.84,0.0912,Medium,1,8,0.824,At Risk
8,3,0.3948,0.4149,0.2822,0.1125,10.6302,23.92,1.5839,Medium,1,12,0.456,On Track
15,2,0.1197,0.3108,0.5242,-0.4045,3.8156,78.91,0.1498,Medium,1,3,0.989,Delayed
25,10,0.3963,0.4529,0.2661,0.1301,37.575,65.19,0.5987,High,2,11,0.938,At Risk
3,2,0.5689,0.3973,0.554,0.0149,3.6102,13.32,3.9732,Medium,1,9,0.87,On Track
25,25,0.99,1.0,0.9391,0.0509,26.6208,58.0,1.6781,Low,0,9,0.832,On Track
3,1,0.455,0.3715,0.6464,-0.1915,1.547,62.11,0.721,High,2,6,0.932,At Risk
16,12,0.7631,0.8003,0.8409,-0.0778,14.2711,65.01,1.1561,High,2,12,0.404,At Risk
24,12,0.4999,0.4532,0.5417,-0.0418,22.1506,10.33,4.411,Medium,1,4,0.78,On Track
21,7,0.3396,0.3223,0.2883,0.0513,24.2791,17.75,1.811,High,2,7,0.733,On Track
24,15,0.634,0.5461,0.6007,0.0333,24.9715,3.0,15.8498,High,2,7,0.823,On Track
13,5,0.362,0.4348,0.3903,-0.0283,12.8117,64.45,0.5531,Low,0,8,0.901,At Risk
21,12,0.5827,0.4791,0.7263,-0.1436,16.5212,62.89,0.9121,High,2,10,0.945,At Risk
8,5,0.6304,0.6589,0.6364,-0.006,7.857,13.18,4.4459,High,2,6,0.901,On Track
15,10,0.6556,0.5989,0.66,-0.0044,15.1519,50.85,1.2644,High,2,4,0.915,On Track
11,7,0.6371,0.6786,0.904,-0.2669,7.7435,55.95,1.1186,High,2,4,0.745,At Risk
24,4,0.1837,0.1893,0.1652,0.0185,24.218,23.03,0.7641,Low,0,10,0.697,At Risk
3,0,0.1647,0.3709,0.2483,-0.0836,0.0,5.38,2.5803,Medium,1,10,0.521,At Risk
25,17,0.6798,0.4577,0.399,0.2808,42.6031,47.01,1.4161,Medium,1,6,0.547,On Track
13,6,0.4952,0.472,0.4412,0.0539,13.5979,27.96,1.7096,Low,0,11,0.926,On Track
20,13,0.6403,0.376,0.4981,0.1422,26.1,32.77,1.896,High,2,5,0.635,On Track
22,20,0.9284,0.7127,0.937,-0.0086,21.3447,27.37,3.273,Medium,1,6,0.886,On Track
8,1,0.1019,0.2176,0.332,-0.23,3.0124,52.7,0.1898,High,2,10,0.614,At Risk
20,12,0.5925,0.475,0.5268,0.0657,22.7774,61.6,0.9464,High,2,8,0.546,On Track
11,5,0.4799,0.4678,0.5663,-0.0865,8.8287,25.25,1.8282,Medium,1,2,0.788,At Risk
18,15,0.8522,0.7605,0.7733,0.0788,19.3971,105.15,0.8028,Medium,1,1,0.81,On Track
7,1,0.0805,0.0335,0.1324,-0.0519,7.5513,37.68,0.2081,Medium,1,7,0.65,At Risk
5,2,0.4437,0.2898,0.2343,0.2095,8.5376,56.58,0.7706,High,2,10,0.771,At Risk
16,15,0.9681,1.0,0.8197,0.1484,18.299,61.43,1.5507,Low,0,5,0.836,On Track
21,14,0.685,0.8833,0.7247,-0.0397,19.3179,84.43,0.8019,Medium,1,9,0.745,On Track
16,16,0.9872,0.9454,0.8452,0.1419,18.9295,50.48,1.9178,Low,0,12,0.52,On Track
3,1,0.2509,0.1319,0.3659,-0.115,2.7327,48.08,0.5113,Medium,1,2,0.798,At Risk
21,11,0.5123,0.2863,0.6119,-0.0997,17.9754,49.38,1.0167,High,2,3,0.494,At Risk
6,3,0.5622,0.6554,0.5177,0.0446,5.7954,48.56,1.1345,Medium,1,7,0.855,On Track
11,3,0.3123,0.2561,0.3836,-0.0713,7.8198,12.64,2.2902,High,2,2,0.869,At Risk
22,13,0.5714,0.4609,0.5702,0.0012,22.7988,39.95,1.3954,Low,0,7,0.722,On Track
17,10,0.5649,0.5163,0.4734,0.0916,21.1246,59.0,0.9416,High,2,12,0.518,On Track
11,2,0.1597,0.1802,0.248,-0.0883,8.0639,43.69,0.3574,Medium,1,2,0.795,At Risk
17,12,0.7149,0.8512,0.8291,-0.1143,14.4727,39.4,1.7693,Medium,1,11,0.864,At Risk
14,7,0.4699,0.6651,0.5201,-0.0502,13.4597,46.66,0.986,Low,0,2,0.505,At Risk
4,2,0.5526,0.3872,0.805,-0.2524,2.4846,57.05,0.9519,High,2,8,0.835,At Risk
12,5,0.4297,0.447,0.1824,0.2473,27.4131,29.86,1.3924,Medium,1,4,0.779,On Track
5,4,0.7004,0.6538,0.5253,0.1751,7.615,48.4,1.4178,High,2,11,0.692,On Track
11,5,0.498,0.4468,0.5757,-0.0777,8.6844,53.11,0.9205,Low,0,5,0.391,At Risk
14,12,0.8253,0.6745,0.8858,-0.0604,13.5478,44.9,1.7979,High,2,4,0.9,At Risk
19,19,0.99,1.0,0.8991,0.0909,21.1325,41.89,2.3084,Low,0,9,0.388,On Track
19,13,0.6963,0.8088,0.4719,0.2245,27.5491,33.32,2.0287,Medium,1,7,0.419,On Track
21,17,0.8164,0.5902,0.9213,-0.1049,18.4513,43.03,1.8541,Medium,1,12,0.838,At Risk
23,17,0.75,0.7127,0.729,0.021,23.3186,27.04,2.6748,Low,0,5,0.951,On Track
17,14,0.8387,0.8662,0.7718,0.0668,18.1388,36.05,2.2636,Medium,1,11,0.654,On Track
13,10,0.7496,0.7051,0.6377,0.1119,15.6821,73.81,1.0021,Medium,1,7,0.607,On Track
24,14,0.591,0.3737,0.7111,-0.1201,19.6875,99.5,0.588,Medium,1,12,0.616,At Risk
18,12,0.6908,0.8203,0.8206,-0.1297,14.6239,62.12,1.0944,High,2,2,0.385,At Risk
4,1,0.222,0.1509,0.1869,0.0351,5.3512,67.24,0.3253,High,2,12,0.64,At Risk
7,1,0.1004,0.2014,0.2048,-0.1044,4.8822,6.42,1.3533,Medium,1,11,0.571,At Risk
12,3,0.2591,0.2946,0.4935,-0.2343,6.0794,69.45,0.3678,Medium,1,1,0.798,At Risk
22,12,0.5306,0.4458,0.4343,0.0963,27.6293,36.13,1.4291,Low,0,9,0.492,On Track
7,4,0.5889,0.321,0.4101,0.1788,9.754,3.0,14.723,High,2,6,0.477,On Track
23,16,0.6897,0.6106,0.6281,0.0615,25.4718,20.71,3.1768,High,2,7,0.558,On Track
10,3,0.3377,0.5339,0.572,-0.2343,5.2448,47.92,0.6903,Low,0,5,0.825,At Risk
19,18,0.9707,1.0,0.8042,0.1665,22.3824,52.55,1.8128,Low,0,1,0.652,On Track
17,11,0.6231,0.6122,0.9264,-0.3033,11.8744,32.58,1.8552,Medium,1,8,0.622,At Risk
3,0,0.0,0.2125,0.3077,-0.3077,0.0,44.84,0.0,Medium,1,2,0.369,At Risk
5,4,0.7221,0.6828,0.6996,0.0225,5.7174,68.37,1.0409,Medium,1,1,0.779,On Track
9,8,0.8815,0.9366,0.7654,0.1161,10.4521,58.57,1.4797,Medium,1,8,0.679,On Track
22,6,0.2765,0.2425,0.2318,0.0446,25.8817,3.0,6.9116,Low,0,8,0.732,On Track
25,13,0.528,0.4359,0.4034,0.1246,32.2288,25.56,1.9878,High,2,2,0.752,On Track
12,8,0.6682,0.5254,0.659,0.0092,12.1403,57.46,1.143,Low,0,6,0.751,On Track
22,10,0.4369,0.3191,0.363,0.0739,27.5461,72.67,0.5931,Low,0,3,0.674,At Risk
7,4,0.5636,0.2605,0.4709,0.0928,8.4946,67.99,0.817,Medium,1,11,0.729,On Track
6,3,0.5612,0.3807,0.4886,0.0726,6.1403,51.92,1.0604,Low,0,11,0.388,On Track
8,6,0.7165,0.5192,0.8304,-0.114,7.2251,6.77,9.2201,Medium,1,9,0.773,At Risk
11,4,0.3407,0.2323,0.2477,0.093,16.1471,43.46,0.7664,High,2,6,0.693,At Risk
8,6,0.7245,0.5751,0.6537,0.0708,9.1787,83.05,0.862,Low,0,3,0.612,On Track
10,4,0.3991,0.3703,0.5171,-0.118,7.7351,47.34,0.8256,Medium,1,8,0.837,At Risk
10,5,0.4613,0.5345,0.749,-0.2877,6.6756,51.23,0.8831,High,2,5,0.95,At Risk
11,11,0.99,0.9689,0.7874,0.2026,13.9701,81.02,1.207,Medium,1,1,0.639,On Track
10,0,0.0,0.0,0.0828,-0.0828,0.0,3.0,0.0,High,2,3,0.744,At Risk
22,14,0.6245,0.4878,0.5995,0.025,23.3532,44.81,1.3632,Medium,1,5,0.337,On Track
5,1,0.2062,0.1422,0.3714,-0.1653,2.6922,19.72,0.9953,High,2,11,0.681,At Risk
15,9,0.5852,0.6077,0.6945,-0.1093,12.9595,75.91,0.7609,Medium,1,9,0.745,At Risk
22,11,0.4886,0.6571,0.3874,0.1012,28.3972,42.8,1.1154,Medium,1,8,0.935,On Track
9,5,0.5905,0.5418,0.5409,0.0496,9.2444,38.07,1.5113,Medium,1,2,0.797,On Track
16,10,0.6131,0.5122,0.6042,0.0088,16.5499,34.53,1.7257,Medium,1,8,0.893,On Track
13,4,0.2979,0.3777,0.4254,-0.1275,9.404,30.29,0.952,High,2,11,0.77,At Risk
4,2,0.5442,0.6715,0.6219,-0.0777,3.2161,23.07,2.261,Low,0,12,0.923,At Risk
15,14,0.9404,0.8091,0.8946,0.0458,15.6496,35.79,2.5561,Low,0,4,0.644,On Track
23,11,0.4796,0.5619,0.2748,0.2048,40.0305,24.84,1.8557,Medium,1,8,0.372,On Track
18,15,0.8253,1.0,0.5986,0.2266,25.057,75.96,1.0723,Medium,1,9,0.344,On Track
9,3,0.3654,0.0784,0.1837,0.1817,16.3336,24.76,1.4183,Low,0,5,0.91,On Track
8,7,0.9326,1.0,0.9759,-0.0433,7.1731,35.47,2.5569,Low,0,9,0.781,On Track
24,7,0.2922,0.3313,0.3455,-0.0533,20.2597,43.81,0.6522,High,2,2,0.76,At Risk
20,9,0.4705,0.7794,0.2441,0.2264,36.8665,14.63,3.0109,Low,0,6,0.613,On Track
15,6,0.3688,0.2667,0.3613,0.0075,16.6065,8.49,3.8868,Low,0,3,0.578,On Track
7,1,0.1013,0.0,0.2526,-0.1513,3.9589,31.14,0.3152,Low,0,8,0.646,At Risk
18,13,0.7391,0.8583,0.6937,0.0454,18.7405,31.79,2.2541,High,2,8,0.678,On Track
11,11,0.9674,1.0,0.7948,0.1725,13.8395,62.24,1.5298,High,2,10,0.893,On Track
14,7,0.4886,0.4428,0.6274,-0.1388,11.1575,49.49,0.9678,Medium,1,2,0.6,At Risk
20,20,0.99,0.8035,0.8008,0.1892,24.9736,48.02,2.0194,Medium,1,8,0.683,On Track
21,16,0.7682,0.7842,0.7363,0.0319,21.7291,59.08,1.2787,Medium,1,6,0.768,On Track
8,4,0.5211,0.3284,0.2439,0.2772,16.398,27.41,1.8342,High,2,6,0.796,On Track
6,4,0.7257,0.5485,0.5802,0.1455,6.8945,46.11,1.5405,Medium,1,6,0.484,On Track
15,12,0.8238,0.8601,0.8597,-0.0359,13.9589,17.1,4.5523,Medium,1,2,0.36,On Track
7,3,0.395,0.4367,0.2607,0.1343,11.5055,24.97,1.5213,High,2,8,0.674,On Track
21,15,0.6987,0.6503,0.8133,-0.1146,18.444,59.07,1.1632,High,2,5,0.814,At Risk
13,2,0.1834,0.135,0.3803,-0.1969,5.259,36.62,0.4874,Low,0,7,0.613,At Risk
21,18,0.8436,0.849,0.4259,0.4176,42.2608,37.18,2.2092,Medium,1,9,0.58,On Track
8,2,0.2583,0.2178,0.4433,-0.185,4.5116,24.1,1.029,Low,0,6,0.76,At Risk
3,1,0.4312,0.4869,0.3152,0.116,3.1726,61.33,0.6918,Low,0,6,0.571,At Risk
9,3,0.3014,0.3218,0.2737,0.0277,10.9592,16.72,1.7012,High,2,8,0.951,On Track
6,4,0.6996,0.5469,0.5727,0.1269,6.9845,60.13,1.1444,Medium,1,5,0.926,On Track
17,6,0.3593,0.2837,0.6139,-0.2546,9.7729,39.61,0.8848,High,2,11,0.897,At Risk
14,9,0.6611,0.7155,0.5818,0.0793,15.4702,34.71,1.8513,Medium,1,10,0.722,On Track
24,0,0.0,0.0563,0.2439,-0.2439,0.0,41.08,0.0,Medium,1,12,0.463,At Risk
14,8,0.5383,0.6767,0.4485,0.0898,17.8368,48.56,1.0862,Medium,1,8,0.898,On Track
23,23,0.99,0.9483,0.8912,0.0988,25.8066,15.83,5.8838,Low,0,4,0.498,On Track
20,11,0.5251,0.5155,0.7517,-0.2266,14.6331,77.13,0.6721,High,2,11,0.791,At Risk
24,12,0.5091,0.6011,0.521,-0.0119,23.0308,78.69,0.6389,Medium,1,3,0.546,At Risk
14,5,0.34,0.0,0.4008,-0.0608,12.4737,3.0,8.5006,High,2,4,0.682,At Risk
22,7,0.3167,0.3013,0.3505,-0.0338,19.9693,43.84,0.7064,High,2,4,0.943,At Risk
12,2,0.1522,0.0334,0.4531,-0.3009,4.414,80.26,0.1873,Low,0,5,0.655,Delayed
25,12,0.4898,0.273,0.6559,-0.1661,18.2951,50.11,0.9583,Medium,1,4,0.918,At Risk
25,2,0.0927,0.2072,0.4856,-0.3929,4.1185,73.59,0.1242,Low,0,10,0.628,Delayed
5,2,0.3452,0.2999,0.4122,-0.0669,4.8522,63.43,0.5358,High,2,7,0.977,At Risk
3,2,0.5991,0.5879,0.3749,0.2242,5.3351,22.17,2.5854,Medium,1,4,0.719,On Track
20,14,0.7033,0.628,0.8978,-0.1946,15.5929,67.98,1.0196,Low,0,2,0.583,At Risk
9,0,0.0,0.0,0.0802,-0.0802,0.0,38.18,0.0,Medium,1,9,0.603,At Risk
19,18,0.9376,0.8301,0.8784,0.0592,20.4917,69.29,1.3339,Medium,1,11,0.697,On Track
6,5,0.7706,1.0,0.7411,0.0295,6.7466,61.39,1.2351,High,2,4,0.5,On Track
24,13,0.5249,0.4976,0.4934,0.0315,26.3455,57.36,0.8995,Medium,1,2,0.691,On Track
24,24,0.99,0.9677,0.8643,0.1257,27.7683,57.02,1.7062,Low,0,5,0.728,On Track
6,5,0.8486,0.8426,0.6466,0.202,7.7331,73.26,1.1427,Medium,1,4,0.627,On Track
24,5,0.2172,0.2551,0.2843,-0.0671,17.5881,54.38,0.3921,Low,0,10,0.933,At Risk
25,8,0.3014,0.2107,0.4265,-0.1251,18.7579,3.0,7.5353,Low,0,11,0.767,At Risk
3,1,0.1847,0.2191,0.5985,-0.4137,1.6709,72.34,0.2519,Medium,1,5,0.83,Delayed
4,0,0.0,0.0,0.0418,-0.0418,0.0,13.53,0.0,Medium,1,7,0.687,At Risk
5,2,0.3818,0.3545,0.3543,0.0275,5.6453,16.28,2.2095,High,2,5,0.594,On Track
13,13,0.99,0.7268,0.8555,0.1345,15.1962,71.27,1.3699,High,2,10,0.667,On Track
25,16,0.6502,0.6205,0.6041,0.0461,26.4855,7.39,7.753,Low,0,1,0.826,On Track
19,12,0.6212,0.6102,0.6684,-0.0473,17.952,66.16,0.9249,Low,0,7,0.831,On Track
14,2,0.1774,0.5838,0.4931,-0.3157,4.0559,25.39,0.6721,Low,0,12,0.701,At Risk
21,11,0.5044,0.338,0.5743,-0.0699,19.1551,99.58,0.5015,Low,0,9,0.609,At Risk
8,4,0.4479,0.2654,0.374,0.0738,10.6942,30.16,1.4373,Medium,1,1,0.379,On Track
21,16,0.7423,0.7555,0.6999,0.0424,22.8611,49.07,1.4824,High,2,4,0.568,On Track
8,5,0.6348,0.3365,0.5734,0.0613,8.7192,35.13,1.7569,High,2,4,0.629,On Track
6,3,0.4406,0.3188,0.5646,-0.124,5.3135,51.3,0.8424,Low,0,4,0.642,At Risk
6,6,0.99,1.0,0.9097,0.0803,6.5954,50.87,1.9087,Low,0,5,0.795,On Track
21,14,0.6696,0.5072,0.6993,-0.0297,20.0198,50.75,1.2939,Medium,1,12,0.947,On Track
19,6,0.3261,0.182,0.5271,-0.2011,11.3821,42.43,0.7509,Medium,1,6,0.797,At Risk
24,14,0.5902,0.6903,0.7977,-0.2075,17.5506,55.22,1.0498,High,2,7,0.742,At Risk
15,0,0.0,0.0553,0.1055,-0.1055,0.0,45.74,0.0,Low,0,12,0.893,At Risk
3,2,0.6578,0.6581,0.7972,-0.1394,2.5089,54.86,1.1776,High,2,2,0.923,At Risk
22,7,0.3301,0.4474,0.3638,-0.0337,19.2429,16.1,1.93,Low,0,12,0.642,On Track
16,4,0.2625,0.4405,0.5863,-0.3238,6.8229,56.74,0.4546,High,2,2,0.777,At Risk
11,6,0.5193,0.5225,0.6096,-0.0903,9.8422,23.42,2.1262,Medium,1,9,0.84,At Risk
7,2,0.3428,0.3224,0.3907,-0.048,5.1188,11.05,2.8434,High,2,7,0.638,On Track
14,6,0.4503,0.3356,0.3355,0.1148,17.8832,3.0,11.2576,Medium,1,11,0.694,On Track
3,2,0.6536,0.6209,0.6819,-0.0282,2.9331,20.73,3.0079,High,2,1,0.661,On Track
4,3,0.6299,0.8204,0.7189,-0.089,4.1731,50.19,1.2306,Medium,1,7,0.731,At Risk
22,13,0.5889,0.8879,0.6518,-0.063,19.9437,68.69,0.8449,Medium,1,9,0.625,At Risk
23,9,0.384,0.4211,0.4041,-0.0201,22.2698,15.81,2.2848,Medium,1,7,0.352,On Track
8,1,0.08,0.0564,0.3905,-0.3105,2.5608,39.98,0.1952,High,2,6,0.701,At Risk
14,5,0.3266,0.4342,0.429,-0.1023,11.6555,69.07,0.4662,Medium,1,9,0.682,At Risk
7,3,0.4697,0.4246,0.3738,0.0959,8.0262,15.24,2.8929,Medium,1,6,0.494,On Track
14,6,0.4284,0.5582,0.4102,0.0182,14.6265,31.04,1.3372,Medium,1,5,0.892,On Track
20,6,0.2922,0.1747,0.4779,-0.1857,12.5545,76.95,0.3748,High,2,3,0.557,At Risk
8,4,0.4793,0.3204,0.4409,0.0385,9.0731,83.6,0.5666,Low,0,3,0.716,At Risk
7,7,0.9746,1.0,0.6722,0.3024,10.413,32.55,2.9054,Medium,1,3,0.736,Excellent
6,4,0.5853,0.3705,0.3433,0.242,11.6512,29.28,1.9332,Low,0,10,0.742,On Track
6,5,0.7719,0.8872,0.8104,-0.0385,6.17,37.47,2.0065,High,2,3,0.843,On Track
12,11,0.9401,0.8525,0.7856,0.1545,14.0014,64.4,1.4376,Low,0,9,0.781,On Track
21,9,0.444,0.432,0.3774,0.0666,23.848,3.0,11.0988,High,2,10,0.921,On Track
6,2,0.3785,0.3088,0.5524,-0.1739,3.6207,48.04,0.7719,Low,0,9,0.889,At Risk
18,15,0.8364,0.9341,0.7967,0.0397,18.8272,26.09,3.0873,High,2,7,0.526,On Track
17,8,0.4508,0.4956,0.3722,0.0786,21.4926,65.32,0.6798,High,2,9,0.963,At Risk
3,2,0.545,0.3988,0.6292,-0.0842,3.1786,68.3,0.7864,Low,0,12,0.838,At Risk
4,3,0.8583,0.8258,0.7728,0.0855,3.8818,66.31,1.2751,Medium,1,4,0.721,On Track
16,15,0.9122,0.9109,0.6763,0.2359,22.1787,87.88,1.0263,High,2,3,0.679,On Track
10,3,0.3396,0.431,0.2901,0.0495,10.3401,42.82,0.7751,Medium,1,1,0.816,At Risk
10,4,0.4445,0.6362,0.5635,-0.119,7.0991,43.9,0.99,Low,0,6,0.815,At Risk
10,6,0.6164,0.6872,0.5918,0.0246,10.1394,96.11,0.6347,High,2,2,0.846,At Risk
18,4,0.2262,0.2789,0.1854,0.0408,21.579,40.47,0.5455,High,2,10,0.819,At Risk
15,7,0.4619,0.3945,0.4488,0.0131,15.5971,63.07,0.721,Low,0,7,0.868,At Risk
13,10,0.7551,0.6306,0.7462,0.0089,13.4007,39.28,1.8749,High,2,8,0.63,On Track
4,1,0.1432,0.0,0.3181,-0.175,3.1434,45.78,0.306,Medium,1,4,0.595,At Risk
24,16,0.6602,0.6201,0.4834,0.1769,33.1011,24.77,2.5621,Low,0,1,0.977,On Track
17,1,0.067,0.1166,0.215,-0.1479,4.652,60.65,0.1088,Medium,1,9,0.783,At Risk
10,4,0.3671,0.2417,0.557,-0.1899,7.1813,74.27,0.4877,Low,0,1,0.451,At Risk
22,13,0.5858,0.5169,0.3121,0.2737,41.6487,39.29,1.4539,Medium,1,3,0.892,On Track
9,7,0.8192,0.9133,0.8147,0.0045,8.5921,74.27,1.0884,Low,0,2,0.618,On Track
11,4,0.3468,0.3808,0.4663,-0.1195,8.5784,30.6,1.0974,Low,0,2,0.716,At Risk
13,2,0.1627,0.2286,0.2154,-0.0527,9.2845,3.0,4.068,High,2,2,0.785,At Risk
13,5,0.4193,0.3459,0.1404,0.2788,35.6101,46.89,0.8754,Low,0,11,0.83,On Track
5,2,0.4278,0.3386,0.5007,-0.073,3.994,84.41,0.5009,Low,0,7,0.572,At Risk
12,3,0.2094,0.0889,0.2109,-0.0015,14.2217,36.4,0.5599,High,2,2,0.958,At Risk
19,6,0.3071,0.0412,0.1396,0.1675,42.9684,31.91,0.9332,Medium,1,8,0.743,On Track
10,3,0.3461,0.4595,0.6028,-0.2567,4.9769,56.62,0.6007,High,2,11,0.742,At Risk
7,4,0.5654,0.4089,0.456,0.1094,8.7722,59.31,0.9374,Medium,1,3,0.519,On Track
12,9,0.7362,0.8781,0.6846,0.0517,13.1471,34.24,2.0891,Medium,1,7,0.943,On Track
13,0,0.0,0.0089,0.1225,-0.1225,0.0,3.0,0.0,High,2,2,0.747,At Risk
25,12,0.4829,0.5439,0.5764,-0.0935,20.8187,6.09,6.8136,Medium,1,9,0.464,At Risk
16,11,0.7065,0.8169,0.6051,0.1014,18.1796,57.07,1.2165,Medium,1,3,0.684,On Track
21,18,0.8643,0.9711,0.5857,0.2786,30.7333,29.8,2.8058,Medium,1,1,0.742,Excellent
18,11,0.6373,0.7861,0.5163,0.121,21.3055,62.52,1.0034,High,2,2,0.828,On Track
23,20,0.8776,0.8401,0.6721,0.2055,29.7577,45.51,1.887,Medium,1,12,0.892,On Track
8,5,0.6274,0.5382,0.6105,0.0169,8.1896,74.49,0.8311,Medium,1,11,0.791,On Track
4,2,0.5357,0.6661,0.5575,-0.0219,3.5872,64.59,0.8166,Medium,1,5,0.548,On Track
19,6,0.3141,0.406,0.282,0.0321,21.274,23.5,1.2821,High,2,1,0.784,On Track
13,8,0.6138,0.7724,0.4786,0.1351,16.7146,18.14,3.2072,Medium,1,1,0.456,On Track
6,3,0.4908,0.1433,0.3085,0.1824,9.7254,43.05,1.1143,Medium,1,9,0.872,On Track
25,20,0.8078,0.7503,0.526,0.2818,38.021,21.15,3.6472,Medium,1,4,0.585,On Track
19,9,0.4833,0.7153,0.3785,0.1048,23.7787,12.4,3.6058,High,2,7,0.957,On Track
8,1,0.1748,0.1675,0.3847,-0.2099,2.5995,54.89,0.3128,Medium,1,4,0.433,At Risk
24,9,0.3571,0.6002,0.1407,0.2164,63.9436,45.17,0.7735,High,2,4,0.775,At Risk
16,8,0.4987,0.5863,0.3947,0.1039,20.2663,79.35,0.6206,Medium,1,5,0.567,At Risk
24,22,0.9035,0.7093,0.7885,0.115,27.9025,25.25,3.4421,Medium,1,8,0.688,On Track
5,4,0.71,0.5635,0.6993,0.0107,5.7198,71.51,0.9792,Low,0,4,0.607,On Track
17,6,0.3606,0.2597,0.6603,-0.2996,9.087,49.43,0.7151,Medium,1,1,0.692,At Risk
25,15,0.5859,0.4668,0.739,-0.1531,20.2965,33.82,1.6825,High,2,4,0.741,At Risk
24,15,0.624,0.5903,0.6682,-0.0442,22.4468,51.51,1.1883,Medium,1,7,0.703,On Track
6,3,0.5168,0.3627,0.6037,-0.0869,4.969,37.59,1.3395,Medium,1,4,0.663,At Risk
16,12,0.7572,0.8741,0.7581,-0.0009,15.8291,50.75,1.463,Medium,1,2,0.638,On Track
20,12,0.5904,0.4552,0.7668,-0.1763,15.6501,46.3,1.2484,Low,0,11,0.77,At Risk
12,2,0.1582,0.2647,0.308,-0.1499,6.4925,26.84,0.5681,Low,0,6,0.797,At Risk
13,12,0.9213,0.8512,0.8053,0.116,14.9014,76.76,1.1847,Medium,1,4,0.929,On Track
11,2,0.2177,0.1029,0.2986,-0.0809,6.6983,34.38,0.6153,High,2,11,0.669,At Risk
24,1,0.0363,0.2544,0.3007,-0.2644,3.3257,31.64,0.1111,Medium,1,6,0.25,At Risk
10,5,0.5046,0.4573,0.3398,0.1648,14.7158,3.0,12.6146,High,2,1,0.565,On Track
15,3,0.2301,0.1686,0.391,-0.1608,7.6732,45.82,0.4916,Medium,1,7,0.765,At Risk
25,0,0.0,0.0262,0.1513,-0.1513,0.0,52.96,0.0,Low,0,7,0.898,At Risk
5,2,0.3714,0.5303,0.4133,-0.0419,4.8386,35.39,1.0208,Medium,1,3,0.793,On Track
5,2,0.3692,0.3127,0.2838,0.0854,7.0472,38.13,0.9434,High,2,2,0.777,On Track
4,1,0.139,0.0573,0.4279,-0.2889,2.337,59.9,0.2283,Low,0,9,0.409,At Risk
9,4,0.492,0.5926,0.4981,-0.0061,8.0302,20.82,2.2545,High,2,5,0.831,On Track
23,13,0.5757,0.8458,0.7243,-0.1485,17.9493,83.51,0.6812,Medium,1,2,0.844,At Risk
15,1,0.0621,0.0,0.3669,-0.3047,2.7258,17.31,0.3393,Medium,1,9,0.834,At Risk
24,13,0.5332,0.7834,0.5145,0.0187,25.2686,35.23,1.4718,High,2,8,0.771,On Track
11,1,0.1049,0.1748,0.1808,-0.0759,5.5311,52.73,0.1951,Medium,1,4,0.865,At Risk
6,5,0.7963,0.9333,0.6657,0.1305,7.5108,64.63,1.2132,Medium,1,11,0.25,On Track
18,5,0.2688,0.283,0.2648,0.004,18.8813,73.42,0.3612,High,2,10,0.451,At Risk
17,9,0.5121,0.5921,0.4006,0.1115,22.4643,43.3,1.1561,High,2,5,0.519,On Track
5,1,0.2651,0.33,0.1137,0.1513,8.7917,8.85,2.6908,High,2,10,0.843,On Track
18,6,0.3161,0.0,0.423,-0.1068,14.186,3.73,6.683,High,2,3,0.774,At Risk
7,6,0.9097,1.0,0.7169,0.1928,8.3695,70.64,1.2698,Low,0,2,0.786,On Track
18,5,0.2562,0.4199,0.4837,-0.2275,10.3374,74.07,0.3413,Medium,1,7,0.749,Delayed
7,4,0.5916,0.4532,0.5055,0.0862,7.9134,3.0,14.7907,High,2,11,0.626,On Track
24,11,0.4421,0.5467,0.2755,0.1666,39.9345,80.93,0.5396,Low,0,1,0.705,At Risk
25,18,0.7043,0.4812,0.745,-0.0407,24.1595,64.05,1.0827,Medium,1,3,0.457,On Track
21,17,0.813,0.8269,0.7293,0.0837,23.3115,39.19,2.0228,Medium,1,12,0.845,On Track
4,3,0.7224,0.9076,0.7521,-0.0297,3.9888,51.83,1.3672,Medium,1,12,0.708,On Track
5,2,0.3925,0.1987,0.4167,-0.0242,4.8001,51.94,0.7413,High,2,2,0.802,At Risk
13,10,0.7928,0.8635,0.8956,-0.1028,11.1662,66.56,1.1734,Medium,1,4,0.829,At Risk
4,3,0.7535,0.6083,0.5918,0.1617,5.0692,58.25,1.2716,Medium,1,4,0.785,On Track
21,2,0.1073,0.0404,0.1568,-0.0495,12.7582,46.61,0.2253,Medium,1,12,0.713,At Risk
11,3,0.2354,0.3089,0.2078,0.0276,14.437,41.18,0.5581,High,2,6,0.814,At Risk
8,6,0.7839,0.7799,0.8455,-0.0616,7.0961,39.97,1.9132,Low,0,12,0.921,At Risk
14,13,0.9469,1.0,0.8382,0.1088,15.5103,25.74,3.5411,Low,0,7,0.649,Excellent
25,0,0.0,0.0,0.129,-0.129,0.0,15.28,0.0,Low,0,5,0.836,At Risk
8,2,0.2921,0.0,0.1252,0.1669,15.9777,3.0,7.303,Medium,1,8,0.794,On Track
17,10,0.5759,0.601,0.7662,-0.1903,13.0519,42.77,1.3158,Medium,1,3,0.661,At Risk
3,2,0.5642,0.7121,0.7604,-0.1962,2.6301,21.05,2.5583,High,2,3,0.807,At Risk
5,1,0.1486,0.1336,0.3933,-0.2448,2.5423,81.01,0.1811,Medium,1,9,0.876,Delayed
16,10,0.6095,0.7057,0.5653,0.0442,17.6908,68.47,0.8774,High,2,4,0.565,On Track
23,2,0.0988,0.3402,0.2755,-0.1766,7.2607,3.68,2.1113,High,2,3,0.346,At Risk
24,24,0.99,1.0,0.7003,0.2897,34.2691,79.25,1.2336,Low,0,5,0.661,On Track
25,20,0.8007,0.8449,0.6159,0.1849,32.4732,19.38,3.9293,High,2,2,0.773,On Track
6,6,0.9411,0.8926,0.884,0.057,6.7871,38.19,2.4011,Medium,1,7,0.502,On Track
5,3,0.5396,0.6449,0.2893,0.2503,10.3713,50.78,1.042,Medium,1,11,0.747,On Track
10,6,0.5694,0.7038,0.6668,-0.0973,8.9985,3.0,14.2357,Medium,1,1,0.684,At Risk
7,6,0.8085,0.9376,0.455,0.3535,13.1867,48.41,1.6361,High,2,1,0.67,Excellent
14,1,0.0683,0.211,0.5237,-0.4555,1.9094,70.33,0.0957,Medium,1,2,0.734,Delayed
12,4,0.3516,0.1176,0.3917,-0.0401,10.2123,41.62,0.825,High,2,10,0.375,On Track
13,3,0.2316,0.0341,0.4963,-0.2647,6.0444,41.98,0.5388,Medium,1,12,0.581,At Risk
20,12,0.5823,0.5146,0.4698,0.1125,25.5452,59.54,0.9619,Medium,1,10,0.724,On Track
17,8,0.4826,0.5743,0.2713,0.2113,29.4925,67.26,0.707,Low,0,11,0.695,At Risk
21,15,0.703,0.6288,0.6063,0.0967,24.7391,28.85,2.3554,Medium,1,9,0.856,On Track
9,0,0.0517,0.1477,0.217,-0.1653,0.0,20.74,0.2376,Medium,1,5,0.716,At Risk
19,8,0.4102,0.4369,0.4292,-0.019,18.6398,52.74,0.7634,Medium,1,4,0.428,At Risk
18,13,0.7477,0.5911,0.5955,0.1522,21.8299,46.67,1.5685,Medium,1,12,0.846,On Track
13,13,0.99,0.8907,0.8352,0.1548,15.5649,42.81,2.26,High,2,3,0.912,Excellent
14,12,0.8661,0.8587,0.8261,0.04,14.5264,51.45,1.6512,Medium,1,6,0.775,On Track
19,4,0.2231,0.1641,0.4631,-0.24,8.6371,65.12,0.3375,Medium,1,9,0.417,At Risk
21,20,0.9388,1.0,0.7497,0.1891,26.6784,63.08,1.4651,Medium,1,4,0.812,On Track
22,12,0.5261,0.957,0.3344,0.1917,35.8896,15.94,3.1047,Medium,1,5,0.774,Excellent
24,6,0.2548,0.0376,0.0596,0.1952,100.6244,25.32,0.968,Low,0,9,0.718,On Track
7,5,0.6947,0.4212,0.5676,0.1271,8.8087,32.47,2.0754,Medium,1,9,0.886,On Track
3,2,0.8295,1.0,0.8541,-0.0246,2.3416,73.47,1.1138,Medium,1,7,0.684,On Track
16,6,0.3739,0.1846,0.4824,-0.1085,12.4387,30.77,1.1767,Low,0,11,0.852,At Risk
22,11,0.5077,0.3071,0.5658,-0.0581,19.4421,35.31,1.3983,High,2,3,0.933,At Risk
4,2,0.5219,0.7731,0.3845,0.1374,5.202,32.26,1.5689,Medium,1,9,0.292,On Track
12,2,0.1739,0.0259,0.1728,0.0011,11.5714,24.61,0.6793,Low,0,5,0.516,At Risk
6,3,0.489,0.5794,0.6365,-0.1474,4.7136,8.99,4.8959,Low,0,11,0.846,At Risk
25,17,0.6942,0.6022,0.6902,0.004,24.6301,81.02,0.8464,Medium,1,8,0.396,On Track
14,10,0.6854,0.5883,0.579,0.1064,17.2702,73.47,0.9204,Medium,1,9,0.947,On Track
18,14,0.7654,0.7721,0.5286,0.2369,26.486,37.46,1.9901,Low,0,4,0.872,On Track
25,15,0.6059,0.6242,0.6276,-0.0217,23.901,36.62,1.6104,High,2,9,0.608,On Track
20,8,0.4156,0.2732,0.0851,0.3305,94.052,46.86,0.8684,Medium,1,7,0.879,On Track
20,4,0.2201,0.1251,0.2392,-0.0191,16.7201,29.94,0.7115,Low,0,5,0.731,At Risk
12,6,0.4978,0.5118,0.3233,0.1745,18.5604,23.78,2.0086,Medium,1,7,0.856,On Track
25,12,0.4917,0.4455,0.4156,0.0761,28.8753,26.4,1.7945,High,2,1,0.838,On Track
11,3,0.2975,0.2086,0.3062,-0.0087,9.7989,26.17,1.095,Medium,1,8,0.631,On Track
13,5,0.3761,0.3037,0.3705,0.0056,13.4965,3.0,9.402,High,2,12,0.753,On Track
24,5,0.2048,0.2782,0.3188,-0.114,15.6839,31.1,0.6381,High,2,4,0.855,At Risk
17,7,0.4324,0.4804,0.4378,-0.0054,15.9905,69.8,0.6107,Low,0,6,0.497,At Risk
25,18,0.7387,0.5396,0.627,0.1117,28.7078,39.2,1.8375,Medium,1,5,0.808,On Track
17,6,0.3399,0.512,0.491,-0.1512,12.2189,28.38,1.1569,Medium,1,6,0.758,At Risk
5,0,0.0,0.0,0.3494,-0.3494,0.0,36.77,0.0,High,2,6,0.796,At Risk
23,5,0.2124,0.0389,0.112,0.1004,44.6528,38.51,0.5377,High,2,4,0.754,At Risk
10,5,0.542,0.5079,0.5418,0.0002,9.2284,52.58,1.0116,Low,0,7,0.912,On Track
23,14,0.6204,0.5004,0.6959,-0.0755,20.1189,7.01,7.7491,Medium,1,12,0.694,At Risk
24,21,0.8917,1.0,0.947,-0.0553,22.1753,74.56,1.1801,Medium,1,5,0.774,At Risk
23,3,0.1351,0.2221,0.2333,-0.0982,12.8563,54.76,0.2424,Medium,1,6,0.906,At Risk
25,24,0.9416,0.7348,0.8108,0.1308,29.6009,94.75,0.9834,High,2,1,0.482,On Track
11,8,0.722,0.9443,0.7019,0.0201,11.3978,34.25,2.0483,Medium,1,9,0.722,On Track
4,2,0.572,0.468,0.3198,0.2522,6.2534,25.77,2.1369,High,2,6,0.854,On Track
14,7,0.511,0.5267,0.663,-0.152,10.5584,59.74,0.8413,High,2,7,0.578,At Risk
4,3,0.6604,0.6829,0.519,0.1414,5.7803,51.79,1.251,High,2,7,0.592,On Track
22,6,0.2619,0.1717,0.3085,-0.0467,19.446,8.19,2.8509,High,2,9,0.717,On Track
24,2,0.067,0.0397,0.1902,-0.1233,10.5128,4.75,1.1656,Medium,1,5,0.836,At Risk
10,9,0.895,0.9692,0.5161,0.3789,17.4386,65.98,1.3363,Medium,1,6,0.71,On Track
13,4,0.338,0.3457,0.2523,0.0857,15.856,24.96,1.302,Medium,1,8,0.773,On Track
6,0,0.0058,0.0279,0.1401,-0.1343,0.0,56.4,0.0101,Medium,1,12,0.736,At Risk
8,4,0.4889,0.5427,0.4267,0.0622,9.3745,45.71,1.0465,High,2,8,0.704,On Track
6,5,0.8181,1.0,0.7025,0.1156,7.1171,38.72,2.0597,Medium,1,6,0.932,Excellent
9,5,0.5219,0.4346,0.7713,-0.2495,6.4823,59.64,0.8606,Medium,1,5,0.712,At Risk
18,11,0.6166,0.5423,0.6813,-0.0646,16.1465,61.19,0.9916,High,2,1,0.478,At Risk
25,25,0.99,1.0,0.8577,0.1323,29.1489,45.67,2.1212,Low,0,3,0.878,Excellent
13,13,0.99,1.0,0.8478,0.1422,15.333,45.5,2.129,High,2,7,0.636,Excellent
17,7,0.4341,0.5349,0.1988,0.2353,35.207,10.38,3.8136,Medium,1,5,0.622,On Track
16,7,0.4523,0.508,0.2469,0.2054,28.3528,60.71,0.7329,Low,0,3,0.886,At Risk
13,4,0.3076,0.5249,0.3782,-0.0706,10.5755,18.37,1.5879,Low,0,3,0.411,At Risk
23,13,0.5543,0.4422,0.4213,0.1331,30.8601,6.67,7.2254,Medium,1,3,0.629,On Track
25,7,0.2742,0.1626,0.5388,-0.2646,12.9916,36.49,0.7313,High,2,3,0.673,At Risk
14,6,0.4405,0.2868,0.2371,0.2034,25.3033,25.76,1.6464,Medium,1,5,0.6,On Track
4,1,0.1751,0.1615,0.2322,-0.0571,4.3064,44.62,0.3838,High,2,11,0.742,At Risk
10,5,0.5197,0.741,0.442,0.0778,11.3131,28.42,1.7663,Medium,1,6,0.62,On Track
4,3,0.8339,0.8448,0.6673,0.1665,4.4956,71.89,1.1439,Medium,1,3,0.852,On Track
4,3,0.729,0.8691,0.3854,0.3436,7.7848,12.7,5.3223,Low,0,7,0.964,Excellent
16,10,0.6516,0.5033,0.3196,0.332,31.2859,77.0,0.8354,Low,0,4,0.618,On Track
7,5,0.6513,0.5376,0.5588,0.0924,8.9475,25.7,2.4388,High,2,6,0.605,On Track
19,7,0.3699,0.4936,0.5264,-0.1566,13.2968,38.6,0.934,Low,0,2,0.775,At Risk
6,4,0.6425,0.6797,0.5902,0.0523,6.7778,72.89,0.8695,High,2,5,0.811,On Track
17,8,0.4884,0.5542,0.6375,-0.1491,12.5492,49.83,0.9609,Medium,1,9,0.681,At Risk
15,2,0.1448,0.1143,0.2455,-0.1007,8.147,32.3,0.4349,High,2,10,0.965,At Risk
11,10,0.9132,1.0,0.7627,0.1505,13.1117,36.24,2.4525,Low,0,1,0.833,Excellent
15,15,0.99,0.8437,0.7453,0.2447,20.1262,57.16,1.7022,Medium,1,7,0.63,On Track
8,7,0.8595,0.8345,0.7931,0.0664,8.8265,14.79,5.4436,Medium,1,7,0.933,On Track
3,1,0.2191,0.1278,0.308,-0.0889,3.2471,6.82,2.8009,High,2,12,0.531,At Risk
14,6,0.4472,0.3374,0.287,0.1602,20.9073,77.86,0.5671,Medium,1,2,0.833,At Risk
13,7,0.5081,0.5757,0.4093,0.0988,17.1035,31.38,1.569,Medium,1,6,0.64,On Track
7,5,0.6907,0.895,0.8591,-0.1684,5.8199,64.0,1.0627,High,2,11,0.552,At Risk
4,1,0.3081,0.0945,0.3772,-0.0691,2.651,16.09,1.8022,Low,0,10,0.616,At Risk
25,5,0.2156,0.3343,0.1768,0.0389,28.2859,3.0,5.3909,Low,0,4,0.493,On Track
9,8,0.9047,0.651,0.7561,0.1486,10.5803,112.47,0.7973,Medium,1,1,0.873,At Risk
21,17,0.7889,0.5951,0.9019,-0.1131,18.8489,63.96,1.2144,Low,0,11,0.308,At Risk
21,16,0.7665,0.8208,0.5878,0.1786,27.2188,46.49,1.6138,Medium,1,10,0.593,On Track
10,6,0.6263,0.3987,0.5213,0.105,11.5097,40.88,1.4957,Medium,1,5,0.741,On Track
6,2,0.2718,0.4244,0.5508,-0.279,3.6313,25.44,1.0278,Medium,1,4,0.751,At Risk
25,14,0.5614,0.3334,0.5691,-0.0077,24.5981,3.0,14.0358,High,2,4,0.741,On Track
10,6,0.6015,0.6245,0.5761,0.0254,10.4143,38.83,1.5101,High,2,8,0.759,On Track
21,4,0.1997,0.0538,0.2443,-0.0446,16.3756,11.91,1.5461,High,2,10,0.631,On Track
13,7,0.5504,0.6558,0.5425,0.0079,12.9033,4.73,9.6047,High,2,2,0.738,On Track
4,2,0.4181,0.3941,0.311,0.1071,6.4311,66.79,0.6168,High,2,10,0.869,At Risk
13,5,0.4175,0.4987,0.4478,-0.0303,11.1652,6.81,5.3489,Medium,1,9,0.574,On Track
23,7,0.3032,0.3941,0.2487,0.0546,28.1481,6.13,4.2507,High,2,10,0.871,On Track
5,4,0.8002,0.7507,0.6368,0.1634,6.2819,21.59,3.5424,Medium,1,9,0.63,On Track
17,3,0.1706,0.302,0.2937,-0.1231,10.2145,32.88,0.5036,Medium,1,2,0.429,At Risk
10,9,0.8982,0.7582,0.834,0.0641,10.7907,83.06,1.0685,High,2,4,0.723,On Track
17,12,0.6831,0.6991,0.4755,0.2076,25.2375,21.0,3.1044,Medium,1,5,0.805,On Track
16,8,0.4743,0.6203,0.4495,0.0247,17.7963,50.16,0.9271,Medium,1,6,0.871,On Track
3,3,0.9037,0.9447,0.7008,0.2028,4.2807,78.76,1.133,High,2,4,0.742,On Track
6,5,0.8835,0.7947,0.7881,0.0954,6.3443,41.38,2.0847,Medium,1,6,0.863,On Track
15,7,0.4797,0.4447,0.3772,0.1026,18.5594,61.94,0.7621,Medium,1,4,0.806,At Risk
23,23,0.99,0.8028,0.8835,0.1065,26.0325,30.22,3.1713,High,2,7,0.674,On Track
10,0,0.0225,0.0,0.3121,-0.2896,0.0,25.75,0.0841,Low,0,6,0.899,At Risk
21,16,0.7659,0.7722,0.7479,0.018,21.3932,25.7,2.8685,Low,0,4,0.765,On Track
15,8,0.5589,0.7775,0.4406,0.1183,18.157,28.36,1.9034,Low,0,11,0.777,On Track
4,3,0.7666,0.6783,0.7264,0.0402,4.1299,50.13,1.4993,Medium,1,9,0.643,On Track
20,14,0.6824,0.7079,0.7042,-0.0218,19.8798,82.44,0.8178,High,2,5,0.761,On Track
11,4,0.4065,0.6667,0.5754,-0.1689,6.9515,30.61,1.2863,Medium,1,8,0.811,At Risk
25,2,0.0868,0.1279,0.2867,-0.2,6.9749,35.28,0.2392,High,2,8,0.868,At Risk
17,7,0.4309,0.4262,0.5681,-0.1372,12.3221,3.0,10.7717,High,2,1,0.781,At Risk
4,2,0.6087,0.5105,0.6056,0.0032,3.3027,49.52,1.205,High,2,11,0.761,On Track
15,15,0.981,0.8658,0.9115,0.0695,16.4563,47.38,2.0276,Low,0,8,0.855,On Track
10,0,0.0,0.2009,0.0603,-0.0603,0.0,32.77,0.0,Medium,1,10,0.57,At Risk
22,12,0.5375,0.292,0.4684,0.0691,25.6203,48.67,1.082,High,2,3,0.544,On Track
22,6,0.2531,0.3411,0.2394,0.0137,25.0586,3.0,6.3284,High,2,8,0.74,On Track
20,12,0.5913,0.4074,0.5867,0.0046,20.4538,62.96,0.9244,Medium,1,7,0.784,On Track
8,6,0.7909,0.7692,0.6602,0.1306,9.0877,52.21,1.4863,Medium,1,2,0.821,On Track
11,9,0.7885,1.0,0.9171,-0.1286,9.8131,80.72,0.9649,Low,0,12,0.496,At Risk
17,0,0.0,0.0,0.1014,-0.1014,0.0,28.08,0.0,Medium,1,2,0.938,At Risk
12,10,0.7967,0.7434,0.7131,0.0836,14.0229,58.4,1.3414,Medium,1,8,0.586,On Track
9,1,0.1089,0.2056,0.1482,-0.0392,6.7493,42.65,0.2496,Medium,1,12,0.553,At Risk
3,1,0.3671,0.3812,0.3331,0.034,3.0021,85.94,0.4223,High,2,2,0.703,At Risk
5,3,0.5174,0.565,0.3787,0.1387,7.9214,42.65,1.1855,Low,0,2,0.459,On Track
8,1,0.1141,0.0,0.0498,0.0642,20.0635,14.41,0.7402,Low,0,6,0.836,At Risk
3,2,0.6395,0.4171,0.6407,-0.0012,3.1216,58.95,1.0667,Medium,1,7,0.763,On Track
16,5,0.2876,0.3862,0.5566,-0.269,8.9837,70.32,0.4033,Medium,1,9,0.745,Delayed
17,11,0.648,0.8683,0.5069,0.1411,21.7007,40.38,1.5658,Medium,1,5,0.572,Excellent
25,12,0.486,0.5743,0.5729,-0.087,20.945,90.93,0.5286,Low,0,6,0.703,At Risk
19,6,0.3242,0.2911,0.465,-0.1408,12.9025,29.68,1.0566,Medium,1,6,0.447,At Risk
25,9,0.3707,0.5925,0.6459,-0.2752,13.9346,76.23,0.48,High,2,3,0.629,At Risk
6,6,0.9186,1.0,0.8539,0.0647,7.0262,62.66,1.4429,Medium,1,9,0.717,On Track
19,9,0.4751,0.6631,0.5333,-0.0582,16.8756,36.58,1.2644,Medium,1,8,0.719,At Risk
6,0,0.0698,0.0,0.0352,0.0346,0.0,15.56,0.4215,Low,0,6,0.566,At Risk
12,0,0.0,0.0,0.1655,-0.1655,0.0,64.78,0.0,Medium,1,9,0.947,At Risk
9,8,0.9395,0.8919,0.9777,-0.0382,8.1825,81.91,1.1331,Low,0,4,0.64,On Track
15,11,0.7175,0.9836,0.7609,-0.0434,14.4561,56.83,1.2408,High,2,6,0.662,On Track
13,7,0.5398,0.3621,0.3922,0.1476,17.8488,54.45,0.9735,Medium,1,10,0.82,On Track
22,1,0.0652,0.1974,0.1323,-0.0671,7.5602,15.68,0.3907,High,2,9,0.717,At Risk
21,14,0.6673,0.8917,0.6373,0.0299,21.9665,40.98,1.5895,Low,0,5,0.759,On Track
12,11,0.9114,0.8716,0.8151,0.0963,13.4954,85.19,1.0574,High,2,2,0.503,On Track
22,12,0.5576,0.5396,0.4233,0.1343,28.3481,6.54,7.3915,Low,0,12,0.653,On Track
14,4,0.2592,0.4126,0.2146,0.0446,18.6385,47.4,0.5354,Low,0,2,0.642,At Risk
14,3,0.2154,0.2384,0.0491,0.1663,61.1486,27.17,0.7647,High,2,11,0.553,At Risk
20,9,0.4663,0.4906,0.3938,0.0724,22.8517,25.71,1.7455,Medium,1,11,0.595,On Track
13,10,0.7562,0.606,0.8112,-0.055,12.3275,38.21,1.9286,Medium,1,3,0.88,At Risk
13,9,0.7196,0.6178,0.7019,0.0177,12.8217,30.87,2.2576,High,2,11,0.864,On Track
6,3,0.4764,0.4188,0.4126,0.0638,7.2708,71.02,0.6614,Low,0,6,0.984,At Risk
8,3,0.3579,0.3831,0.3283,0.0295,9.1366,23.92,1.4363,High,2,7,0.656,On Track
3,0,0.095,0.1887,0.0962,-0.0012,0.0,34.45,0.2679,Low,0,6,0.752,At Risk
10,3,0.2978,0.3275,0.3275,-0.0297,9.159,11.53,2.3771,Medium,1,7,0.911,On Track
3,2,0.5202,0.5794,0.5046,0.0156,3.9637,11.8,4.0623,Medium,1,3,0.784,On Track
24,7,0.2786,0.166,0.2103,0.0683,33.2905,12.25,2.1021,High,2,4,0.688,On Track
24,7,0.2906,0.5089,0.4749,-0.1843,14.7406,48.78,0.5838,High,2,9,0.513,At Risk
17,8,0.4712,0.7634,0.5127,-0.0414,15.605,9.1,4.6678,Low,0,6,0.82,On Track
15,9,0.5767,0.4225,0.7524,-0.1757,11.9617,62.31,0.9108,Medium,1,5,0.716,At Risk
10,2,0.1616,0.0,0.2098,-0.0482,9.5318,24.71,0.6286,Medium,1,3,0.867,At Risk
25,9,0.378,0.375,0.2537,0.1243,35.475,55.19,0.6727,High,2,8,0.63,At Risk
8,4,0.5559,0.4456,0.4669,0.089,8.5664,69.1,0.793,Medium,1,6,0.548,At Risk
4,1,0.2884,0.3725,0.4637,-0.1753,2.1567,72.46,0.3926,High,2,1,0.839,At Risk
15,4,0.2445,0.3407,0.3591,-0.1146,11.1399,44.99,0.5317,Medium,1,4,0.424,At Risk
13,7,0.5564,0.4148,0.5444,0.012,12.8578,86.7,0.6344,High,2,11,0.442,At Risk
15,3,0.1848,0.2328,0.0886,0.0962,33.8654,44.24,0.4085,Medium,1,11,0.898,At Risk
4,1,0.1821,0.2544,0.3082,-0.126,3.245,45.05,0.3955,Low,0,8,0.663,At Risk
20,11,0.5404,0.5859,0.597,-0.0566,18.4267,3.0,13.51,High,2,8,0.845,At Risk
9,1,0.0594,0.0,0.1757,-0.1163,5.6915,84.13,0.0698,Medium,1,9,0.841,At Risk
8,4,0.5552,0.4199,0.6302,-0.0749,6.3477,31.23,1.7226,Medium,1,2,0.99,At Risk
23,4,0.1878,0.2359,0.1476,0.0402,27.1041,65.58,0.2821,Medium,1,3,0.883,At Risk
25,11,0.4584,0.5779,0.3226,0.1357,34.0966,38.72,1.154,Low,0,3,0.67,On Track
11,6,0.555,0.7474,0.4548,0.1002,13.1921,43.27,1.2537,Medium,1,11,0.873,On Track
19,7,0.3621,0.2986,0.5578,-0.1957,12.5499,30.97,1.1325,High,2,3,0.853,At Risk
25,13,0.5046,0.6318,0.3345,0.1702,38.867,57.17,0.8675,Low,0,10,0.77,On Track
8,8,0.9769,0.9299,0.8914,0.0855,8.9747,61.53,1.5622,Medium,1,11,0.79,On Track
19,14,0.7424,0.8721,0.4537,0.2887,30.854,55.38,1.3167,Low,0,6,0.71,On Track
12,12,0.99,1.0,0.8122,0.1778,14.7752,30.52,3.1405,Medium,1,9,0.794,Excellent
20,3,0.1629,0.265,0.1884,-0.0256,15.9196,18.98,0.8153,High,2,3,0.868,On Track
25,17,0.6867,0.8002,0.8181,-0.1315,20.7797,92.24,0.7365,Low,0,8,0.918,At Risk
22,21,0.954,0.9855,0.4839,0.4701,43.4006,40.09,2.3216,High,2,2,0.869,Excellent
7,7,0.99,1.0,0.7525,0.2375,9.3019,35.67,2.6998,Low,0,5,0.809,Excellent
12,6,0.4764,0.5312,0.5265,-0.05,11.3969,28.36,1.6225,Medium,1,5,0.484,At Risk
24,19,0.7712,0.9344,0.6515,0.1197,29.1646,55.72,1.3597,Low,0,4,0.475,On Track
20,14,0.6839,0.8065,0.4714,0.2125,29.697,3.0,17.0978,Low,0,10,0.849,On Track
21,10,0.4618,0.5396,0.5476,-0.0858,18.2614,47.03,0.9613,Medium,1,4,0.603,At Risk
24,8,0.3541,0.3305,0.2474,0.1067,32.3352,18.08,1.8561,Medium,1,8,0.394,On Track
13,8,0.6431,0.7694,0.6742,-0.0311,11.8658,43.97,1.4303,Medium,1,10,0.816,On Track
7,4,0.5278,0.729,0.4342,0.0936,9.2118,47.29,1.093,Medium,1,6,0.928,On Track
18,6,0.3115,0.3082,0.2446,0.0669,24.5321,52.95,0.5774,Medium,1,8,0.987,At Risk
20,4,0.1828,0.2061,0.1558,0.027,25.6696,31.9,0.5556,High,2,3,0.331,At Risk
4,3,0.6902,0.9446,0.3985,0.2917,7.5288,22.32,2.96,Low,0,11,0.92,Excellent
6,0,0.0243,0.1713,0.1999,-0.1756,0.0,57.61,0.0414,Medium,1,2,0.41,At Risk
22,10,0.4718,0.2902,0.5311,-0.0592,18.83,3.0,11.796,High,2,10,0.65,At Risk
4,3,0.803,1.0,0.7632,0.0398,3.9306,50.59,1.5564,Medium,1,10,0.929,On Track
25,4,0.1775,0.4629,0.1829,-0.0054,21.8737,33.37,0.5164,High,2,9,0.727,At Risk
7,5,0.7443,0.8481,0.6906,0.0537,7.24,82.85,0.8877,High,2,5,0.789,On Track
5,5,0.99,1.0,0.9454,0.0446,5.2888,15.78,5.9001,High,2,3,0.517,On Track
19,10,0.509,0.4658,0.5402,-0.0312,18.5127,57.63,0.8681,Medium,1,1,0.663,On Track
3,1,0.3885,0.3611,0.3549,0.0336,2.8177,10.33,3.4274,Medium,1,10,0.815,On Track
10,6,0.5901,0.7098,0.3838,0.2063,15.6335,57.48,1.0091,High,2,8,0.936,On Track
5,4,0.7634,0.9433,0.7841,-0.0207,5.1015,68.92,1.0918,Medium,1,12,0.895,On Track
17,10,0.6114,0.6098,0.5512,0.0603,18.1425,15.89,3.6199,Low,0,9,0.843,On Track
10,1,0.1301,0.0887,0.2689,-0.1388,3.7187,12.18,0.9869,Medium,1,3,0.602,At Risk
9,7,0.8211,0.5089,0.5439,0.2772,12.8707,49.16,1.6371,High,2,6,0.645,On Track
23,2,0.0923,0.1122,0.3378,-0.2456,5.9198,85.48,0.1067,Low,0,6,0.661,Delayed
22,0,0.0,0.0,0.0858,-0.0858,0.0,15.9,0.0,Low,0,1,0.646,At Risk
7,4,0.6062,0.5488,0.5845,0.0217,6.8429,37.54,1.573,High,2,6,0.768,On Track
14,3,0.2427,0.0,0.2738,-0.031,10.9572,6.39,3.2863,Low,0,2,0.851,On Track
5,5,0.9816,0.8791,0.6394,0.3422,7.8203,83.04,1.1679,Medium,1,1,0.645,On Track
22,14,0.6379,0.8555,0.4434,0.1945,31.5756,54.5,1.1494,Low,0,12,0.604,On Track
6,5,0.7985,0.8164,0.7942,0.0042,6.2954,83.68,0.9429,High,2,1,0.875,On Track
8,5,0.6471,0.6648,0.8146,-0.1675,6.1377,42.13,1.5005,Medium,1,12,0.898,At Risk
12,5,0.3849,0.2439,0.4135,-0.0286,12.0914,43.93,0.8566,High,2,11,0.789,On Track
11,1,0.1053,0.0,0.3002,-0.1949,3.331,86.25,0.1207,Low,0,5,0.649,At Risk
5,4,0.7907,0.7965,0.7634,0.0273,5.2396,70.42,1.107,Low,0,4,0.82,On Track
17,13,0.7784,0.8392,0.593,0.1854,21.921,19.46,3.8043,Medium,1,10,0.519,On Track
11,5,0.4155,0.64,0.2471,0.1684,20.2382,20.11,1.9683,High,2,9,0.829,On Track
3,2,0.6103,0.4994,0.8031,-0.1928,2.4902,33.44,1.7721,High,2,1,0.607,At Risk
12,7,0.5622,0.5566,0.313,0.2493,22.3658,35.76,1.5295,Medium,1,4,0.872,On Track
12,4,0.2968,0.3686,0.2952,0.0015,13.548,45.74,0.6349,Low,0,2,0.88,At Risk
24,13,0.5492,0.3902,0.5986,-0.0494,21.7169,22.05,2.383,High,2,9,0.602,On Track
18,5,0.2591,0.2457,0.4978,-0.2387,10.045,57.01,0.4466,Medium,1,10,0.85,At Risk
22,2,0.0901,0.1777,0.2035,-0.1134,9.8268,24.33,0.3559,High,2,3,0.875,At Risk
15,9,0.6068,0.7192,0.508,0.0987,17.7154,31.9,1.8444,High,2,12,0.762,On Track
20,11,0.5441,0.5999,0.6685,-0.1244,16.4547,45.81,1.1625,Medium,1,8,0.758,At Risk
15,10,0.6374,0.8819,0.6034,0.034,16.5717,48.52,1.2871,High,2,8,0.792,On Track
9,4,0.4322,0.3515,0.4253,0.0069,9.4045,24.88,1.6701,Medium,1,4,0.817,On Track
11,6,0.5495,0.4934,0.6175,-0.068,9.7168,50.7,1.0628,High,2,5,0.685,At Risk
19,10,0.5318,0.3224,0.7958,-0.264,12.566,17.62,2.8556,Medium,1,4,0.615,At Risk
7,1,0.1843,0.2622,0.234,-0.0497,4.2741,43.77,0.4117,Medium,1,12,0.718,At Risk
12,9,0.7455,0.8077,0.7265,0.0189,12.3873,25.22,2.8433,Low,0,7,0.86,On Track
4,3,0.6817,0.8085,0.6713,0.0104,4.4692,64.51,1.0405,Medium,1,4,0.783,On Track
6,1,0.1152,0.0937,0.1898,-0.0745,5.2688,58.23,0.1946,Medium,1,4,0.877,At Risk
17,14,0.8308,0.9407,0.8217,0.0092,17.0382,74.05,1.1071,Low,0,6,0.764,On Track
17,10,0.5875,0.6997,0.5808,0.0067,17.2172,94.62,0.6145,High,2,9,0.44,At Risk
14,1,0.0948,0.045,0.4427,-0.348,2.2588,53.59,0.1736,High,2,9,0.724,At Risk
18,4,0.2412,0.1192,0.1869,0.0542,21.3973,64.57,0.3678,Low,0,1,0.747,At Risk
22,5,0.2181,0.0993,0.5588,-0.3407,8.9479,100.37,0.2152,Medium,1,12,0.486,Delayed
25,4,0.1403,0.2428,0.3072,-0.1669,13.022,3.0,3.5073,High,2,6,0.924,At Risk
15,2,0.1088,0.1252,0.1492,-0.0405,13.4018,47.19,0.2257,Medium,1,4,0.497,At Risk
8,3,0.4255,0.2489,0.5644,-0.1389,5.3154,88.35,0.4762,Medium,1,6,0.683,At Risk
18,1,0.0803,0.0031,0.3105,-0.2302,3.2209,58.28,0.1354,Low,0,12,0.486,At Risk
24,16,0.6706,0.626,0.5595,0.1111,28.5962,135.19,0.4924,Medium,1,7,0.888,At Risk
8,3,0.4208,0.2515,0.4158,0.0049,7.2146,40.61,1.0113,High,2,9,0.788,On Track
7,0,0.0,0.0,0.2043,-0.2043,0.0,46.45,0.0,Medium,1,7,0.714,At Risk
8,5,0.5987,0.7081,0.4824,0.1163,10.3639,18.25,3.1108,Medium,1,8,0.782,On Track
19,0,0.0,0.0578,0.318,-0.318,0.0,21.53,0.0,Low,0,4,0.894,At Risk
9,5,0.5422,0.6882,0.4824,0.0598,10.3649,34.36,1.5335,Low,0,11,0.944,On Track
10,3,0.2642,0.2454,0.4345,-0.1703,6.9039,39.01,0.6604,Low,0,6,0.677,At Risk
21,15,0.7053,0.6986,0.5339,0.1714,28.0957,4.1,13.8401,High,2,2,0.809,On Track
11,8,0.7595,0.837,0.6997,0.0598,11.4333,19.2,3.76,Medium,1,5,0.899,On Track
14,3,0.1926,0.1706,0.2388,-0.0462,12.5644,60.66,0.3123,Medium,1,11,0.825,At Risk
6,6,0.9235,0.3594,0.6216,0.3019,9.6519,23.8,3.7246,Low,0,8,0.773,On Track
12,4,0.3653,0.3973,0.2727,0.0926,14.6694,49.13,0.7287,Medium,1,7,0.59,At Risk
21,3,0.1635,0.0443,0.2895,-0.126,10.3615,20.19,0.7717,Low,0,10,0.932,At Risk
9,3,0.3692,0.679,0.5403,-0.1711,5.5523,44.81,0.8059,High,2,6,0.776,At Risk
16,0,0.0,0.0962,0.0691,-0.0691,0.0,8.8,0.0,Medium,1,1,0.697,At Risk
12,7,0.6133,0.8059,0.5537,0.0596,12.643,31.79,1.87,Low,0,5,0.913,On Track
7,4,0.5181,0.5339,0.2883,0.2299,13.8767,42.11,1.2018,Medium,1,9,0.781,On Track
20,20,0.99,1.0,0.9131,0.0769,21.9028,46.83,2.0696,High,2,10,0.783,On Track
21,11,0.5358,0.752,0.4664,0.0694,23.5842,32.06,1.6207,Low,0,11,0.502,On Track
7,2,0.2602,0.1513,0.4255,-0.1654,4.6999,44.41,0.573,Medium,1,12,0.797,At Risk
8,8,0.9764,0.8126,0.7974,0.179,10.0322,32.21,2.9403,Low,0,5,0.986,On Track
24,13,0.5354,0.6817,0.3851,0.1502,33.7552,24.87,2.0694,High,2,2,0.746,On Track
24,14,0.5946,0.5623,0.4215,0.1731,33.2132,41.91,1.3857,Low,0,7,0.837,On Track
17,11,0.6257,0.5189,0.4908,0.1349,22.4126,53.17,1.155,High,2,7,0.47,On Track
24,9,0.3569,0.1831,0.5064,-0.1495,17.7737,41.37,0.8424,Low,0,12,0.821,At Risk
16,5,0.328,0.2544,0.0979,0.2301,51.0561,39.5,0.8098,Medium,1,4,0.725,On Track
6,1,0.1742,0.3277,0.0478,0.1264,20.9113,29.54,0.5704,Low,0,3,0.803,At Risk
16,10,0.6174,0.6032,0.8465,-0.2291,11.8128,18.04,3.2419,High,2,3,0.64,At Risk
19,14,0.7145,0.8199,0.662,0.0525,21.1493,40.96,1.7029,Medium,1,3,0.93,On Track
13,5,0.3851,0.2592,0.4726,-0.0875,10.5791,52.15,0.7246,Medium,1,4,0.635,At Risk
23,5,0.2113,0.1245,0.283,-0.0716,17.6706,10.22,1.8841,Medium,1,7,0.734,At Risk
15,5,0.3027,0.0433,0.5745,-0.2718,8.7028,36.95,0.7977,Low,0,5,0.779,At Risk
7,4,0.5106,0.4721,0.3945,0.1161,10.1393,102.12,0.4951,Medium,1,2,0.931,At Risk
8,3,0.3284,0.4661,0.5351,-0.2067,5.6068,46.78,0.6872,High,2,12,0.766,At Risk
21,1,0.0703,0.0,0.1852,-0.1149,5.4004,55.81,0.1237,Low,0,4,0.716,At Risk
8,3,0.4187,0.5439,0.453,-0.0343,6.6222,31.44,1.2908,High,2,8,0.957,On Track
21,7,0.3459,0.2573,0.4479,-0.102,15.6288,6.88,4.3919,Medium,1,9,0.392,At Risk
9,8,0.8757,0.6518,0.8142,0.0615,9.8259,64.06,1.3459,Low,0,8,0.813,On Track
23,19,0.8219,0.7654,0.6633,0.1586,28.6454,57.81,1.3975,Medium,1,9,0.502,On Track
18,17,0.9254,0.8656,0.8758,0.0496,19.4111,37.38,2.4107,Low,0,2,0.965,On Track
3,1,0.3916,0.5019,0.2498,0.1418,4.0039,56.22,0.6844,Medium,1,4,0.715,At Risk
17,7,0.4181,0.1923,0.13,0.2881,53.8515,53.69,0.7645,Medium,1,1,0.628,At Risk
23,18,0.7689,0.5314,0.7316,0.0374,24.6043,90.9,0.8368,Low,0,10,0.703,On Track
6,4,0.7442,0.8958,0.5427,0.2016,7.3707,45.46,1.6018,High,2,9,0.793,Excellent
16,10,0.6367,0.5081,0.4731,0.1636,21.1372,31.59,1.9538,Low,0,4,0.538,On Track
12,4,0.3238,0.2198,0.3455,-0.0216,11.5783,61.97,0.5143,Medium,1,11,0.621,At Risk
22,3,0.1237,0.1246,0.348,-0.2243,8.6205,35.64,0.3376,Medium,1,4,0.568,At Risk
21,6,0.3093,0.3774,0.4012,-0.092,14.9542,33.81,0.8884,Low,0,3,0.649,At Risk
23,9,0.3771,0.3498,0.4169,-0.0398,21.5899,19.29,1.8587,Medium,1,6,0.546,On Track
14,14,0.99,0.9107,0.7489,0.2411,18.695,62.91,1.5491,Low,0,2,0.786,On Track
18,0,0.0,0.0989,0.2229,-0.2229,0.0,26.34,0.0,Low,0,2,0.682,At Risk
23,18,0.7676,0.7477,0.6425,0.1252,28.0169,28.86,2.5704,Medium,1,3,0.314,On Track
25,14,0.5458,0.8203,0.6532,-0.1074,21.4313,60.98,0.8807,Low,0,5,0.672,At Risk
7,0,0.0,0.0,0.0901,-0.0901,0.0,3.0,0.0,High,2,5,0.718,At Risk
20,9,0.4568,0.5479,0.3081,0.1488,29.214,63.99,0.7029,Low,0,12,0.798,At Risk
6,3,0.4295,0.2335,0.4134,0.0161,7.2563,69.49,0.6093,Low,0,1,0.73,At Risk
21,16,0.7649,0.7744,0.5887,0.1762,27.1774,3.0,19.1224,High,2,1,0.477,On Track
9,2,0.2331,0.0,0.1267,0.1065,15.7915,46.2,0.4939,Medium,1,4,0.732,At Risk
9,6,0.7023,0.724,0.815,-0.1127,7.3622,45.97,1.495,Medium,1,2,0.475,At Risk
11,5,0.4286,0.5232,0.3143,0.1143,15.9087,14.28,2.8047,Low,0,5,0.718,On Track
5,2,0.4754,0.3234,0.405,0.0704,4.9383,29.46,1.5608,Medium,1,5,0.664,On Track
18,3,0.1931,0.2089,0.4226,-0.2296,7.0982,16.81,1.0841,Medium,1,3,0.928,At Risk
11,0,0.0033,0.0,0.09,-0.0867,0.0,45.26,0.007,Medium,1,1,0.776,At Risk
12,2,0.1382,0.1032,0.2827,-0.1445,7.0755,3.0,3.4538,High,2,8,0.395,At Risk
10,0,0.0,0.0591,0.0523,-0.0523,0.0,22.4,0.0,Low,0,6,0.904,At Risk
10,8,0.7811,0.5485,0.6529,0.1282,12.2526,50.65,1.5123,Medium,1,12,0.842,On Track
16,9,0.5643,0.64,0.6324,-0.0681,14.2306,64.19,0.8657,High,2,2,0.505,At Risk
10,9,0.8672,0.8967,0.7488,0.1184,12.0198,40.59,2.085,Medium,1,1,0.582,Excellent
6,2,0.3844,0.213,0.3236,0.0608,6.1811,44.05,0.8532,Low,0,6,0.804,On Track
6,2,0.3635,0.2872,0.4927,-0.1292,4.0594,51.3,0.695,High,2,8,0.702,At Risk
25,16,0.6222,0.7408,0.5165,0.1057,30.9756,39.05,1.5536,High,2,8,0.546,On Track
3,2,0.5651,0.8292,0.7369,-0.1718,2.7142,36.05,1.5252,Medium,1,4,0.409,At Risk
9,6,0.637,0.6734,0.4597,0.1773,13.0526,15.5,3.8614,High,2,6,0.565,On Track
4,2,0.5299,0.5245,0.4301,0.0998,4.6504,60.94,0.8554,Medium,1,6,0.523,On Track
15,8,0.5525,0.3535,0.582,-0.0295,13.7451,64.4,0.8448,High,2,7,0.537,On Track
23,14,0.6209,0.4146,0.6249,-0.004,22.4028,37.11,1.6293,High,2,9,0.608,On Track
15,14,0.9133,0.904,0.9276,-0.0144,15.0921,52.28,1.7141,High,2,4,0.778,On Track
12,2,0.1964,0.1573,0.4573,-0.2609,4.3735,36.66,0.5214,Medium,1,7,0.739,At Risk
5,3,0.6573,0.5491,0.7337,-0.0764,4.0887,56.92,1.1349,High,2,10,0.466,At Risk
19,7,0.3873,0.2487,0.4632,-0.0759,15.1122,81.94,0.467,Medium,1,12,0.555,At Risk
17,17,0.99,1.0,0.9623,0.0277,17.6668,39.78,2.4279,High,2,11,0.951,On Track
16,5,0.3251,0.357,0.3287,-0.0036,15.2128,71.98,0.4454,High,2,10,0.898,At Risk
19,12,0.6475,0.5249,0.5052,0.1423,23.7542,37.67,1.6745,High,2,8,0.742,On Track
11,2,0.1412,0.2364,0.2421,-0.1009,8.2595,15.64,0.8488,Low,0,3,0.89,At Risk
16,3,0.1865,0.2165,0.2842,-0.0977,10.5551,24.07,0.7437,Medium,1,7,0.867,At Risk
9,1,0.1075,0.1839,0.1734,-0.0658,5.7676,23.64,0.4365,Medium,1,11,0.644,At Risk
4,3,0.868,0.9031,0.8817,-0.0137,3.4027,56.1,1.52,Low,0,9,0.723,On Track
9,8,0.8976,1.0,0.758,0.1396,10.5536,3.0,22.4408,High,2,8,0.806,Excellent
21,14,0.6573,0.5071,0.6622,-0.005,21.1402,56.94,1.1344,Low,0,4,0.672,On Track
20,8,0.4065,0.3297,0.3684,0.038,21.7138,55.42,0.7205,Low,0,9,0.949,At Risk
6,3,0.4343,0.8233,0.3516,0.0827,8.5317,39.82,1.064,Medium,1,2,0.754,On Track
24,11,0.456,0.5443,0.5243,-0.0684,20.9793,37.35,1.1888,Low,0,6,0.68,At Risk
16,2,0.1012,0.2416,0.3015,-0.2003,6.6343,39.75,0.2482,High,2,1,0.899,At Risk
3,0,0.0644,0.0,0.1582,-0.0938,0.0,18.73,0.3265,Medium,1,5,0.839,At Risk
23,7,0.289,0.3089,0.0943,0.1946,74.2107,51.6,0.5494,Low,0,8,0.94,At Risk
23,3,0.1258,0.1871,0.185,-0.0592,16.2174,15.6,0.7578,High,2,3,0.884,At Risk
9,3,0.3874,0.1998,0.4261,-0.0387,7.0404,50.21,0.7564,Low,0,8,0.76,At Risk
7,6,0.823,0.8734,0.9229,-0.0999,6.5013,20.39,3.8475,Low,0,5,0.381,At Risk
16,11,0.6907,0.6285,0.7105,-0.0198,15.4816,69.84,0.9751,Low,0,12,0.9,On Track
23,20,0.8513,0.97,0.7059,0.1454,28.3342,31.39,2.6287,Low,0,12,0.521,Excellent
9,2,0.1676,0.1077,0.3267,-0.1591,6.1218,50.13,0.3277,Medium,1,3,0.895,At Risk
23,14,0.6081,0.4684,0.6121,-0.004,22.8734,69.01,0.8685,High,2,7,0.642,On Track
24,12,0.5044,0.3153,0.5152,-0.0109,23.2915,71.81,0.6927,Medium,1,1,0.363,At Risk
24,15,0.6427,0.7494,0.4136,0.2291,36.2635,67.01,0.9451,Medium,1,5,0.859,On Track
3,3,0.9492,0.7219,0.8107,0.1385,3.7004,65.44,1.4287,Low,0,7,0.481,On Track
17,12,0.7221,0.6155,0.6439,0.0783,18.6374,57.82,1.2277,Low,0,12,0.856,On Track
13,6,0.4455,0.4901,0.341,0.1045,17.5962,21.0,2.025,High,2,9,0.435,On Track
22,10,0.4336,0.5454,0.4532,-0.0196,22.0669,69.24,0.6173,Medium,1,4,0.718,At Risk
13,8,0.5977,0.4197,0.4464,0.1513,17.9212,48.4,1.2098,High,2,2,0.92,On Track
7,3,0.3872,0.3593,0.1942,0.1929,15.445,20.18,1.828,Medium,1,1,0.905,On Track
24,6,0.2531,0.4,0.5699,-0.3168,10.5289,58.43,0.4258,Medium,1,2,0.507,At Risk
12,6,0.4677,0.733,0.6304,-0.1627,9.518,80.1,0.5767,Medium,1,1,0.872,At Risk
12,8,0.7004,0.6293,0.6626,0.0378,12.0741,54.73,1.2569,Medium,1,5,0.672,On Track
20,18,0.878,0.788,0.9036,-0.0256,19.9197,58.58,1.4736,High,2,12,0.809,On Track
8,3,0.4281,0.3383,0.2602,0.1679,11.5291,31.02,1.3373,Low,0,2,0.709,On Track
5,5,0.99,0.6613,0.7041,0.2859,7.1011,52.91,1.8365,High,2,12,0.618,On Track
23,10,0.4299,0.0962,0.2874,0.1425,34.795,12.18,3.2621,High,2,2,0.795,On Track
12,0,0.0,0.0,0.0842,-0.0842,0.0,24.6,0.0,Low,0,1,0.25,At Risk
14,2,0.1547,0.3492,0.2693,-0.1146,7.4278,5.97,2.218,High,2,12,0.862,At Risk
8,6,0.8122,1.0,0.8322,-0.0201,7.2096,97.45,0.8249,High,2,10,0.717,On Track
15,4,0.2513,0.2368,0.3347,-0.0833,11.9522,33.22,0.7344,High,2,11,0.521,At Risk
19,2,0.0964,0.1201,0.4579,-0.3615,4.3677,66.24,0.1434,High,2,12,0.811,At Risk
16,16,0.9777,0.8735,0.4615,0.5162,34.6667,54.37,1.766,Medium,1,2,0.602,On Track
6,4,0.7436,0.6839,0.608,0.1356,6.5793,19.26,3.6702,Medium,1,9,0.676,On Track
17,10,0.5782,0.7078,0.7054,-0.1272,14.1764,27.76,2.0107,Low,0,5,0.607,At Risk
18,11,0.6275,0.5786,0.5904,0.037,18.6301,43.51,1.4099,High,2,8,0.33,On Track
15,4,0.2518,0.2894,0.3193,-0.0675,12.5279,46.08,0.5347,Medium,1,2,0.705,At Risk
16,7,0.4357,0.1065,0.3258,0.1099,21.4857,20.73,2.0055,Medium,1,4,0.75,On Track
15,10,0.6471,0.6827,0.6409,0.0063,15.6035,56.55,1.1246,Medium,1,4,0.774,On Track
13,12,0.9468,0.8008,0.9551,-0.0083,12.5641,54.05,1.7198,High,2,8,0.829,On Track
23,6,0.2638,0.0961,0.3823,-0.1185,15.6942,49.43,0.5231,Low,0,12,0.798,At Risk
15,10,0.673,0.3557,0.427,0.246,23.4166,61.4,1.0786,Low,0,7,0.968,On Track
19,19,0.99,1.0,0.7814,0.2086,24.3151,3.0,24.75,Medium,1,9,0.624,Excellent
11,4,0.3246,0.3666,0.3593,-0.0347,11.1328,23.56,1.322,Medium,1,2,0.848,On Track
21,18,0.8611,0.9561,0.7666,0.0944,23.4788,30.49,2.7342,High,2,1,0.789,On Track
23,11,0.4815,0.4185,0.8275,-0.346,13.2932,68.14,0.6964,Medium,1,8,0.472,At Risk
11,3,0.2694,0.3933,0.218,0.0514,13.7593,52.49,0.5038,Medium,1,4,0.856,At Risk
7,1,0.0723,0.3034,0.3167,-0.2444,3.158,26.94,0.2587,High,2,8,0.621,At Risk
15,8,0.55,0.2403,0.6513,-0.1013,12.2834,27.87,1.9049,High,2,10,0.692,At Risk
11,1,0.0841,0.0,0.1038,-0.0198,9.6296,31.66,0.2574,Low,0,6,0.809,At Risk
7,1,0.1078,0.0221,0.2279,-0.1202,4.3877,3.0,2.6938,Low,0,10,0.867,At Risk
19,5,0.2887,0.2795,0.3726,-0.084,13.4181,14.03,1.9212,High,2,3,0.973,At Risk
16,12,0.7806,0.7543,0.7603,0.0203,15.7842,80.77,0.9546,High,2,3,0.895,On Track
11,6,0.518,0.5068,0.5566,-0.0385,10.7805,41.98,1.2052,Low,0,4,0.792,On Track
6,3,0.4952,0.4375,0.2183,0.277,13.7451,39.77,1.2148,High,2,9,0.882,On Track
3,1,0.2125,0.2647,0.3592,-0.1467,2.784,64.5,0.3245,Medium,1,7,0.476,At Risk
5,2,0.4592,0.3515,0.4317,0.0275,4.6327,29.91,1.4856,Medium,1,1,0.513,On Track
22,17,0.7573,0.6514,0.4564,0.3009,37.2492,38.24,1.9297,Medium,1,8,0.781,On Track
24,19,0.7904,0.6022,0.6657,0.1247,28.5419,113.04,0.693,Medium,1,5,0.731,At Risk
21,7,0.3513,0.34,0.3045,0.0468,22.9885,44.49,0.7723,Low,0,8,0.849,At Risk
25,21,0.8219,0.6685,0.8463,-0.0244,24.815,58.35,1.3848,Medium,1,2,0.62,On Track
6,3,0.4869,0.2974,0.4184,0.0685,7.1704,14.31,3.1813,Low,0,2,0.84,On Track
15,13,0.853,1.0,0.743,0.11,17.4965,60.41,1.3891,Medium,1,5,0.945,On Track
19,14,0.711,0.9305,0.6608,0.0502,21.1873,50.05,1.3927,Medium,1,12,0.637,On Track
3,3,0.9442,1.0,0.6884,0.2558,4.3578,52.61,1.7613,Low,0,7,0.852,On Track
14,8,0.5735,0.883,0.772,-0.1985,10.3624,43.34,1.2933,Low,0,3,0.37,At Risk
18,10,0.5735,0.8216,0.4032,0.1703,24.8019,75.87,0.746,Medium,1,2,0.902,At Risk
3,3,0.9337,0.8994,0.6955,0.2382,4.3137,47.49,1.9254,Medium,1,1,0.643,Excellent
7,2,0.2772,0.3228,0.1578,0.1193,12.6722,34.09,0.7899,Medium,1,9,0.852,At Risk
10,2,0.2161,0.0,0.1459,0.0702,13.7085,43.24,0.4885,Low,0,11,0.749,At Risk
5,3,0.571,0.7647,0.6442,-0.0732,4.6566,39.17,1.4214,Medium,1,2,0.665,At Risk
20,9,0.4467,0.9386,0.5742,-0.1275,15.6735,86.67,0.5096,Medium,1,4,0.862,At Risk
22,13,0.5933,0.4036,0.5958,-0.0025,21.8203,10.07,5.3568,Low,0,9,0.627,On Track
5,4,0.7943,0.8765,0.7291,0.0653,5.4865,67.67,1.1567,Medium,1,3,0.796,On Track
12,3,0.2129,0.2623,0.1803,0.0326,16.6384,43.85,0.4747,Low,0,7,0.841,At Risk
17,13,0.7685,0.9772,0.8876,-0.1191,14.6469,74.03,1.0242,High,2,5,0.701,At Risk
21,5,0.2161,0.206,0.406,-0.1899,12.315,82.12,0.26,Medium,1,4,0.691,At Risk
13,7,0.5344,0.4362,0.5983,-0.0639,11.6996,33.69,1.5404,High,2,1,0.684,At Risk
21,7,0.3222,0.443,0.4619,-0.1398,15.1543,43.58,0.7227,Medium,1,12,0.625,At Risk
6,2,0.4071,0.2403,0.4773,-0.0702,4.1901,48.35,0.825,Low,0,9,0.849,At Risk
24,3,0.1349,0.1009,0.4306,-0.2958,6.9663,68.16,0.195,Low,0,7,0.74,At Risk
12,3,0.2522,0.1232,0.1521,0.1001,19.7263,68.34,0.3637,Medium,1,10,0.878,At Risk
4,1,0.1963,0.0305,0.2497,-0.0534,4.0049,56.49,0.3415,Low,0,2,0.735,At Risk
6,3,0.5417,0.6746,0.5876,-0.0459,5.1053,36.08,1.4611,High,2,7,0.593,On Track
5,2,0.44,0.6153,0.4576,-0.0176,4.3703,49.45,0.8722,Medium,1,10,0.616,On Track
25,13,0.5015,0.39,0.4961,0.0054,26.2028,55.19,0.8925,Low,0,4,0.821,On Track
21,0,0.0,0.0,0.2864,-0.2864,0.0,40.71,0.0,High,2,12,0.915,At Risk
11,9,0.8559,0.7491,0.8156,0.0403,11.0344,70.44,1.1982,Low,0,11,0.896,On Track
18,8,0.4175,0.3212,0.4444,-0.0269,18.0022,54.99,0.7456,Medium,1,5,0.637,At Risk
8,6,0.6934,0.8034,0.6494,0.044,9.2395,34.63,1.946,Medium,1,10,0.491,On Track
16,8,0.5264,0.3904,0.2779,0.2485,28.7884,28.86,1.7632,Medium,1,1,0.889,On Track
12,2,0.133,0.2939,0.4467,-0.3137,4.4772,33.11,0.3901,Medium,1,8,0.899,At Risk
21,9,0.4093,0.263,0.5695,-0.1603,15.8021,36.25,1.0988,Medium,1,6,0.797,At Risk
12,1,0.1224,0.1011,0.0835,0.0389,11.9732,36.3,0.3282,Medium,1,9,0.884,At Risk
11,9,0.7729,1.0,0.785,-0.0121,11.4648,46.05,1.6429,High,2,11,0.801,On Track
23,7,0.2937,0.4813,0.0256,0.2681,273.0613,37.16,0.7698,High,2,9,0.894,At Risk
5,3,0.6572,0.5748,0.3718,0.2854,8.0698,78.71,0.8244,Medium,1,2,0.52,On Track
19,3,0.1624,0.0971,0.4495,-0.2871,6.6741,54.71,0.2916,High,2,8,0.779,At Risk
13,9,0.6971,0.7922,0.6662,0.0309,13.5105,73.9,0.9307,Low,0,4,0.812,On Track
14,1,0.0879,0.1299,0.1045,-0.0166,9.5738,44.09,0.1949,High,2,2,0.759,At Risk
13,9,0.6608,0.646,0.4469,0.2139,20.1395,36.04,1.7839,High,2,9,0.496,On Track
19,14,0.7264,0.6081,0.5755,0.1509,24.3259,70.45,1.0166,High,2,5,0.547,On Track
12,4,0.3246,0.4205,0.138,0.1866,28.9873,48.21,0.6596,High,2,6,0.741,At Risk
10,5,0.4887,0.5385,0.668,-0.1793,7.4845,20.95,2.2262,High,2,7,0.568,At Risk
19,9,0.4538,0.2824,0.4457,0.0081,20.1933,43.23,1.0261,Low,0,5,0.539,On Track
22,1,0.0512,0.0649,0.1415,-0.0903,7.0694,27.72,0.1782,Medium,1,10,0.707,At Risk
10,0,0.0,0.0,0.1214,-0.1214,0.0,38.32,0.0,Low,0,7,0.717,At Risk
17,7,0.399,0.4679,0.6892,-0.2902,10.1573,46.34,0.8429,High,2,5,0.654,At Risk
22,8,0.3808,0.6617,0.3927,-0.0118,20.3727,26.35,1.3923,Medium,1,4,0.842,On Track
7,6,0.894,0.7099,0.7785,0.1155,7.7074,63.23,1.3917,Low,0,9,0.486,On Track
23,20,0.8645,0.8532,0.7673,0.0972,26.0663,69.15,1.2323,Low,0,3,0.915,On Track
20,4,0.2107,0.1666,0.2433,-0.0325,16.4433,47.73,0.4325,Low,0,1,0.494,At Risk
5,2,0.4014,0.3943,0.4234,-0.0219,4.7241,75.19,0.5269,High,2,5,0.989,At Risk
25,23,0.9124,0.8615,0.7264,0.186,31.6617,23.29,3.7558,Medium,1,3,0.833,Excellent
14,10,0.7186,0.5622,0.5358,0.1828,18.6648,57.92,1.2196,Medium,1,5,0.815,On Track
25,15,0.5916,0.5568,0.4453,0.1463,33.6863,62.12,0.9373,Medium,1,10,0.727,On Track
9,6,0.6514,0.7346,0.8276,-0.1762,7.2501,36.34,1.7446,High,2,7,0.755,At Risk
17,11,0.64,0.5056,0.7028,-0.0628,15.6508,79.5,0.7951,High,2,3,0.738,At Risk
25,13,0.5217,0.6896,0.5127,0.009,25.3559,44.65,1.143,Medium,1,11,0.408,On Track
6,3,0.4766,0.6682,0.2933,0.1833,10.2284,25.62,1.7904,High,2,5,0.483,On Track
24,0,0.0,0.0,0.2668,-0.2668,0.0,23.76,0.0,Medium,1,2,0.645,At Risk
8,1,0.1743,0.2919,0.3792,-0.2049,2.6373,23.45,0.713,Medium,1,8,0.576,At Risk
23,14,0.6049,0.5708,0.5748,0.0301,24.3549,66.74,0.8931,Low,0,11,0.549,On Track
19,12,0.6422,0.6875,0.752,-0.1098,15.9584,46.37,1.3556,Low,0,11,0.918,At Risk
16,16,0.99,0.9038,0.788,0.202,20.305,28.35,3.3732,High,2,1,0.868,Excellent
9,1,0.0845,0.1192,0.222,-0.1375,4.5051,3.0,2.1128,Medium,1,7,0.714,At Risk
15,6,0.3839,0.3104,0.3826,0.0013,15.6825,27.26,1.3584,High,2,11,0.752,On Track
16,8,0.506,0.4882,0.4015,0.1045,19.927,3.0,12.6494,Low,0,4,0.76,On Track
14,12,0.8927,0.6584,0.6798,0.2129,17.652,45.03,1.9393,Low,0,11,0.888,On Track
25,14,0.5498,0.8125,0.3802,0.1696,36.8214,59.55,0.908,Medium,1,9,0.575,On Track
23,11,0.4584,0.4549,0.6878,-0.2294,15.9936,54.51,0.8259,Medium,1,5,0.709,At Risk
15,11,0.7541,0.8465,0.6169,0.1372,17.8311,42.0,1.7538,Low,0,11,0.76,On Track
21,14,0.6486,0.4562,0.8069,-0.1583,17.3506,20.86,2.9666,High,2,7,0.619,At Risk
19,12,0.6311,0.742,0.6504,-0.0193,18.4499,25.4,2.3902,High,2,7,0.37,On Track
9,6,0.6703,0.4888,0.7847,-0.1145,7.6458,79.49,0.8328,High,2,7,0.732,At Risk
7,1,0.1236,0.025,0.4392,-0.3156,2.2769,17.43,0.6707,Low,0,9,0.773,At Risk
13,4,0.288,0.2284,0.4585,-0.1705,8.7238,55.65,0.5083,High,2,9,0.758,At Risk
17,11,0.6191,0.6916,0.685,-0.0659,16.0589,57.47,1.0588,Medium,1,1,0.705,At Risk
5,2,0.3094,0.4,0.1976,0.1118,10.1194,64.15,0.4749,Medium,1,4,0.359,At Risk
24,17,0.6957,0.6505,0.3725,0.3233,45.6419,28.1,2.3906,Medium,1,12,0.961,On Track
5,4,0.8223,0.6021,0.8657,-0.0434,4.6203,60.04,1.3472,Low,0,12,0.592,On Track
20,13,0.6359,0.4412,0.8819,-0.2461,14.7407,60.9,1.0273,Low,0,3,0.828,At Risk
14,5,0.3391,0.1994,0.2674,0.0718,18.7009,23.61,1.3782,Medium,1,5,0.848,On Track
17,6,0.3495,0.6483,0.3221,0.0275,18.6288,33.34,1.018,Low,0,8,0.865,On Track
13,5,0.3667,0.5194,0.3048,0.0618,16.4028,75.62,0.4786,Medium,1,5,0.689,At Risk
22,13,0.6101,0.5519,0.646,-0.0359,20.1251,45.81,1.3033,Medium,1,6,0.94,On Track
8,5,0.6272,0.6783,0.3767,0.2505,13.2729,39.88,1.5341,Medium,1,9,0.887,On Track
24,2,0.0898,0.0783,0.1261,-0.0363,15.8596,4.81,1.5455,Medium,1,3,0.706,On Track
8,2,0.1937,0.0614,0.469,-0.2753,4.2648,56.93,0.3343,Medium,1,2,0.955,At Risk
7,0,0.0132,0.0036,0.1197,-0.1065,0.0,16.48,0.0754,Medium,1,10,0.84,At Risk
19,3,0.1798,0.0358,0.6115,-0.4316,4.9061,107.05,0.1664,Medium,1,4,0.574,Delayed
18,11,0.6288,0.5837,0.5588,0.0699,19.6843,35.52,1.7217,Medium,1,6,0.855,On Track
6,2,0.3422,0.3062,0.5652,-0.2231,3.5385,67.64,0.4985,Medium,1,9,0.533,At Risk
7,2,0.2709,0.5734,0.2184,0.0524,9.1567,3.0,6.7716,Medium,1,3,0.837,On Track
25,6,0.2411,0.2842,0.1992,0.0419,30.1169,24.28,0.9537,Medium,1,9,0.452,On Track
10,6,0.5919,0.6336,0.7753,-0.1834,7.7385,3.0,14.7984,Medium,1,6,0.672,At Risk
12,7,0.5967,0.7206,0.7069,-0.1102,9.9025,60.77,0.966,Low,0,5,0.868,At Risk
5,3,0.5543,0.4825,0.471,0.0833,6.3695,22.52,2.357,Medium,1,5,0.366,On Track
9,0,0.0337,0.0961,0.2447,-0.211,0.0,25.02,0.1295,Medium,1,7,0.952,At Risk
3,2,0.7076,1.0,0.6845,0.0231,2.9219,66.28,1.0516,Low,0,7,0.652,On Track
10,8,0.8005,0.795,0.8095,-0.009,9.8829,46.29,1.6928,Medium,1,7,0.494,On Track
17,0,0.0,0.047,0.2203,-0.2203,0.0,87.92,0.0,Low,0,1,0.559,Delayed
17,5,0.2737,0.2474,0.788,-0.5143,6.3452,54.43,0.4938,Medium,1,11,0.25,At Risk
15,5,0.3257,0.1218,0.2015,0.1242,24.8081,3.0,8.1432,Low,0,1,0.769,On Track
6,3,0.5706,0.3671,0.6077,-0.0371,4.9368,45.83,1.2186,Low,0,4,0.651,On Track
15,7,0.4699,0.7992,0.357,0.1128,19.6066,33.59,1.3583,Low,0,5,0.846,On Track
10,3,0.3039,0.2261,0.512,-0.208,5.8597,39.87,0.7436,High,2,1,0.935,At Risk
21,10,0.4946,0.5278,0.5796,-0.085,17.2519,99.75,0.491,High,2,2,0.462,At Risk
17,11,0.6571,0.636,0.5074,0.1497,21.6781,17.61,3.5303,Medium,1,12,0.735,On Track
16,12,0.7444,0.4684,0.8613,-0.1169,13.9331,19.37,3.6549,High,2,10,0.796,At Risk
24,19,0.7983,0.8959,0.5096,0.2887,37.2839,40.52,1.9224,Low,0,9,0.875,Excellent
5,1,0.2561,0.4301,0.1669,0.0893,5.9926,38.88,0.6423,Low,0,4,0.79,At Risk
17,5,0.3013,0.2964,0.3678,-0.0665,13.5928,20.51,1.4013,Medium,1,5,0.642,At Risk
9,4,0.4024,0.5468,0.3295,0.0729,12.1396,24.91,1.5532,Low,0,1,0.8,On Track
14,8,0.5914,0.3602,0.6826,-0.0912,11.7202,88.28,0.6624,Medium,1,10,0.585,At Risk
4,4,0.99,0.9447,0.6802,0.3098,5.8809,73.41,1.3305,Low,0,2,0.621,On Track
21,15,0.7134,0.6956,0.5495,0.1639,27.2966,37.49,1.8534,High,2,1,0.511,On Track
23,22,0.965,0.9261,0.7577,0.2074,29.0363,53.81,1.7607,High,2,12,0.661,On Track
21,12,0.566,0.5706,0.4883,0.0777,24.575,66.63,0.8369,Medium,1,12,0.438,On Track
18,7,0.3746,0.3369,0.3864,-0.0118,18.1152,24.24,1.4843,Medium,1,9,0.912,On Track
7,3,0.4576,0.5432,0.4371,0.0204,6.8628,45.27,0.9889,Low,0,7,0.529,On Track
7,2,0.2223,0.0,0.494,-0.2717,4.0489,28.26,0.7599,High,2,9,0.711,At Risk
17,8,0.4484,0.5874,0.3465,0.1019,23.0851,48.76,0.9012,Medium,1,5,0.895,On Track
14,7,0.4894,0.4898,0.3966,0.0928,17.6491,3.0,12.2343,Medium,1,7,0.76,On Track
8,8,0.99,1.0,0.9386,0.0514,8.5234,91.67,1.0683,Medium,1,4,0.53,On Track
5,2,0.3397,0.2899,0.4654,-0.1257,4.2976,38.6,0.8579,High,2,12,0.68,At Risk
21,10,0.4754,0.4836,0.3759,0.0995,26.6028,30.74,1.4975,High,2,11,0.751,On Track
23,7,0.3089,0.0,0.1596,0.1493,43.8675,3.0,7.7218,Medium,1,6,0.843,On Track
22,10,0.4527,0.2908,0.706,-0.2533,14.1644,101.55,0.4414,Medium,1,7,0.821,Delayed
9,3,0.3528,0.4421,0.3332,0.0197,9.0046,45.47,0.7593,Low,0,5,0.741,At Risk
21,10,0.4588,0.3957,0.1463,0.3125,68.3651,3.0,11.4695,Medium,1,11,0.646,On Track
13,1,0.051,0.0773,0.2357,-0.1846,4.2434,69.89,0.072,High,2,1,0.763,At Risk
19,12,0.6181,0.6789,0.6156,0.0026,19.4938,17.77,3.2924,Medium,1,6,0.836,On Track
19,17,0.9039,0.8643,0.8314,0.0726,20.4486,55.82,1.5908,High,2,2,0.904,On Track
4,1,0.158,0.3985,0.1396,0.0184,7.1616,36.68,0.4194,Medium,1,6,0.72,At Risk
11,3,0.2368,0.2097,0.2935,-0.0567,10.2226,61.4,0.3795,Medium,1,12,0.752,At Risk
23,12,0.5214,0.6858,0.204,0.3173,58.8124,47.76,1.0693,High,2,5,0.619,On Track
24,18,0.7374,0.7065,0.8117,-0.0743,22.1751,33.43,2.1416,Medium,1,5,0.818,At Risk
16,6,0.3667,0.3628,0.358,0.0088,16.762,4.79,6.3374,Low,0,9,0.754,On Track
17,13,0.7359,0.837,0.824,-0.0882,15.7761,67.88,1.0684,Low,0,8,0.662,At Risk
17,15,0.9025,1.0,0.7585,0.144,19.7767,54.43,1.6283,Low,0,8,0.792,On Track
21,13,0.5999,0.4784,0.6888,-0.0889,18.8729,89.41,0.6635,High,2,6,0.924,At Risk
6,1,0.2374,0.2898,0.432,-0.1947,2.3146,85.54,0.2743,Low,0,12,0.92,At Risk
22,16,0.7245,0.5579,0.9345,-0.21,17.1218,47.84,1.4835,High,2,3,0.488,At Risk
6,3,0.4964,0.3007,0.4987,-0.0023,6.0154,47.44,1.0249,Medium,1,4,0.764,On Track
24,9,0.3822,0.2498,0.4803,-0.0981,18.7382,11.62,3.0275,High,2,11,0.595,At Risk
25,24,0.9785,0.988,0.789,0.1895,30.4191,59.38,1.6205,High,2,3,0.819,On Track
9,7,0.7755,0.6185,0.5957,0.1798,11.7506,54.43,1.3991,High,2,3,0.68,On Track
9,1,0.1026,0.0005,0.1389,-0.0363,7.202,17.3,0.5604,High,2,8,0.724,At Risk
24,17,0.6982,0.5543,0.6032,0.095,28.1834,43.64,1.5642,Low,0,6,0.735,On Track
9,5,0.5722,0.7482,0.7003,-0.1281,7.1401,29.98,1.8468,Low,0,6,0.869,At Risk
17,17,0.985,0.8982,0.7043,0.2807,24.1378,48.69,1.9825,High,2,8,0.559,Excellent
4,2,0.5574,0.5687,0.5616,-0.0042,3.561,35.28,1.5366,Medium,1,11,0.678,On Track
8,1,0.0783,0.0853,0.1068,-0.0285,9.3675,24.33,0.309,High,2,1,0.726,At Risk
8,3,0.3242,0.3974,0.5296,-0.2054,5.6642,40.26,0.7858,Low,0,8,0.795,At Risk
5,2,0.4861,0.5991,0.6528,-0.1667,3.0636,43.26,1.0984,Medium,1,2,0.853,At Risk
17,11,0.643,0.325,0.5457,0.0973,20.1585,42.31,1.4847,Medium,1,1,0.717,On Track
3,2,0.5326,0.3704,0.3637,0.1688,5.4989,50.85,1.0272,High,2,8,0.654,On Track
16,7,0.4558,0.2992,0.4715,-0.0157,14.8457,33.98,1.3029,Medium,1,9,0.824,On Track
5,3,0.6281,0.665,0.5081,0.12,5.9039,44.02,1.3953,Medium,1,7,0.678,On Track
10,7,0.6623,0.801,0.4598,0.2025,15.2226,26.38,2.4192,Medium,1,3,0.765,On Track
4,0,0.0,0.0,0.283,-0.283,0.0,9.27,0.0,Low,0,10,0.841,At Risk
16,7,0.4314,0.249,0.4251,0.0063,16.4661,82.5,0.5166,High,2,4,0.47,At Risk
13,3,0.1974,0.5662,0.4036,-0.2061,7.4339,14.11,1.3065,High,2,5,0.901,At Risk
23,15,0.6476,0.7566,0.5303,0.1173,28.2864,33.32,1.8869,High,2,8,0.618,On Track
16,5,0.3264,0.1804,0.6221,-0.2957,8.0368,23.19,1.3496,Low,0,7,0.908,At Risk
4,3,0.8042,1.0,0.8147,-0.0105,3.6823,19.2,3.9813,Medium,1,11,0.293,On Track
19,2,0.1272,0.1087,0.2562,-0.1291,7.805,47.33,0.2631,High,2,1,0.593,At Risk
13,7,0.544,0.5485,0.4584,0.0855,15.2689,46.84,1.137,Low,0,1,0.657,On Track
22,4,0.1675,0.2939,0.1221,0.0455,32.7723,54.22,0.3034,Medium,1,7,0.587,At Risk
9,4,0.4918,0.3714,0.6617,-0.1699,6.0452,39.6,1.2112,Low,0,4,0.838,At Risk
13,5,0.3536,0.5186,0.0861,0.2676,58.0895,38.01,0.9066,Medium,1,1,0.926,On Track
3,2,0.7198,0.7385,0.8713,-0.1515,2.2954,46.49,1.5155,High,2,2,0.407,At Risk
4,0,0.0568,0.0,0.4378,-0.381,0.0,13.35,0.3959,Medium,1,7,0.518,At Risk
18,18,0.99,0.81,0.7325,0.2575,24.5743,50.48,1.9231,Medium,1,12,0.873,On Track
18,10,0.5479,0.5761,0.7236,-0.1757,13.8194,74.11,0.7294,Low,0,6,0.772,At Risk
6,2,0.3699,0.2463,0.5104,-0.1405,3.9185,84.22,0.4341,Medium,1,10,0.669,At Risk
15,9,0.6208,0.9419,0.6126,0.0083,14.6916,12.88,4.4721,High,2,10,0.777,On Track
13,10,0.8057,0.6708,0.7058,0.0999,14.1687,75.64,1.0512,Low,0,1,0.513,On Track
15,14,0.9137,0.7973,0.6364,0.2773,21.998,4.53,16.5271,High,2,11,0.767,On Track
11,9,0.8011,0.7757,0.6831,0.118,13.1752,53.39,1.4729,High,2,7,0.923,On Track
22,18,0.8271,1.0,0.5851,0.2421,30.7656,62.56,1.3014,Low,0,2,0.902,On Track
18,17,0.9703,1.0,0.7545,0.2158,22.5304,86.42,1.1099,Low,0,9,0.544,On Track
19,12,0.6526,0.7495,0.7475,-0.0949,16.0543,37.18,1.7091,High,2,7,0.764,At Risk
6,5,0.7799,0.8481,0.3894,0.3905,12.84,49.56,1.5425,High,2,8,0.945,On Track
6,5,0.7728,0.8292,0.7822,-0.0094,6.3922,19.72,3.7304,High,2,7,0.869,On Track
24,6,0.2613,0.2692,0.5097,-0.2484,11.7726,69.69,0.3696,Medium,1,2,0.632,At Risk
18,10,0.5596,0.5801,0.6717,-0.112,14.8885,52.92,1.0378,Medium,1,12,0.958,At Risk
16,1,0.0587,0.0,0.1476,-0.0889,6.7756,11.17,0.4826,Low,0,9,0.595,At Risk
22,2,0.0683,0.2335,0.2286,-0.1603,8.7486,53.5,0.1253,High,2,1,0.744,At Risk
6,4,0.6451,0.6107,0.8375,-0.1924,4.7759,48.99,1.2906,High,2,12,0.838,At Risk
22,16,0.7211,0.905,0.8237,-0.1027,19.424,42.1,1.6731,Medium,1,8,0.935,At Risk
12,7,0.5537,0.513,0.6833,-0.1296,10.2437,34.87,1.5435,Medium,1,1,0.798,At Risk
22,9,0.4272,0.578,0.5514,-0.1242,16.3232,57.04,0.736,Medium,1,7,0.634,At Risk
24,0,0.0,0.0,0.301,-0.301,0.0,13.02,0.0,High,2,10,0.592,At Risk
11,11,0.99,1.0,0.9187,0.0713,11.9731,81.0,1.2073,Medium,1,11,0.882,On Track
3,2,0.6327,0.5557,0.518,0.1146,3.8607,38.6,1.5977,Low,0,8,0.672,On Track
10,9,0.9404,0.6906,0.686,0.2544,13.1203,17.92,4.9714,Medium,1,6,0.744,On Track
21,6,0.2904,0.273,0.3255,-0.035,18.4358,11.45,2.3336,High,2,8,0.48,On Track
15,10,0.6666,0.5848,0.5247,0.1419,19.0602,4.56,11.9827,High,2,2,0.597,On Track
12,5,0.4123,0.0942,0.3989,0.0134,12.5346,45.64,0.8841,Medium,1,11,0.795,On Track
22,6,0.2538,0.27,0.7388,-0.485,8.1211,67.46,0.3708,Low,0,10,0.867,At Risk
4,3,0.7026,0.7318,0.6145,0.0881,4.8821,74.7,0.9282,Medium,1,6,0.707,On Track
12,9,0.7464,0.6464,0.6151,0.1313,14.6312,35.37,2.0522,Low,0,9,0.586,On Track
10,4,0.4429,0.1955,0.2904,0.1525,13.7727,32.45,1.3241,High,2,10,0.763,On Track
15,6,0.4306,0.5897,0.3417,0.0889,17.5583,50.56,0.8352,Medium,1,10,0.929,On Track
24,15,0.6335,0.5882,0.6342,-0.0007,23.6508,34.63,1.7779,Medium,1,1,0.776,On Track
16,9,0.5379,0.254,0.5558,-0.0179,16.1928,54.24,0.9738,Low,0,8,0.353,On Track
20,10,0.4792,0.5227,0.4043,0.0749,24.7358,79.51,0.5952,High,2,11,0.81,At Risk
21,15,0.7338,0.5406,0.8115,-0.0777,18.4843,62.37,1.1581,Medium,1,3,0.715,At Risk
22,15,0.682,0.7266,0.7743,-0.0923,19.3722,45.55,1.4651,High,2,12,0.81,At Risk
18,14,0.7628,0.9718,0.5593,0.2035,25.0302,77.96,0.966,Medium,1,5,0.509,On Track
23,14,0.5889,0.6559,0.3381,0.2508,41.4064,39.23,1.4639,Medium,1,9,0.706,On Track
4,1,0.2317,0.1659,0.5188,-0.2871,1.9275,34.55,0.6517,Low,0,12,0.719,At Risk
12,4,0.2954,0.3062,0.1617,0.1337,24.7348,60.12,0.4833,Low,0,11,0.766,At Risk
3,0,0.1588,0.3447,0.315,-0.1562,0.0,17.24,0.8708,Low,0,3,0.55,At Risk
13,8,0.6179,0.566,0.5128,0.1051,15.6009,23.04,2.5702,Medium,1,12,0.776,On Track
25,10,0.4116,0.3925,0.3328,0.0789,30.0516,67.24,0.6032,High,2,1,0.681,At Risk
10,2,0.1919,0.0,0.174,0.0179,11.4976,3.0,4.7973,Low,0,1,0.865,On Track
23,10,0.4494,0.6635,0.5502,-0.1008,18.1754,38.78,1.1296,High,2,3,0.677,At Risk
11,1,0.1228,0.1725,0.2187,-0.0959,4.572,50.42,0.2388,Low,0,4,0.88,At Risk
15,12,0.8142,1.0,0.7773,0.0368,15.4375,103.21,0.7813,Medium,1,4,0.907,At Risk
25,7,0.2933,0.0,0.3684,-0.0751,18.9998,8.11,3.2213,High,2,12,0.671,At Risk
19,12,0.6361,0.5337,0.7117,-0.0755,16.8614,71.46,0.8779,High,2,10,0.79,At Risk
13,9,0.6896,0.7488,0.7229,-0.0333,12.4498,55.21,1.227,Medium,1,10,0.54,On Track
21,16,0.7668,0.6227,0.3821,0.3847,41.8725,56.06,1.3439,Medium,1,3,0.676,On Track
6,5,0.7614,0.6489,0.6433,0.1181,7.7722,3.0,19.0346,Medium,1,4,0.663,On Track
17,3,0.1775,0.2954,0.4016,-0.2241,7.47,85.72,0.2047,Medium,1,9,0.803,Delayed
15,11,0.7208,0.7271,0.6525,0.0683,16.859,61.88,1.1463,Medium,1,6,0.518,On Track
7,2,0.3556,0.5157,0.2344,0.1211,8.5318,75.26,0.4662,High,2,8,0.768,At Risk
8,8,0.9827,1.0,0.747,0.2357,10.7095,55.43,1.7414,Medium,1,9,0.893,On Track
12,4,0.3713,0.5019,0.5628,-0.1916,7.107,25.18,1.4181,Medium,1,6,0.892,At Risk
3,1,0.4115,0.304,0.2486,0.1628,4.0217,61.58,0.6575,High,2,9,0.948,At Risk
11,10,0.9508,1.0,0.8712,0.0796,11.4779,52.23,1.7862,Medium,1,8,0.701,On Track
4,3,0.6292,0.9179,0.591,0.0383,5.0763,73.24,0.8476,Medium,1,2,0.923,On Track
8,6,0.7177,0.5649,0.6461,0.0716,9.2858,50.16,1.403,Medium,1,1,0.841,On Track
15,13,0.8357,0.6648,0.868,-0.0323,14.9772,77.26,1.0679,High,2,9,0.57,On Track
24,16,0.677,0.591,0.8019,-0.1249,19.9526,27.57,2.3696,Medium,1,12,0.717,At Risk
5,3,0.6012,0.5059,0.6431,-0.0419,4.6645,3.0,15.0306,Low,0,6,0.52,On Track
13,5,0.4199,0.1972,0.2854,0.1345,17.5194,69.38,0.5966,Medium,1,2,0.903,At Risk
7,6,0.8137,0.6331,0.6599,0.1538,9.0919,82.93,0.9696,Medium,1,7,0.731,On Track
7,3,0.3719,0.0,0.2208,0.1511,13.5851,50.24,0.7259,High,2,5,0.583,At Risk
20,13,0.6416,0.8491,0.6828,-0.0412,19.0392,52.48,1.1997,High,2,12,0.655,On Track
4,4,0.9835,1.0,0.7079,0.2756,5.6503,36.79,2.6026,High,2,10,0.867,Excellent
6,5,0.7931,0.9041,0.9178,-0.1247,5.4479,37.9,2.0385,Medium,1,8,0.731,At Risk
19,15,0.8113,0.781,0.8873,-0.076,16.9048,83.8,0.9567,Medium,1,3,0.532,At Risk
18,10,0.5685,0.3838,0.5996,-0.0311,16.6777,67.66,0.828,High,2,2,0.658,On Track
9,8,0.8488,0.5399,0.6247,0.2242,12.8067,73.49,1.1395,Medium,1,3,0.335,On Track
12,4,0.306,0.3239,0.5068,-0.2008,7.8919,30.54,0.9704,High,2,4,0.67,At Risk
3,2,0.7673,0.8768,0.8759,-0.1086,2.2834,74.41,1.0174,Low,0,1,0.448,At Risk
11,1,0.048,0.0,0.2483,-0.2003,4.0276,62.59,0.0755,High,2,2,0.587,At Risk
8,1,0.1623,0.119,0.3161,-0.1538,3.1639,50.27,0.3165,High,2,8,0.833,At Risk
23,10,0.4458,0.5266,0.6064,-0.1606,16.4895,47.81,0.9133,Medium,1,9,0.25,At Risk
13,6,0.4379,0.1435,0.3532,0.0847,16.9856,21.5,1.9464,High,2,3,0.871,On Track
8,1,0.1504,0.4177,0.3396,-0.1892,2.9447,36.05,0.4061,Low,0,6,0.673,At Risk
25,5,0.1971,0.3373,0.4543,-0.2572,11.0059,56.35,0.3437,Medium,1,11,0.777,At Risk
15,3,0.1887,0.0,0.1682,0.0205,17.8321,67.32,0.2762,Medium,1,11,0.626,At Risk
7,5,0.6565,0.4995,0.7249,-0.0685,6.8973,21.88,2.8689,Low,0,11,0.833,At Risk
21,11,0.5342,0.7464,0.4649,0.0693,23.659,58.95,0.8912,Low,0,8,0.872,On Track
11,7,0.6242,0.7713,0.622,0.0022,11.2547,68.15,0.9026,Medium,1,5,0.728,On Track
22,10,0.4713,0.9128,0.5653,-0.094,17.6888,72.94,0.6374,Medium,1,9,0.42,At Risk
8,3,0.3402,0.4995,0.3358,0.0045,8.9351,45.62,0.7299,Low,0,3,0.685,At Risk
22,6,0.2836,0.4138,0.5331,-0.2494,11.2558,46.16,0.6014,High,2,6,0.755,At Risk
7,3,0.4673,0.3067,0.6038,-0.1366,4.9683,47.21,0.9693,High,2,4,0.693,At Risk
25,11,0.4434,0.518,0.3435,0.0999,32.0219,42.65,1.0157,Medium,1,12,0.711,On Track
3,1,0.2833,0.4334,0.4401,-0.1568,2.2722,35.6,0.7742,Low,0,11,0.612,At Risk
6,3,0.5087,0.3913,0.2773,0.2314,10.8179,49.92,0.9991,High,2,4,0.694,On Track
12,4,0.3736,0.2798,0.7937,-0.4202,5.0395,51.71,0.7087,Medium,1,1,0.526,At Risk
12,7,0.6085,0.8421,0.5957,0.0127,11.7505,31.72,1.8595,Low,0,6,0.816,On Track
6,4,0.676,0.5809,0.4016,0.2743,9.9594,9.57,6.3925,High,2,12,0.934,On Track
12,1,0.0565,0.1602,0.1495,-0.0931,6.6884,59.64,0.0931,High,2,11,0.785,At Risk
17,13,0.7719,0.7223,0.7151,0.0568,18.18,43.95,1.7172,Medium,1,9,0.983,On Track
8,5,0.6055,0.7106,0.3046,0.3009,16.4154,50.04,1.1864,Medium,1,8,0.611,On Track
6,1,0.1283,0.0,0.1111,0.0172,8.9998,42.34,0.296,Low,0,2,0.725,At Risk
14,8,0.5796,0.0973,0.4154,0.1642,19.2597,54.72,1.0403,Medium,1,7,0.977,On Track
8,6,0.7406,0.6225,0.9167,-0.1761,6.545,19.97,3.5313,Low,0,3,0.853,At Risk
9,7,0.8059,1.0,0.8147,-0.0088,8.5921,100.06,0.7975,Medium,1,2,0.776,At Risk
3,1,0.342,0.2541,0.4437,-0.1017,2.2538,53.59,0.6264,Low,0,2,0.754,At Risk
24,13,0.5326,0.4635,0.6018,-0.0693,21.6013,57.52,0.91,High,2,7,0.707,At Risk
5,3,0.6355,0.5331,0.5187,0.1168,5.7834,61.19,1.0218,Medium,1,3,0.733,On Track
10,7,0.683,0.7388,0.7423,-0.0593,9.4302,26.0,2.5292,Medium,1,8,0.926,At Risk
24,15,0.6126,0.6174,0.7009,-0.0883,21.4008,37.58,1.5878,High,2,1,0.455,At Risk
16,4,0.2443,0.1356,0.2059,0.0384,19.4283,65.8,0.3657,Medium,1,11,0.633,At Risk
17,8,0.4552,0.493,0.5895,-0.1344,13.57,25.89,1.6928,Low,0,2,0.703,At Risk
3,2,0.6582,0.7193,0.5576,0.1007,3.5868,41.03,1.5663,Medium,1,7,0.795,On Track
13,4,0.318,0.3273,0.4282,-0.1103,9.3404,23.43,1.3016,Low,0,4,0.387,At Risk
10,3,0.2992,0.2792,0.2106,0.0887,14.2481,58.19,0.5055,Low,0,10,0.702,At Risk
16,5,0.3254,0.2852,0.616,-0.2906,8.117,71.79,0.4471,Low,0,12,0.876,Delayed
14,2,0.1719,0.136,0.2779,-0.106,7.1965,54.16,0.3116,Medium,1,8,0.66,At Risk
20,13,0.6414,0.7606,0.5501,0.0913,23.6307,69.25,0.9131,Low,0,6,0.777,On Track
25,7,0.2621,0.2907,0.3145,-0.0524,22.2553,18.76,1.3267,High,2,3,0.725,At Risk
15,4,0.2665,0.2117,0.3795,-0.113,10.5408,27.53,0.9341,Low,0,2,0.535,At Risk
12,8,0.6405,0.4162,0.5853,0.0552,13.6685,89.59,0.707,Medium,1,7,0.766,At Risk
12,5,0.4311,0.1407,0.2745,0.1566,18.2157,41.92,1.0044,Medium,1,5,0.679,On Track
6,5,0.7953,0.8625,0.8443,-0.0489,5.9223,41.06,1.8911,Medium,1,4,0.351,On Track
16,3,0.2089,0.3657,0.3942,-0.1853,7.6107,6.11,2.9379,Low,0,6,0.744,At Risk
17,16,0.9521,0.9894,0.8295,0.1226,19.2895,21.83,4.1713,Medium,1,5,0.572,Excellent
9,7,0.7956,0.7382,0.7606,0.035,9.2034,85.9,0.9155,High,2,11,0.716,On Track
18,11,0.615,0.5025,0.6668,-0.0517,16.4974,59.83,1.0112,Medium,1,5,0.88,At Risk
15,8,0.5392,0.6216,0.441,0.0982,18.1423,30.25,1.7254,High,2,10,0.829,On Track
5,1,0.2999,0.4305,0.2303,0.0696,4.342,59.54,0.4954,Low,0,2,0.851,At Risk
17,11,0.6421,0.5641,0.6005,0.0415,18.3166,43.49,1.4432,Medium,1,2,0.787,On Track
21,5,0.2297,0.5569,0.1919,0.0378,26.0535,28.33,0.7832,Medium,1,8,0.535,At Risk
16,0,0.0,0.0945,0.0735,-0.0735,0.0,13.85,0.0,Medium,1,5,0.922,At Risk
18,12,0.6714,0.8562,0.78,-0.1087,15.3838,62.56,1.0562,High,2,5,0.821,At Risk
15,3,0.2209,0.0321,0.2155,0.0054,13.9218,70.33,0.3096,High,2,2,0.362,At Risk
10,6,0.5842,0.5056,0.423,0.1611,14.1831,14.49,3.7721,Low,0,9,0.416,On Track
25,7,0.262,0.3601,0.47,-0.2079,14.8941,50.11,0.5127,High,2,11,0.948,At Risk
8,5,0.6585,0.68,0.466,0.1926,10.7306,7.28,7.9484,Low,0,9,0.632,On Track
16,10,0.6169,0.5874,0.6658,-0.0489,15.0195,24.74,2.3968,Medium,1,4,0.578,On Track
3,2,0.7095,0.8904,0.6124,0.0972,3.266,27.97,2.4494,Medium,1,8,0.643,On Track
15,12,0.8062,0.6928,0.7412,0.065,16.1891,72.52,1.0966,Low,0,6,0.639,On Track
15,6,0.3925,0.4695,0.3583,0.0343,16.7476,3.0,9.8135,High,2,11,0.355,On Track
6,2,0.2884,0.1311,0.3122,-0.0238,6.4055,12.86,2.0803,Low,0,9,0.843,On Track
23,21,0.9317,0.9419,0.9525,-0.0208,22.0477,75.01,1.2258,Medium,1,12,0.832,On Track
5,1,0.2828,0.2218,0.1277,0.1551,7.8325,18.97,1.4161,Low,0,7,0.458,On Track
24,17,0.6897,0.5502,0.6636,0.0261,25.6179,72.93,0.9329,Medium,1,3,0.766,On Track
12,8,0.6633,0.6317,0.5608,0.1025,14.2649,38.48,1.68,High,2,7,0.866,On Track
19,13,0.6831,0.916,0.7243,-0.0411,17.9495,55.49,1.2092,High,2,3,0.538,On Track
12,5,0.4085,0.4141,0.621,-0.2125,8.0515,50.4,0.7947,High,2,6,0.819,At Risk
17,12,0.6846,0.6295,0.8358,-0.1512,14.3575,83.99,0.8055,Medium,1,8,0.661,At Risk
12,2,0.1835,0.4538,0.3538,-0.1702,5.6534,42.29,0.424,Low,0,10,0.476,At Risk
18,10,0.5765,0.4495,0.6126,-0.0361,16.3237,37.17,1.5104,High,2,10,0.837,On Track
22,5,0.2449,0.3221,0.1374,0.1075,36.3819,52.25,0.46,High,2,3,0.682,At Risk
8,3,0.3388,0.2283,0.2148,0.124,13.9666,22.87,1.4191,Medium,1,5,0.773,On Track
23,9,0.3808,0.3604,0.4084,-0.0277,22.0356,31.94,1.1561,High,2,9,0.711,On Track
3,2,0.5742,0.4438,0.6836,-0.1094,2.9257,3.0,14.3543,Medium,1,7,0.948,At Risk
25,16,0.6426,0.5027,0.7664,-0.1238,20.8781,35.77,1.7473,High,2,1,0.623,At Risk
11,6,0.5774,0.4946,0.6123,-0.0349,9.7994,53.1,1.0673,High,2,9,0.727,On Track
18,11,0.6296,0.4838,0.5667,0.0629,19.4108,63.46,0.9767,Medium,1,6,0.816,On Track
9,7,0.7999,0.7799,0.7652,0.0347,9.148,95.87,0.8258,Medium,1,7,0.561,On Track
3,2,0.5972,0.7637,0.6477,-0.0505,3.0878,49.57,1.1811,Medium,1,8,0.576,At Risk
16,7,0.4117,0.4258,0.4497,-0.038,15.5667,35.2,1.1372,Low,0,12,0.565,On Track
9,5,0.5429,0.4849,0.4153,0.1276,12.0395,26.08,2.0046,Medium,1,12,0.657,On Track
24,16,0.6592,0.7156,0.5363,0.1229,29.8352,41.95,1.5348,Medium,1,12,0.683,On Track
5,3,0.502,0.4814,0.6768,-0.1748,4.4328,46.69,1.0527,Low,0,2,0.46,At Risk
23,17,0.7471,0.7215,0.781,-0.0339,21.7678,79.64,0.9265,Medium,1,4,0.476,On Track
12,1,0.0808,0.0,0.335,-0.2542,2.9848,19.89,0.3867,Low,0,7,0.794,At Risk
9,4,0.4851,0.7496,0.5503,-0.0652,7.2689,76.4,0.6268,Medium,1,7,0.612,At Risk
14,10,0.6871,0.5123,0.5788,0.1083,17.2758,57.33,1.1781,Low,0,10,0.589,On Track
24,15,0.6116,0.5373,0.4921,0.1195,30.4834,57.46,1.0461,Medium,1,11,0.564,On Track
17,0,0.0,0.0,0.0787,-0.0787,0.0,48.77,0.0,Medium,1,11,0.889,At Risk
16,13,0.7918,0.9898,0.6464,0.1454,20.1113,52.76,1.4729,High,2,6,0.873,On Track
15,7,0.4746,0.391,0.6039,-0.1294,11.5906,56.46,0.8259,High,2,2,0.586,At Risk
10,6,0.5642,0.6928,0.4276,0.1366,14.0321,89.13,0.626,Medium,1,2,0.9,At Risk
12,8,0.6765,0.6867,0.7667,-0.0902,10.4346,46.16,1.4345,Low,0,9,0.418,At Risk
6,1,0.155,0.1172,0.2835,-0.1285,3.5272,32.92,0.457,Medium,1,10,0.819,At Risk
17,8,0.4711,0.3934,0.4929,-0.0217,16.231,7.7,5.4132,High,2,7,0.617,On Track
24,16,0.66,0.5613,0.5176,0.1425,30.9148,20.12,3.1244,Medium,1,6,0.63,On Track
21,9,0.4503,0.3722,0.4825,-0.0321,18.6537,27.23,1.5954,High,2,7,0.925,On Track
23,20,0.8792,0.9372,0.9442,-0.065,21.1829,13.6,6.0231,Medium,1,3,0.741,At Risk
10,9,0.8566,1.0,0.8882,-0.0316,10.1325,73.54,1.1492,High,2,11,0.839,On Track
21,9,0.4277,0.0833,0.2986,0.1291,30.1425,16.9,2.3893,High,2,9,0.895,On Track
20,11,0.5645,0.4208,0.3085,0.256,35.6588,3.44,12.7263,Medium,1,7,0.421,On Track
13,6,0.4532,0.6306,0.4253,0.0279,14.1073,7.36,5.4198,Medium,1,5,0.522,On Track
15,5,0.3435,0.2364,0.4788,-0.1353,10.4427,25.44,1.2992,Low,0,6,0.696,At Risk
18,4,0.243,0.0323,0.2442,-0.0012,16.3787,55.74,0.4284,Low,0,12,0.59,At Risk
17,3,0.1675,0.41,0.1404,0.0271,21.3644,30.17,0.5374,High,2,1,0.771,At Risk
18,10,0.5313,0.6953,0.6153,-0.084,16.2516,58.91,0.8867,High,2,10,0.63,At Risk
19,9,0.493,0.4283,0.459,0.0341,19.6093,45.52,1.0599,Low,0,4,0.95,On Track
24,5,0.2132,0.2554,0.1521,0.0611,32.8645,40.07,0.5192,Medium,1,1,0.53,At Risk
8,4,0.458,0.4991,0.4068,0.0513,9.8335,59.08,0.7624,Medium,1,1,0.706,At Risk
14,11,0.7503,0.6125,0.6561,0.0942,16.7655,41.92,1.7483,High,2,5,0.655,On Track
5,3,0.6219,0.6127,0.24,0.382,12.5025,59.02,1.0362,High,2,4,0.449,On Track
10,10,0.99,1.0,0.7863,0.2037,12.7173,29.62,3.2328,High,2,8,0.78,Excellent
12,6,0.4631,0.445,0.4171,0.046,14.3862,57.63,0.7898,Medium,1,8,0.639,At Risk
20,11,0.5287,0.6833,0.2016,0.3272,54.5767,37.18,1.3847,High,2,7,0.708,On Track
20,12,0.5829,0.6999,0.2694,0.3135,44.5434,34.91,1.6232,High,2,2,0.781,On Track
4,1,0.3225,0.3111,0.5761,-0.2536,1.7357,5.25,5.162,Medium,1,12,0.867,At Risk
5,4,0.7465,0.7113,0.5179,0.2285,7.723,22.59,3.1644,High,2,3,0.274,On Track
24,15,0.6311,0.8606,0.7907,-0.1595,18.9713,73.25,0.85,Medium,1,4,0.647,At Risk
25,2,0.0903,0.1516,0.2453,-0.155,8.1543,47.38,0.1866,Medium,1,2,0.455,At Risk
15,8,0.5487,0.5815,0.5703,-0.0216,14.0268,5.76,8.1149,High,2,3,0.776,On Track
